generation,size,female_size,fertile_female_size,rate_dr,rate_has_drive,drive_efficiency,drop_ratio,low_density_growth_rate,density_growth_curve
1,78430,49263,49263,0.0,0.0,0.9,4.0,6.0,convex
2,78283,49168,49168,0.0,0.0,0.9,4.0,6.0,convex
3,83174,51928,51928,0.0,0.0,0.9,4.0,6.0,convex
4,82274,51980,51980,0.0,0.0,0.9,4.0,6.0,convex
5,71868,47085,47085,0.0,0.0,0.9,4.0,6.0,convex
6,73393,47749,47749,0.0,0.0,0.9,4.0,6.0,convex
7,85802,53258,53258,0.0,0.0,0.9,4.0,6.0,convex
8,83697,52029,52029,0.0,0.0,0.9,4.0,6.0,convex
9,67208,44454,44454,0.0,0.0,0.9,4.0,6.0,convex
10,74269,48082,48082,0.0,0.0,0.9,4.0,6.0,convex
11,94956,57988,57988,0.0,0.0,0.9,4.0,6.0,convex
12,103866,50462,50462,0.23203,0.23203,0.9,4.0,6.0,convex
13,84778,35599,35599,0.320004,0.385385,0.9,4.0,6.0,convex
14,110158,42824,42824,0.3161,0.407024,0.9,4.0,6.0,convex
15,125764,45973,45973,0.338307,0.454608,0.9,4.0,6.0,convex
16,119956,39666,39666,0.377008,0.523088,0.9,4.0,6.0,convex
17,108098,33354,33354,0.417723,0.614375,0.9,4.0,6.0,convex
18,112936,31005,31005,0.441014,0.6656,0.9,4.0,6.0,convex
19,115084,27544,27544,0.458071,0.704821,0.9,4.0,6.0,convex
20,113766,22738,22738,0.476649,0.741338,0.9,4.0,6.0,convex
21,111694,19908,19908,0.495125,0.771585,0.9,4.0,6.0,convex
22,108620,17553,17553,0.511591,0.796062,0.9,4.0,6.0,convex
23,104323,15230,15230,0.52784,0.818427,0.9,4.0,6.0,convex
24,98595,12756,12756,0.546905,0.840733,0.9,4.0,6.0,convex
25,92330,10582,10582,0.565815,0.857797,0.9,4.0,6.0,convex
26,85997,8736,8736,0.587676,0.874666,0.9,4.0,6.0,convex
27,79331,6923,6923,0.613667,0.890044,0.9,4.0,6.0,convex
28,73072,5428,5428,0.641135,0.904147,0.9,4.0,6.0,convex
29,66552,4207,4207,0.671914,0.917812,0.9,4.0,6.0,convex
30,60684,3164,3164,0.707659,0.931151,0.9,4.0,6.0,convex
31,55311,2371,2371,0.746186,0.943327,0.9,4.0,6.0,convex
32,50748,1723,1723,0.784506,0.956159,0.9,4.0,6.0,convex
33,47065,1164,1164,0.823514,0.967094,0.9,4.0,6.0,convex
34,44009,740,740,0.863007,0.977648,0.9,4.0,6.0,convex
35,41995,466,466,0.901831,0.985371,0.9,4.0,6.0,convex
36,39873,268,268,0.930821,0.991182,0.9,4.0,6.0,convex
37,38382,149,149,0.955017,0.995197,0.9,4.0,6.0,convex
38,37536,71,71,0.973025,0.997689,0.9,4.0,6.0,convex
39,36960,34,34,0.985454,0.99887,0.9,4.0,6.0,convex
40,36422,12,12,0.993083,0.999617,0.9,4.0,6.0,convex
41,36127,7,7,0.996365,0.999779,0.9,4.0,6.0,convex
42,36173,3,3,0.998328,0.999889,0.9,4.0,6.0,convex
43,36127,1,1,0.999336,0.999972,0.9,4.0,6.0,convex
44,36273,0,0,0.999752,1.0,0.9,4.0,6.0,convex

