generation,size,female_size,fertile_female_size,rate_dr,rate_has_drive,drive_efficiency,drop_ratio,low_density_growth_rate,density_growth_curve
1,78275,49422,49422,0.0,0.0,0.9,5.0,6.0,convex
2,78278,49646,49646,0.0,0.0,0.9,5.0,6.0,convex
3,80204,50722,50722,0.0,0.0,0.9,5.0,6.0,convex
4,79845,50749,50749,0.0,0.0,0.9,5.0,6.0,convex
5,73962,47832,47832,0.0,0.0,0.9,5.0,6.0,convex
6,78312,49881,49881,0.0,0.0,0.9,5.0,6.0,convex
7,84201,52534,52534,0.0,0.0,0.9,5.0,6.0,convex
8,78449,49835,49835,0.0,0.0,0.9,5.0,6.0,convex
9,68825,45352,45352,0.0,0.0,0.9,5.0,6.0,convex
10,81637,51668,51668,0.0,0.0,0.9,5.0,6.0,convex
11,90917,55693,55693,0.0,0.0,0.9,5.0,6.0,convex
12,99902,45609,45609,0.267163,0.283806,0.9,5.0,6.0,convex
13,104174,39626,39626,0.345761,0.406348,0.9,5.0,6.0,convex
14,125783,45574,45574,0.355425,0.445059,0.9,5.0,6.0,convex
15,131967,43816,43816,0.387434,0.501645,0.9,5.0,6.0,convex
16,121560,36398,36398,0.427455,0.588935,0.9,5.0,6.0,convex
17,119335,31977,31977,0.463718,0.667258,0.9,5.0,6.0,convex
18,122129,28255,28255,0.485342,0.716452,0.9,5.0,6.0,convex
19,122998,23878,23878,0.504451,0.756482,0.9,5.0,6.0,convex
20,120615,19410,19410,0.525651,0.792218,0.9,5.0,6.0,convex
21,117094,16563,16563,0.544608,0.818087,0.9,5.0,6.0,convex
22,111879,14162,14162,0.563048,0.841862,0.9,5.0,6.0,convex
23,105617,11547,11547,0.584625,0.863355,0.9,5.0,6.0,convex
24,99415,9329,9329,0.610216,0.882923,0.9,5.0,6.0,convex
25,91417,7361,7361,0.634756,0.898249,0.9,5.0,6.0,convex
26,84383,5697,5697,0.665,0.913666,0.9,5.0,6.0,convex
27,77132,4211,4211,0.698005,0.927783,0.9,5.0,6.0,convex
28,71046,3093,3093,0.735785,0.941851,0.9,5.0,6.0,convex
29,64849,2273,2273,0.773833,0.954475,0.9,5.0,6.0,convex
30,60094,1589,1589,0.814596,0.965609,0.9,5.0,6.0,convex
31,55983,1070,1070,0.854847,0.975167,0.9,5.0,6.0,convex
32,52988,697,697,0.891661,0.982401,0.9,5.0,6.0,convex
33,50593,440,440,0.922934,0.988534,0.9,5.0,6.0,convex
34,48856,272,272,0.946804,0.992938,0.9,5.0,6.0,convex
35,47515,156,156,0.96455,0.995895,0.9,5.0,6.0,convex
36,46436,94,94,0.977895,0.997443,0.9,5.0,6.0,convex
37,45790,59,59,0.986033,0.998418,0.9,5.0,6.0,convex
38,45633,28,28,0.991581,0.999215,0.9,5.0,6.0,convex
39,45353,9,9,0.995718,0.999736,0.9,5.0,6.0,convex
40,45314,7,7,0.997761,0.999801,0.9,5.0,6.0,convex
41,45245,2,2,0.999138,0.999956,0.9,5.0,6.0,convex
42,45192,0,0,0.999779,1.0,0.9,5.0,6.0,convex

