generation,size,female_size,fertile_female_size,rate_dr,rate_has_drive,drive_efficiency,drop_ratio,low_density_growth_rate,density_growth_curve
1,78266,48904,48904,0.0,0.0,1.0,4.25,6.0,convex
2,78127,49211,49211,0.0,0.0,1.0,4.25,6.0,convex
3,80486,50422,50422,0.0,0.0,1.0,4.25,6.0,convex
4,80558,50840,50840,0.0,0.0,1.0,4.25,6.0,convex
5,77816,49691,49691,0.0,0.0,1.0,4.25,6.0,convex
6,76440,49150,49150,0.0,0.0,1.0,4.25,6.0,convex
7,78742,49947,49947,0.0,0.0,1.0,4.25,6.0,convex
8,81324,51005,51005,0.0,0.0,1.0,4.25,6.0,convex
9,78940,49925,49925,0.0,0.0,1.0,4.25,6.0,convex
10,75774,48598,48598,0.0,0.0,1.0,4.25,6.0,convex
11,80519,51205,51205,0.0,0.0,1.0,4.25,6.0,convex
12,106462,51130,51130,0.215629,0.23381,1.0,4.25,6.0,convex
13,111403,45865,45865,0.322268,0.368486,1.0,4.25,6.0,convex
14,106170,41000,41000,0.351093,0.451012,1.0,4.25,6.0,convex
15,114707,39757,39757,0.378502,0.516215,1.0,4.25,6.0,convex
16,116705,35752,35752,0.408898,0.587425,1.0,4.25,6.0,convex
17,117043,31179,31179,0.438616,0.653229,1.0,4.25,6.0,convex
18,116670,27176,27176,0.465735,0.708348,1.0,4.25,6.0,convex
19,116446,24000,24000,0.484963,0.74781,1.0,4.25,6.0,convex
20,114791,20793,20793,0.502711,0.779173,1.0,4.25,6.0,convex
21,110885,17292,17292,0.52319,0.811159,1.0,4.25,6.0,convex
22,106493,14369,14369,0.543951,0.837899,1.0,4.25,6.0,convex
23,99728,11501,11501,0.566642,0.862045,1.0,4.25,6.0,convex
24,92435,9111,9111,0.590812,0.881139,1.0,4.25,6.0,convex
25,84531,6924,6924,0.620064,0.900434,1.0,4.25,6.0,convex
26,76746,5219,5219,0.652689,0.917479,1.0,4.25,6.0,convex
27,68613,3796,3796,0.687602,0.932335,1.0,4.25,6.0,convex
28,61933,2632,2632,0.730245,0.947473,1.0,4.25,6.0,convex
29,55869,1780,1780,0.775322,0.959941,1.0,4.25,6.0,convex
30,50964,1159,1159,0.821308,0.971209,1.0,4.25,6.0,convex
31,47021,737,737,0.865276,0.979934,1.0,4.25,6.0,convex
32,44094,460,460,0.90262,0.987444,1.0,4.25,6.0,convex
33,42301,252,252,0.932569,0.992786,1.0,4.25,6.0,convex
34,41022,148,148,0.955792,0.99552,1.0,4.25,6.0,convex
35,39676,80,80,0.973283,0.997185,1.0,4.25,6.0,convex
36,39193,49,49,0.984445,0.998303,1.0,4.25,6.0,convex
37,39052,26,26,0.991619,0.999056,1.0,4.25,6.0,convex
38,38556,15,15,0.995367,0.999431,1.0,4.25,6.0,convex
39,38266,11,11,0.99752,0.999713,1.0,4.25,6.0,convex
40,38372,5,5,0.99801,0.99987,1.0,4.25,6.0,convex
41,38521,1,1,0.999027,0.999974,1.0,4.25,6.0,convex
42,38333,0,0,0.999622,1.0,1.0,4.25,6.0,convex

