generation,size,female_size,fertile_female_size,rate_dr,rate_has_drive,drive_efficiency,drop_ratio,low_density_growth_rate,density_growth_curve
1,78240,49318,49318,0.0,0.0,0.9,4.0,6.0,convex
2,77968,49179,49179,0.0,0.0,0.9,4.0,6.0,convex
3,82519,51684,51684,0.0,0.0,0.9,4.0,6.0,convex
4,80490,50941,50941,0.0,0.0,0.9,4.0,6.0,convex
5,73021,47373,47373,0.0,0.0,0.9,4.0,6.0,convex
6,78140,49914,49914,0.0,0.0,0.9,4.0,6.0,convex
7,85998,53595,53595,0.0,0.0,0.9,4.0,6.0,convex
8,77006,49201,49201,0.0,0.0,0.9,4.0,6.0,convex
9,65594,43834,43834,0.0,0.0,0.9,4.0,6.0,convex
10,83213,52251,52251,0.0,0.0,0.9,4.0,6.0,convex
11,93341,57114,57114,0.0,0.0,0.9,4.0,6.0,convex
12,91272,44360,44360,0.234125,0.248651,0.9,4.0,6.0,convex
13,91512,38257,38257,0.297322,0.353422,0.9,4.0,6.0,convex
14,119288,47711,47711,0.302723,0.385402,0.9,4.0,6.0,convex
15,127855,47113,47113,0.335476,0.431888,0.9,4.0,6.0,convex
16,110067,37541,37541,0.383438,0.53499,0.9,4.0,6.0,convex
17,108056,33399,33399,0.420409,0.616084,0.9,4.0,6.0,convex
18,112943,30930,30930,0.440803,0.665921,0.9,4.0,6.0,convex
19,115679,26451,26451,0.459208,0.707113,0.9,4.0,6.0,convex
20,113430,22224,22224,0.479291,0.745258,0.9,4.0,6.0,convex
21,111640,19744,19744,0.495338,0.772682,0.9,4.0,6.0,convex
22,108619,17650,17650,0.512019,0.797072,0.9,4.0,6.0,convex
23,103520,15013,15013,0.530194,0.822188,0.9,4.0,6.0,convex
24,98274,12513,12513,0.548614,0.842796,0.9,4.0,6.0,convex
25,92562,10409,10409,0.569391,0.861946,0.9,4.0,6.0,convex
26,85744,8289,8289,0.591878,0.878205,0.9,4.0,6.0,convex
27,78589,6629,6629,0.617215,0.893205,0.9,4.0,6.0,convex
28,71759,5271,5271,0.646585,0.907769,0.9,4.0,6.0,convex
29,65387,4026,4026,0.67759,0.921613,0.9,4.0,6.0,convex
30,60031,3027,3027,0.71375,0.936483,0.9,4.0,6.0,convex
31,54980,2180,2180,0.754084,0.949422,0.9,4.0,6.0,convex
32,50005,1499,1499,0.793797,0.961412,0.9,4.0,6.0,convex
33,46298,1001,1001,0.834418,0.972346,0.9,4.0,6.0,convex
34,43318,627,627,0.873847,0.980764,0.9,4.0,6.0,convex
35,41335,390,390,0.908313,0.986899,0.9,4.0,6.0,convex
36,39589,245,245,0.939662,0.99159,0.9,4.0,6.0,convex
37,38172,144,144,0.958339,0.994859,0.9,4.0,6.0,convex
38,37439,82,82,0.974157,0.996784,0.9,4.0,6.0,convex
39,37000,45,45,0.98519,0.998469,0.9,4.0,6.0,convex
40,36633,24,24,0.992503,0.999265,0.9,4.0,6.0,convex
41,36303,10,10,0.995169,0.999671,0.9,4.0,6.0,convex
42,36243,4,4,0.997794,0.99989,0.9,4.0,6.0,convex
43,36086,3,3,0.998753,0.999917,0.9,4.0,6.0,convex
44,36050,0,0,0.999293,1.0,0.9,4.0,6.0,convex

