generation,size,female_size,fertile_female_size,rate_dr,rate_has_drive,drive_efficiency,drop_ratio,low_density_growth_rate,density_growth_curve
1,78566,49301,49301,0.0,0.0,1.0,4.0,6.0,convex
2,78027,48933,48933,0.0,0.0,1.0,4.0,6.0,convex
3,83071,51681,51681,0.0,0.0,1.0,4.0,6.0,convex
4,82570,51757,51757,0.0,0.0,1.0,4.0,6.0,convex
5,71979,46752,46752,0.0,0.0,1.0,4.0,6.0,convex
6,74448,47876,47876,0.0,0.0,1.0,4.0,6.0,convex
7,88478,54620,54620,0.0,0.0,1.0,4.0,6.0,convex
8,82834,51979,51979,0.0,0.0,1.0,4.0,6.0,convex
9,60461,41329,41329,0.0,0.0,1.0,4.0,6.0,convex
10,75261,48600,48600,0.0,0.0,1.0,4.0,6.0,convex
11,99380,59750,59750,0.0,0.0,1.0,4.0,6.0,convex
12,104385,50328,50328,0.230876,0.230876,1.0,4.0,6.0,convex
13,84314,35502,35502,0.321494,0.384335,1.0,4.0,6.0,convex
14,109040,43105,43105,0.312035,0.398628,1.0,4.0,6.0,convex
15,127255,47231,47231,0.333929,0.443497,1.0,4.0,6.0,convex
16,118961,39605,39605,0.375136,0.51532,1.0,4.0,6.0,convex
17,106860,33171,33171,0.417642,0.613765,1.0,4.0,6.0,convex
18,113221,31189,31189,0.440897,0.663852,1.0,4.0,6.0,convex
19,115582,27770,27770,0.458305,0.70639,1.0,4.0,6.0,convex
20,114240,22832,22832,0.479726,0.747751,1.0,4.0,6.0,convex
21,111156,19296,19296,0.501784,0.784021,1.0,4.0,6.0,convex
22,107886,16584,16584,0.520005,0.810725,1.0,4.0,6.0,convex
23,102388,14063,14063,0.538791,0.834968,1.0,4.0,6.0,convex
24,96486,11368,11368,0.560081,0.858469,1.0,4.0,6.0,convex
25,89199,8961,8961,0.583783,0.877328,1.0,4.0,6.0,convex
26,81463,7017,7017,0.610963,0.896041,1.0,4.0,6.0,convex
27,74168,5351,5351,0.641481,0.911087,1.0,4.0,6.0,convex
28,67103,4025,4025,0.6769,0.927438,1.0,4.0,6.0,convex
29,60594,2872,2872,0.717006,0.942791,1.0,4.0,6.0,convex
30,54650,2000,2000,0.759925,0.955446,1.0,4.0,6.0,convex
31,49914,1279,1279,0.803636,0.968405,1.0,4.0,6.0,convex
32,45986,793,793,0.848016,0.978284,1.0,4.0,6.0,convex
33,42600,478,478,0.890419,0.985801,1.0,4.0,6.0,convex
34,40201,259,259,0.926714,0.991866,1.0,4.0,6.0,convex
35,38673,141,141,0.955202,0.995618,1.0,4.0,6.0,convex
36,37404,79,79,0.972887,0.997572,1.0,4.0,6.0,convex
37,36796,44,44,0.984324,0.998733,1.0,4.0,6.0,convex
38,36503,15,15,0.991041,0.999591,1.0,4.0,6.0,convex
39,36330,5,5,0.99567,0.999863,1.0,4.0,6.0,convex
40,36033,3,3,0.997643,0.999917,1.0,4.0,6.0,convex
41,36154,2,2,0.999046,0.999945,1.0,4.0,6.0,convex
42,35945,0,0,0.999624,1.0,1.0,4.0,6.0,convex

