generation,size,female_size,fertile_female_size,rate_dr,rate_has_drive,drive_efficiency,drop_ratio,low_density_growth_rate,density_growth_curve
1,78008,49050,49050,0.0,0.0,1.0,4.0,6.0,convex
2,77557,48783,48783,0.0,0.0,1.0,4.0,6.0,convex
3,82389,51338,51338,0.0,0.0,1.0,4.0,6.0,convex
4,82150,51691,51691,0.0,0.0,1.0,4.0,6.0,convex
5,76158,49013,49013,0.0,0.0,1.0,4.0,6.0,convex
6,73821,47907,47907,0.0,0.0,1.0,4.0,6.0,convex
7,81597,51485,51485,0.0,0.0,1.0,4.0,6.0,convex
8,83873,52385,52385,0.0,0.0,1.0,4.0,6.0,convex
9,73356,47442,47442,0.0,0.0,1.0,4.0,6.0,convex
10,70480,46082,46082,0.0,0.0,1.0,4.0,6.0,convex
11,86423,53598,53598,0.0,0.0,1.0,4.0,6.0,convex
12,113200,54643,54643,0.205518,0.211485,1.0,4.0,6.0,convex
13,98967,41953,41953,0.327328,0.371604,1.0,4.0,6.0,convex
14,95107,37729,37729,0.340579,0.44445,1.0,4.0,6.0,convex
15,116281,41466,41466,0.356882,0.492063,1.0,4.0,6.0,convex
16,120790,38307,38307,0.385577,0.552625,1.0,4.0,6.0,convex
17,115735,32659,32659,0.420983,0.62623,1.0,4.0,6.0,convex
18,113973,29021,29021,0.447882,0.6833,1.0,4.0,6.0,convex
19,115257,26226,26226,0.466724,0.723116,1.0,4.0,6.0,convex
20,114180,22286,22286,0.487125,0.761279,1.0,4.0,6.0,convex
21,110546,18297,18297,0.506215,0.792531,1.0,4.0,6.0,convex
22,106717,15642,15642,0.526126,0.818366,1.0,4.0,6.0,convex
23,100743,13179,13179,0.544907,0.841765,1.0,4.0,6.0,convex
24,94024,10648,10648,0.566305,0.861664,1.0,4.0,6.0,convex
25,87412,8671,8671,0.589965,0.880616,1.0,4.0,6.0,convex
26,79764,6764,6764,0.616657,0.898454,1.0,4.0,6.0,convex
27,72441,5068,5068,0.647523,0.916574,1.0,4.0,6.0,convex
28,65856,3712,3712,0.683148,0.931741,1.0,4.0,6.0,convex
29,59040,2626,2626,0.725063,0.946791,1.0,4.0,6.0,convex
30,53356,1766,1766,0.769749,0.959907,1.0,4.0,6.0,convex
31,48728,1118,1118,0.817672,0.971864,1.0,4.0,6.0,convex
32,45073,677,677,0.861598,0.982014,1.0,4.0,6.0,convex
33,42000,399,399,0.901523,0.989224,1.0,4.0,6.0,convex
34,39923,199,199,0.935578,0.994213,1.0,4.0,6.0,convex
35,38370,98,98,0.960681,0.996902,1.0,4.0,6.0,convex
36,37436,50,50,0.978183,0.998225,1.0,4.0,6.0,convex
37,36764,26,26,0.988905,0.999025,1.0,4.0,6.0,convex
38,36375,11,11,0.99472,0.999561,1.0,4.0,6.0,convex
39,36083,9,9,0.997038,0.999695,1.0,4.0,6.0,convex
40,36042,5,5,0.998268,0.999861,1.0,4.0,6.0,convex
41,36018,3,3,0.999029,0.999917,1.0,4.0,6.0,convex
42,36226,0,0,0.999572,1.0,1.0,4.0,6.0,convex

