generation,size,female_size,fertile_female_size,rate_dr,rate_has_drive,drive_efficiency,drop_ratio,low_density_growth_rate,density_growth_curve
1,77931,48787,48787,0.0,0.0,0.95,3.0,6.0,linear
2,78020,48982,48982,0.0,0.0,0.95,3.0,6.0,linear
3,80947,50665,50665,0.0,0.0,0.95,3.0,6.0,linear
4,81106,51155,51155,0.0,0.0,0.95,3.0,6.0,linear
5,78373,50016,50016,0.0,0.0,0.95,3.0,6.0,linear
6,76997,49597,49597,0.0,0.0,0.95,3.0,6.0,linear
7,77460,49780,49780,0.0,0.0,0.95,3.0,6.0,linear
8,78979,50187,50187,0.0,0.0,0.95,3.0,6.0,linear
9,79047,50121,50121,0.0,0.0,0.95,3.0,6.0,linear
10,77620,49497,49497,0.0,0.0,0.95,3.0,6.0,linear
11,79317,50448,50448,0.0,0.0,0.95,3.0,6.0,linear
12,96698,50093,50093,0.164314,0.182231,0.95,3.0,6.0,linear
13,102026,47118,47118,0.249009,0.293693,0.95,3.0,6.0,linear
14,99427,43428,43428,0.283446,0.362879,0.95,3.0,6.0,linear
15,97987,39534,39534,0.319987,0.439795,0.95,3.0,6.0,linear
16,97305,35466,35466,0.354468,0.512008,0.95,3.0,6.0,linear
17,96301,31251,31251,0.386203,0.57689,0.95,3.0,6.0,linear
18,95106,27220,27220,0.414553,0.633274,0.95,3.0,6.0,linear
19,93016,23564,23564,0.440111,0.681955,0.95,3.0,6.0,linear
20,90668,20171,20171,0.464,0.722243,0.95,3.0,6.0,linear
21,87143,17171,17171,0.48519,0.755051,0.95,3.0,6.0,linear
22,82752,14523,14523,0.505277,0.785174,0.95,3.0,6.0,linear
23,77813,12048,12048,0.52645,0.809804,0.95,3.0,6.0,linear
24,72620,9905,9905,0.54814,0.833291,0.95,3.0,6.0,linear
25,67438,7980,7980,0.571317,0.854617,0.95,3.0,6.0,linear
26,62231,6279,6279,0.597579,0.875087,0.95,3.0,6.0,linear
27,57177,4873,4873,0.627445,0.89501,0.95,3.0,6.0,linear
28,51752,3665,3665,0.661485,0.912395,0.95,3.0,6.0,linear
29,46514,2673,2673,0.699134,0.930494,0.95,3.0,6.0,linear
30,42347,1844,1844,0.7398,0.945332,0.95,3.0,6.0,linear
31,38664,1263,1263,0.7836,0.959051,0.95,3.0,6.0,linear
32,35610,792,792,0.826667,0.972825,0.95,3.0,6.0,linear
33,33161,502,502,0.869864,0.98163,0.95,3.0,6.0,linear
34,30990,306,306,0.906689,0.987928,0.95,3.0,6.0,linear
35,29682,171,171,0.936618,0.992311,0.95,3.0,6.0,linear
36,28599,116,116,0.960019,0.994951,0.95,3.0,6.0,linear
37,27992,67,67,0.9755,0.997178,0.95,3.0,6.0,linear
38,27606,34,34,0.985609,0.998561,0.95,3.0,6.0,linear
39,27435,18,18,0.992212,0.999238,0.95,3.0,6.0,linear
40,27426,10,10,0.995236,0.999527,0.95,3.0,6.0,linear
41,27405,4,4,0.997432,0.999781,0.95,3.0,6.0,linear
42,27103,0,0,0.998654,0.999963,0.95,3.0,6.0,linear

