generation,size,female_size,fertile_female_size,rate_dr,rate_has_drive,drive_efficiency,drop_ratio,low_density_growth_rate,density_growth_curve
1,78478,49431,49431,0.0,0.0,0.95,2.7,6.0,linear
2,78622,49443,49443,0.0,0.0,0.95,2.7,6.0,linear
3,78442,49575,49575,0.0,0.0,0.95,2.7,6.0,linear
4,79896,50252,50252,0.0,0.0,0.95,2.7,6.0,linear
5,79095,50063,50063,0.0,0.0,0.95,2.7,6.0,linear
6,78140,49849,49849,0.0,0.0,0.95,2.7,6.0,linear
7,77232,49473,49473,0.0,0.0,0.95,2.7,6.0,linear
8,78904,49902,49902,0.0,0.0,0.95,2.7,6.0,linear
9,79344,50033,50033,0.0,0.0,0.95,2.7,6.0,linear
10,78437,49632,49632,0.0,0.0,0.95,2.7,6.0,linear
11,78487,49888,49888,0.0,0.0,0.95,2.7,6.0,linear
12,94672,50027,50027,0.149365,0.167308,0.95,2.7,6.0,linear
13,101850,48296,48296,0.230103,0.272013,0.95,2.7,6.0,linear
14,97046,43761,43761,0.266371,0.343416,0.95,2.7,6.0,linear
15,94267,39627,39627,0.30178,0.418492,0.95,2.7,6.0,linear
16,94297,35767,35767,0.336447,0.4909,0.95,2.7,6.0,linear
17,93996,31686,31686,0.367304,0.5552,0.95,2.7,6.0,linear
18,93208,27940,27940,0.394715,0.611246,0.95,2.7,6.0,linear
19,91482,24425,24425,0.418733,0.658121,0.95,2.7,6.0,linear
20,89413,21434,21434,0.441944,0.698292,0.95,2.7,6.0,linear
21,85568,18375,18375,0.461221,0.730402,0.95,2.7,6.0,linear
22,81595,15704,15704,0.481234,0.759657,0.95,2.7,6.0,linear
23,77079,13233,13233,0.501671,0.786647,0.95,2.7,6.0,linear
24,72455,11007,11007,0.52208,0.810967,0.95,2.7,6.0,linear
25,67515,9200,9200,0.54295,0.831181,0.95,2.7,6.0,linear
26,62474,7492,7492,0.565674,0.851508,0.95,2.7,6.0,linear
27,57258,5966,5966,0.590882,0.872135,0.95,2.7,6.0,linear
28,52502,4562,4562,0.620683,0.892248,0.95,2.7,6.0,linear
29,47677,3460,3460,0.652426,0.909356,0.95,2.7,6.0,linear
30,43174,2593,2593,0.685505,0.923896,0.95,2.7,6.0,linear
31,39212,1868,1868,0.726505,0.940147,0.95,2.7,6.0,linear
32,35676,1279,1279,0.770271,0.955005,0.95,2.7,6.0,linear
33,32781,853,853,0.811018,0.966427,0.95,2.7,6.0,linear
34,30562,582,582,0.852536,0.975622,0.95,2.7,6.0,linear
35,28674,363,363,0.89074,0.98377,0.95,2.7,6.0,linear
36,27249,206,206,0.922151,0.990464,0.95,2.7,6.0,linear
37,26261,111,111,0.948412,0.994453,0.95,2.7,6.0,linear
38,25684,62,62,0.968468,0.99701,0.95,2.7,6.0,linear
39,25169,33,33,0.98149,0.998543,0.95,2.7,6.0,linear
40,24871,17,17,0.989243,0.99924,0.95,2.7,6.0,linear
41,24678,8,8,0.994061,0.999677,0.95,2.7,6.0,linear
42,24408,4,4,0.99742,0.999836,0.95,2.7,6.0,linear
43,24467,0,0,0.998815,1.0,0.95,2.7,6.0,linear

