generation,size,female_size,fertile_female_size,rate_dr,rate_has_drive,drive_efficiency,drop_ratio,low_density_growth_rate,density_growth_curve
1,78121,49076,49076,0.0,0.0,1.0,4.5,6.0,convex
2,78309,49154,49154,0.0,0.0,1.0,4.5,6.0,convex
3,82936,51804,51804,0.0,0.0,1.0,4.5,6.0,convex
4,80880,51238,51238,0.0,0.0,1.0,4.5,6.0,convex
5,74719,48357,48357,0.0,0.0,1.0,4.5,6.0,convex
6,73246,47489,47489,0.0,0.0,1.0,4.5,6.0,convex
7,84357,52561,52561,0.0,0.0,1.0,4.5,6.0,convex
8,86508,53607,53607,0.0,0.0,1.0,4.5,6.0,convex
9,68864,45303,45303,0.0,0.0,1.0,4.5,6.0,convex
10,66589,44306,44306,0.0,0.0,1.0,4.5,6.0,convex
11,91286,55725,55725,0.0,0.0,1.0,4.5,6.0,convex
12,121716,57303,57303,0.221828,0.221828,1.0,4.5,6.0,convex
13,101313,41333,41333,0.362481,0.398937,1.0,4.5,6.0,convex
14,93270,35626,35626,0.367596,0.475092,1.0,4.5,6.0,convex
15,120621,41154,41154,0.378623,0.51325,1.0,4.5,6.0,convex
16,125826,37544,37544,0.406184,0.573557,1.0,4.5,6.0,convex
17,120065,31233,31233,0.442593,0.650636,1.0,4.5,6.0,convex
18,117839,27650,27650,0.470746,0.707829,1.0,4.5,6.0,convex
19,119481,25287,25287,0.488403,0.746178,1.0,4.5,6.0,convex
20,118087,21282,21282,0.507556,0.78103,1.0,4.5,6.0,convex
21,113704,17040,17040,0.528067,0.812563,1.0,4.5,6.0,convex
22,109422,14415,14415,0.548209,0.835555,1.0,4.5,6.0,convex
23,102635,12041,12041,0.56856,0.855939,1.0,4.5,6.0,convex
24,95128,9673,9673,0.592175,0.877877,1.0,4.5,6.0,convex
25,88033,7558,7558,0.619941,0.898834,1.0,4.5,6.0,convex
26,80707,5531,5531,0.650821,0.917242,1.0,4.5,6.0,convex
27,73487,3975,3975,0.687369,0.93404,1.0,4.5,6.0,convex
28,66308,2714,2714,0.730035,0.949547,1.0,4.5,6.0,convex
29,59789,1792,1792,0.775324,0.962395,1.0,4.5,6.0,convex
30,53913,1181,1181,0.82411,0.973216,1.0,4.5,6.0,convex
31,49794,723,723,0.867902,0.981763,1.0,4.5,6.0,convex
32,46863,458,458,0.904818,0.987692,1.0,4.5,6.0,convex
33,44940,280,280,0.934688,0.9921,1.0,4.5,6.0,convex
34,42881,163,163,0.957946,0.995362,1.0,4.5,6.0,convex
35,41949,90,90,0.974253,0.997554,1.0,4.5,6.0,convex
36,41533,50,50,0.985423,0.998732,1.0,4.5,6.0,convex
37,41230,23,23,0.991777,0.999445,1.0,4.5,6.0,convex
38,40797,3,3,0.995608,0.999927,1.0,4.5,6.0,convex
39,40632,1,1,0.997823,0.999975,1.0,4.5,6.0,convex
40,40752,0,0,0.999178,1.0,1.0,4.5,6.0,convex

