generation,size,female_size,fertile_female_size,rate_dr,rate_has_drive,drive_efficiency,drop_ratio,low_density_growth_rate,density_growth_curve
1,77912,48935,48935,0.0,0.0,1.0,2.4,6.0,linear
2,77984,48919,48919,0.0,0.0,1.0,2.4,6.0,linear
3,79917,50197,50197,0.0,0.0,1.0,2.4,6.0,linear
4,80964,51042,51042,0.0,0.0,1.0,2.4,6.0,linear
5,79732,50920,50920,0.0,0.0,1.0,2.4,6.0,linear
6,77444,49839,49839,0.0,0.0,1.0,2.4,6.0,linear
7,76095,48940,48940,0.0,0.0,1.0,2.4,6.0,linear
8,77694,49551,49551,0.0,0.0,1.0,2.4,6.0,linear
9,79442,50353,50353,0.0,0.0,1.0,2.4,6.0,linear
10,79670,50373,50373,0.0,0.0,1.0,2.4,6.0,linear
11,77290,49332,49332,0.0,0.0,1.0,2.4,6.0,linear
12,92623,49895,49895,0.134103,0.149811,1.0,2.4,6.0,linear
13,99261,48702,48702,0.209016,0.247618,1.0,2.4,6.0,linear
14,94066,44369,44369,0.244517,0.317178,1.0,2.4,6.0,linear
15,91132,39878,39878,0.282075,0.39597,1.0,2.4,6.0,linear
16,91787,36316,36316,0.315904,0.466063,1.0,2.4,6.0,linear
17,91959,32698,32698,0.345185,0.528542,1.0,2.4,6.0,linear
18,90864,29005,29005,0.370934,0.582668,1.0,2.4,6.0,linear
19,89918,25978,25978,0.396443,0.630443,1.0,2.4,6.0,linear
20,88035,22966,22966,0.419572,0.672993,1.0,2.4,6.0,linear
21,84903,20127,20127,0.437713,0.704624,1.0,2.4,6.0,linear
22,81522,17361,17361,0.457046,0.73638,1.0,2.4,6.0,linear
23,77623,14814,14814,0.47771,0.766496,1.0,2.4,6.0,linear
24,72902,12278,12278,0.498404,0.793572,1.0,2.4,6.0,linear
25,67464,10112,10112,0.519036,0.816651,1.0,2.4,6.0,linear
26,62270,8260,8260,0.543376,0.841067,1.0,2.4,6.0,linear
27,56849,6474,6474,0.568297,0.863407,1.0,2.4,6.0,linear
28,51796,5044,5044,0.595184,0.8822,1.0,2.4,6.0,linear
29,46777,3823,3823,0.627385,0.903145,1.0,2.4,6.0,linear
30,41965,2773,2773,0.663607,0.923038,1.0,2.4,6.0,linear
31,37506,1910,1910,0.704778,0.938996,1.0,2.4,6.0,linear
32,33664,1291,1291,0.749855,0.954315,1.0,2.4,6.0,linear
33,30378,797,797,0.795479,0.967771,1.0,2.4,6.0,linear
34,27846,493,493,0.847172,0.977988,1.0,2.4,6.0,linear
35,25754,288,288,0.889948,0.985509,1.0,2.4,6.0,linear
36,24235,185,185,0.925527,0.990446,1.0,2.4,6.0,linear
37,23179,102,102,0.950274,0.994389,1.0,2.4,6.0,linear
38,22441,63,63,0.96769,0.996633,1.0,2.4,6.0,linear
39,22212,28,28,0.980255,0.998529,1.0,2.4,6.0,linear
40,21937,15,15,0.988801,0.999273,1.0,2.4,6.0,linear
41,21908,3,3,0.994579,0.999863,1.0,2.4,6.0,linear
42,21915,1,1,0.997652,0.999954,1.0,2.4,6.0,linear
43,21685,0,0,0.999147,1.0,1.0,2.4,6.0,linear

