generation,size,female_size,fertile_female_size,rate_dr,rate_has_drive,drive_efficiency,drop_ratio,low_density_growth_rate,density_growth_curve
1,78160,49221,49221,0.0,0.0,1.0,4.0,6.0,convex
2,78467,49456,49456,0.0,0.0,1.0,4.0,6.0,convex
3,82456,51642,51642,0.0,0.0,1.0,4.0,6.0,convex
4,80479,50864,50864,0.0,0.0,1.0,4.0,6.0,convex
5,71272,46532,46532,0.0,0.0,1.0,4.0,6.0,convex
6,76155,48676,48676,0.0,0.0,1.0,4.0,6.0,convex
7,89381,54866,54866,0.0,0.0,1.0,4.0,6.0,convex
8,83861,52203,52203,0.0,0.0,1.0,4.0,6.0,convex
9,58308,40176,40176,0.0,0.0,1.0,4.0,6.0,convex
10,77010,49132,49132,0.0,0.0,1.0,4.0,6.0,convex
11,100298,60027,60027,0.0,0.0,1.0,4.0,6.0,convex
12,100883,48246,48246,0.239921,0.239921,1.0,4.0,6.0,convex
13,81675,33931,33931,0.317187,0.38251,1.0,4.0,6.0,convex
14,113946,44751,44751,0.305215,0.388822,1.0,4.0,6.0,convex
15,129461,47721,47721,0.329459,0.433757,1.0,4.0,6.0,convex
16,118278,39827,39827,0.373578,0.509163,1.0,4.0,6.0,convex
17,104881,33087,33087,0.417453,0.610596,1.0,4.0,6.0,convex
18,112415,31644,31644,0.438343,0.659528,1.0,4.0,6.0,convex
19,115129,27927,27927,0.456001,0.702673,1.0,4.0,6.0,convex
20,114240,22689,22689,0.47856,0.744909,1.0,4.0,6.0,convex
21,111311,19385,19385,0.49853,0.778659,1.0,4.0,6.0,convex
22,108347,17061,17061,0.516991,0.806823,1.0,4.0,6.0,convex
23,103149,14345,14345,0.536764,0.833423,1.0,4.0,6.0,convex
24,97337,11602,11602,0.559169,0.85599,1.0,4.0,6.0,convex
25,90137,9268,9268,0.582731,0.876883,1.0,4.0,6.0,convex
26,82593,7154,7154,0.608876,0.896561,1.0,4.0,6.0,convex
27,75100,5316,5316,0.640607,0.914378,1.0,4.0,6.0,convex
28,67561,3884,3884,0.675377,0.930295,1.0,4.0,6.0,convex
29,60503,2738,2738,0.717712,0.945156,1.0,4.0,6.0,convex
30,54542,1861,1861,0.762191,0.958789,1.0,4.0,6.0,convex
31,49702,1237,1237,0.811155,0.969193,1.0,4.0,6.0,convex
32,45282,777,777,0.855263,0.979352,1.0,4.0,6.0,convex
33,41976,450,450,0.894797,0.987295,1.0,4.0,6.0,convex
34,39991,256,256,0.92977,0.992211,1.0,4.0,6.0,convex
35,38370,144,144,0.955655,0.995616,1.0,4.0,6.0,convex
36,37525,74,74,0.972822,0.997741,1.0,4.0,6.0,convex
37,36931,36,36,0.98461,0.998897,1.0,4.0,6.0,convex
38,36619,14,14,0.991609,0.999619,1.0,4.0,6.0,convex
39,36479,7,7,0.996056,0.999808,1.0,4.0,6.0,convex
40,36286,5,5,0.998017,0.999862,1.0,4.0,6.0,convex
41,36038,1,1,0.999057,0.999972,1.0,4.0,6.0,convex
42,36124,0,0,0.999599,1.0,1.0,4.0,6.0,convex

