generation,size,female_size,fertile_female_size,rate_dr,rate_has_drive,drive_efficiency,drop_ratio,low_density_growth_rate,density_growth_curve
1,78223,49282,49282,0.0,0.0,1.0,4.75,6.0,convex
2,78087,49040,49040,0.0,0.0,1.0,4.75,6.0,convex
3,82056,51234,51234,0.0,0.0,1.0,4.75,6.0,convex
4,80099,50625,50625,0.0,0.0,1.0,4.75,6.0,convex
5,74273,47978,47978,0.0,0.0,1.0,4.75,6.0,convex
6,78683,50200,50200,0.0,0.0,1.0,4.75,6.0,convex
7,84806,52733,52733,0.0,0.0,1.0,4.75,6.0,convex
8,76878,48970,48970,0.0,0.0,1.0,4.75,6.0,convex
9,70234,45865,45865,0.0,0.0,1.0,4.75,6.0,convex
10,81906,51491,51491,0.0,0.0,1.0,4.75,6.0,convex
11,89845,55278,55278,0.0,0.0,1.0,4.75,6.0,convex
12,98595,45717,45717,0.260647,0.277485,1.0,4.75,6.0,convex
13,102494,39897,39897,0.33737,0.396684,1.0,4.75,6.0,convex
14,123394,45650,45650,0.347229,0.437034,1.0,4.75,6.0,convex
15,129578,43965,43965,0.379229,0.493702,1.0,4.75,6.0,convex
16,119310,36616,36616,0.420387,0.582968,1.0,4.75,6.0,convex
17,116785,32009,32009,0.455934,0.662153,1.0,4.75,6.0,convex
18,119075,28270,28270,0.479664,0.715152,1.0,4.75,6.0,convex
19,120071,23594,23594,0.499958,0.757464,1.0,4.75,6.0,convex
20,117570,19089,19089,0.520971,0.793408,1.0,4.75,6.0,convex
21,114539,16206,16206,0.541363,0.820584,1.0,4.75,6.0,convex
22,108909,13709,13709,0.560626,0.844561,1.0,4.75,6.0,convex
23,102411,11141,11141,0.583702,0.869084,1.0,4.75,6.0,convex
24,95675,8756,8756,0.610233,0.890209,1.0,4.75,6.0,convex
25,87914,6705,6705,0.640544,0.908036,1.0,4.75,6.0,convex
26,79723,4951,4951,0.673841,0.926036,1.0,4.75,6.0,convex
27,72288,3424,3424,0.712486,0.941063,1.0,4.75,6.0,convex
28,65475,2371,2371,0.755967,0.954922,1.0,4.75,6.0,convex
29,59419,1551,1551,0.799793,0.966573,1.0,4.75,6.0,convex
30,54467,1044,1044,0.845792,0.976216,1.0,4.75,6.0,convex
31,50831,634,634,0.887124,0.984702,1.0,4.75,6.0,convex
32,48021,332,332,0.922955,0.991665,1.0,4.75,6.0,convex
33,46121,191,191,0.951795,0.995185,1.0,4.75,6.0,convex
34,44677,96,96,0.971095,0.997681,1.0,4.75,6.0,convex
35,43818,41,41,0.983845,0.999004,1.0,4.75,6.0,convex
36,43672,15,15,0.991975,0.999635,1.0,4.75,6.0,convex
37,43175,7,7,0.995731,0.999838,1.0,4.75,6.0,convex
38,43107,0,0,0.998435,1.0,1.0,4.75,6.0,convex

