generation,size,female_size,fertile_female_size,rate_dr,rate_has_drive,drive_efficiency,drop_ratio,low_density_growth_rate,density_growth_curve
1,78703,49738,49738,0.0,0.0,1.0,2.1,6.0,linear
2,78724,49533,49533,0.0,0.0,1.0,2.1,6.0,linear
3,79184,50003,50003,0.0,0.0,1.0,2.1,6.0,linear
4,79898,50544,50544,0.0,0.0,1.0,2.1,6.0,linear
5,78718,50168,50168,0.0,0.0,1.0,2.1,6.0,linear
6,78503,50189,50189,0.0,0.0,1.0,2.1,6.0,linear
7,78813,50278,50278,0.0,0.0,1.0,2.1,6.0,linear
8,78690,50041,50041,0.0,0.0,1.0,2.1,6.0,linear
9,78765,49958,49958,0.0,0.0,1.0,2.1,6.0,linear
10,77974,49603,49603,0.0,0.0,1.0,2.1,6.0,linear
11,78152,49727,49727,0.0,0.0,1.0,2.1,6.0,linear
12,91203,50006,50006,0.121062,0.137352,1.0,2.1,6.0,linear
13,96417,48313,48313,0.191819,0.230292,1.0,2.1,6.0,linear
14,92357,44474,44474,0.224883,0.296553,1.0,2.1,6.0,linear
15,90352,40914,40914,0.25716,0.365877,1.0,2.1,6.0,linear
16,90540,37562,37562,0.289393,0.432915,1.0,2.1,6.0,linear
17,90403,34110,34110,0.32009,0.494654,1.0,2.1,6.0,linear
18,89287,30750,30750,0.345131,0.547155,1.0,2.1,6.0,linear
19,88612,27838,27838,0.368538,0.593969,1.0,2.1,6.0,linear
20,86865,25017,25017,0.389759,0.634429,1.0,2.1,6.0,linear
21,84647,22288,22288,0.409568,0.670633,1.0,2.1,6.0,linear
22,81208,19337,19337,0.428268,0.702497,1.0,2.1,6.0,linear
23,77532,16810,16810,0.44782,0.73266,1.0,2.1,6.0,linear
24,73298,14382,14382,0.467045,0.761223,1.0,2.1,6.0,linear
25,68938,12167,12167,0.486289,0.787793,1.0,2.1,6.0,linear
26,63913,9977,9977,0.507185,0.813337,1.0,2.1,6.0,linear
27,59182,8157,8157,0.529064,0.836154,1.0,2.1,6.0,linear
28,53870,6505,6505,0.553041,0.855952,1.0,2.1,6.0,linear
29,48389,5038,5038,0.578992,0.876454,1.0,2.1,6.0,linear
30,43692,3802,3802,0.609835,0.895638,1.0,2.1,6.0,linear
31,39030,2757,2757,0.642682,0.912885,1.0,2.1,6.0,linear
32,35185,1967,1967,0.682782,0.93173,1.0,2.1,6.0,linear
33,31464,1372,1372,0.724747,0.945513,1.0,2.1,6.0,linear
34,28156,959,959,0.769261,0.95756,1.0,2.1,6.0,linear
35,25582,658,658,0.815142,0.969439,1.0,2.1,6.0,linear
36,23666,417,417,0.859846,0.979503,1.0,2.1,6.0,linear
37,22075,247,247,0.894138,0.987862,1.0,2.1,6.0,linear
38,21106,119,119,0.928253,0.99408,1.0,2.1,6.0,linear
39,20241,56,56,0.955976,0.997244,1.0,2.1,6.0,linear
40,19693,19,19,0.975268,0.999044,1.0,2.1,6.0,linear
41,19294,4,4,0.987817,0.999794,1.0,2.1,6.0,linear
42,19092,2,2,0.995628,0.999895,1.0,2.1,6.0,linear
43,19056,0,0,0.998688,1.0,1.0,2.1,6.0,linear

