generation,size,female_size,fertile_female_size,rate_dr,rate_has_drive,drive_efficiency,drop_ratio,low_density_growth_rate,density_growth_curve
1,78059,49042,49042,0.0,0.0,0.95,4.0,6.0,convex
2,77965,48896,48896,0.0,0.0,0.95,4.0,6.0,convex
3,83183,51865,51865,0.0,0.0,0.95,4.0,6.0,convex
4,82339,51935,51935,0.0,0.0,0.95,4.0,6.0,convex
5,70396,46361,46361,0.0,0.0,0.95,4.0,6.0,convex
6,73029,47500,47500,0.0,0.0,0.95,4.0,6.0,convex
7,88026,54130,54130,0.0,0.0,0.95,4.0,6.0,convex
8,85318,52629,52629,0.0,0.0,0.95,4.0,6.0,convex
9,61794,41710,41710,0.0,0.0,0.95,4.0,6.0,convex
10,75474,48584,48584,0.0,0.0,0.95,4.0,6.0,convex
11,98788,59826,59826,0.0,0.0,0.95,4.0,6.0,convex
12,102317,49453,49453,0.234379,0.234379,0.95,4.0,6.0,convex
13,83169,34849,34849,0.319323,0.38166,0.95,4.0,6.0,convex
14,109799,43122,43122,0.312579,0.400226,0.95,4.0,6.0,convex
15,127186,46398,46398,0.33634,0.447764,0.95,4.0,6.0,convex
16,118995,39179,39179,0.375036,0.518991,0.95,4.0,6.0,convex
17,107842,32910,32910,0.417292,0.613329,0.95,4.0,6.0,convex
18,112999,30836,30836,0.441121,0.666258,0.95,4.0,6.0,convex
19,115474,27252,27252,0.458176,0.704918,0.95,4.0,6.0,convex
20,114257,22770,22770,0.479115,0.74523,0.95,4.0,6.0,convex
21,111005,19461,19461,0.497222,0.775563,0.95,4.0,6.0,convex
22,108271,17367,17367,0.514451,0.800188,0.95,4.0,6.0,convex
23,103192,14777,14777,0.533495,0.826495,0.95,4.0,6.0,convex
24,97459,12109,12109,0.55253,0.847968,0.95,4.0,6.0,convex
25,91658,10024,10024,0.573456,0.866252,0.95,4.0,6.0,convex
26,84763,7884,7884,0.596524,0.883424,0.95,4.0,6.0,convex
27,77788,6242,6242,0.623941,0.898418,0.95,4.0,6.0,convex
28,70569,4799,4799,0.65524,0.914028,0.95,4.0,6.0,convex
29,63862,3627,3627,0.690675,0.929491,0.95,4.0,6.0,convex
30,57910,2606,2606,0.730028,0.943925,0.95,4.0,6.0,convex
31,53145,1743,1743,0.77515,0.957449,0.95,4.0,6.0,convex
32,48355,1200,1200,0.81714,0.968464,0.95,4.0,6.0,convex
33,44923,764,764,0.857987,0.978023,0.95,4.0,6.0,convex
34,42213,489,489,0.895829,0.985249,0.95,4.0,6.0,convex
35,40141,277,277,0.928244,0.991348,0.95,4.0,6.0,convex
36,38586,151,151,0.953691,0.995451,0.95,4.0,6.0,convex
37,37640,92,92,0.970646,0.997331,0.95,4.0,6.0,convex
38,37241,39,39,0.983261,0.998881,0.95,4.0,6.0,convex
39,36614,22,22,0.990641,0.999401,0.95,4.0,6.0,convex
40,36325,9,9,0.995192,0.999753,0.95,4.0,6.0,convex
41,36144,3,3,0.997691,0.999917,0.95,4.0,6.0,convex
42,36309,0,0,0.99905,1.0,0.95,4.0,6.0,convex

