generation,size,female_size,fertile_female_size,rate_dr,rate_has_drive,drive_efficiency,drop_ratio,low_density_growth_rate,density_growth_curve
1,78037,49150,49150,0.0,0.0,1.0,5.0,6.0,convex
2,78064,49107,49107,0.0,0.0,1.0,5.0,6.0,convex
3,81442,50914,50914,0.0,0.0,1.0,5.0,6.0,convex
4,83670,52313,52313,0.0,0.0,1.0,5.0,6.0,convex
5,72835,47337,47337,0.0,0.0,1.0,5.0,6.0,convex
6,74242,47918,47918,0.0,0.0,1.0,5.0,6.0,convex
7,86072,53522,53522,0.0,0.0,1.0,5.0,6.0,convex
8,83566,52232,52232,0.0,0.0,1.0,5.0,6.0,convex
9,64463,43177,43177,0.0,0.0,1.0,5.0,6.0,convex
10,73691,47814,47814,0.0,0.0,1.0,5.0,6.0,convex
11,95958,58209,58209,0.0,0.0,1.0,5.0,6.0,convex
12,115427,52763,52763,0.260996,0.260996,1.0,5.0,6.0,convex
13,97988,37673,37673,0.373707,0.432415,1.0,5.0,6.0,convex
14,111773,40300,40300,0.369867,0.466695,1.0,5.0,6.0,convex
15,130546,43250,43250,0.389688,0.515555,1.0,5.0,6.0,convex
16,128414,37379,37379,0.422658,0.581151,1.0,5.0,6.0,convex
17,119978,31344,31344,0.46082,0.665679,1.0,5.0,6.0,convex
18,122051,28250,28250,0.48818,0.721813,1.0,5.0,6.0,convex
19,123237,24749,24749,0.507125,0.762233,1.0,5.0,6.0,convex
20,120578,19489,19489,0.530202,0.803274,1.0,5.0,6.0,convex
21,116484,15571,15571,0.553427,0.833872,1.0,5.0,6.0,convex
22,110659,12927,12927,0.57451,0.857262,1.0,5.0,6.0,convex
23,103266,10260,10260,0.599667,0.880729,1.0,5.0,6.0,convex
24,95327,7816,7816,0.627955,0.902693,1.0,5.0,6.0,convex
25,87116,5722,5722,0.661437,0.921784,1.0,5.0,6.0,convex
26,78780,4067,4067,0.698927,0.936671,1.0,5.0,6.0,convex
27,70966,2769,2769,0.742207,0.951078,1.0,5.0,6.0,convex
28,64077,1847,1847,0.78695,0.96388,1.0,5.0,6.0,convex
29,59078,1202,1202,0.833384,0.975481,1.0,5.0,6.0,convex
30,54440,702,702,0.877906,0.985122,1.0,5.0,6.0,convex
31,51284,409,409,0.914839,0.990965,1.0,5.0,6.0,convex
32,49158,209,209,0.944596,0.995404,1.0,5.0,6.0,convex
33,47288,100,100,0.96676,0.997395,1.0,5.0,6.0,convex
34,46364,41,41,0.981568,0.998952,1.0,5.0,6.0,convex
35,46008,18,18,0.99085,0.999523,1.0,5.0,6.0,convex
36,45757,10,10,0.995505,0.999716,1.0,5.0,6.0,convex
37,45449,3,3,0.998,0.999934,1.0,5.0,6.0,convex
38,45229,2,2,0.999259,0.999956,1.0,5.0,6.0,convex
39,44995,1,1,0.999644,0.999978,1.0,5.0,6.0,convex
40,45042,0,0,0.999911,1.0,1.0,5.0,6.0,convex

