generation,size,female_size,fertile_female_size,rate_dr,rate_has_drive,drive_efficiency,drop_ratio,low_density_growth_rate,density_growth_curve
1,78208,49098,49098,0.0,0.0,1.0,4.75,6.0,convex
2,77769,48877,48877,0.0,0.0,1.0,4.75,6.0,convex
3,82120,51298,51298,0.0,0.0,1.0,4.75,6.0,convex
4,81796,51461,51461,0.0,0.0,1.0,4.75,6.0,convex
5,75819,48962,48962,0.0,0.0,1.0,4.75,6.0,convex
6,75001,48631,48631,0.0,0.0,1.0,4.75,6.0,convex
7,82369,51902,51902,0.0,0.0,1.0,4.75,6.0,convex
8,82394,51575,51575,0.0,0.0,1.0,4.75,6.0,convex
9,70281,45680,45680,0.0,0.0,1.0,4.75,6.0,convex
10,78479,49817,49817,0.0,0.0,1.0,4.75,6.0,convex
11,89570,55065,55065,0.0,0.0,1.0,4.75,6.0,convex
12,107769,50322,50322,0.250414,0.259027,1.0,4.75,6.0,convex
13,100733,39656,39656,0.351471,0.410149,1.0,4.75,6.0,convex
14,114269,41836,41836,0.358549,0.453455,1.0,4.75,6.0,convex
15,127053,42802,42802,0.382871,0.509173,1.0,4.75,6.0,convex
16,123814,37089,37089,0.41678,0.58059,1.0,4.75,6.0,convex
17,118776,31735,31735,0.453085,0.660386,1.0,4.75,6.0,convex
18,120234,28161,28161,0.478887,0.714547,1.0,4.75,6.0,convex
19,120720,24282,24282,0.497935,0.754754,1.0,4.75,6.0,convex
20,119023,19863,19863,0.519152,0.792233,1.0,4.75,6.0,convex
21,115170,16352,16352,0.540624,0.821417,1.0,4.75,6.0,convex
22,109461,13447,13447,0.562724,0.848353,1.0,4.75,6.0,convex
23,102369,10700,10700,0.587557,0.874498,1.0,4.75,6.0,convex
24,94383,8155,8155,0.616282,0.896412,1.0,4.75,6.0,convex
25,86531,6076,6076,0.647523,0.914673,1.0,4.75,6.0,convex
26,78419,4475,4475,0.683568,0.929899,1.0,4.75,6.0,convex
27,70135,3121,3121,0.72365,0.9452,1.0,4.75,6.0,convex
28,63274,2133,2133,0.769654,0.958449,1.0,4.75,6.0,convex
29,57702,1381,1381,0.812987,0.970112,1.0,4.75,6.0,convex
30,53530,923,923,0.857849,0.978341,1.0,4.75,6.0,convex
31,50097,585,585,0.896363,0.985052,1.0,4.75,6.0,convex
32,47571,360,360,0.926403,0.990047,1.0,4.75,6.0,convex
33,45720,194,194,0.951295,0.994475,1.0,4.75,6.0,convex
34,44534,103,103,0.970305,0.996986,1.0,4.75,6.0,convex
35,43827,59,59,0.983932,0.998347,1.0,4.75,6.0,convex
36,43535,24,24,0.990822,0.99936,1.0,4.75,6.0,convex
37,43176,13,13,0.994777,0.999653,1.0,4.75,6.0,convex
38,43081,7,7,0.997057,0.999838,1.0,4.75,6.0,convex
39,42925,1,1,0.99851,0.999977,1.0,4.75,6.0,convex
40,42466,0,0,0.999364,1.0,1.0,4.75,6.0,convex

