generation,size,female_size,fertile_female_size,rate_dr,rate_has_drive,drive_efficiency,drop_ratio,low_density_growth_rate,density_growth_curve
1,78456,49394,49394,0.0,0.0,1.0,2.85,6.0,linear
2,78328,49406,49406,0.0,0.0,1.0,2.85,6.0,linear
3,80054,50615,50615,0.0,0.0,1.0,2.85,6.0,linear
4,79866,50572,50572,0.0,0.0,1.0,2.85,6.0,linear
5,77558,49738,49738,0.0,0.0,1.0,2.85,6.0,linear
6,77767,49912,49912,0.0,0.0,1.0,2.85,6.0,linear
7,79046,50283,50283,0.0,0.0,1.0,2.85,6.0,linear
8,79875,50695,50695,0.0,0.0,1.0,2.85,6.0,linear
9,78153,49702,49702,0.0,0.0,1.0,2.85,6.0,linear
10,77733,49650,49650,0.0,0.0,1.0,2.85,6.0,linear
11,78748,49908,49908,0.0,0.0,1.0,2.85,6.0,linear
12,95855,49697,49697,0.154161,0.171412,1.0,2.85,6.0,linear
13,102524,47852,47852,0.238075,0.28053,1.0,2.85,6.0,linear
14,97832,43643,43643,0.274381,0.353003,1.0,2.85,6.0,linear
15,96455,39773,39773,0.309907,0.427356,1.0,2.85,6.0,linear
16,95878,36046,36046,0.342487,0.497013,1.0,2.85,6.0,linear
17,95190,31670,31670,0.375122,0.564147,1.0,2.85,6.0,linear
18,94394,27910,27910,0.40379,0.619799,1.0,2.85,6.0,linear
19,92458,24150,24150,0.428351,0.667081,1.0,2.85,6.0,linear
20,89733,21048,21048,0.451764,0.709028,1.0,2.85,6.0,linear
21,86429,17777,17777,0.473115,0.742735,1.0,2.85,6.0,linear
22,82290,14992,14992,0.495107,0.775572,1.0,2.85,6.0,linear
23,77220,12477,12477,0.516061,0.8034,1.0,2.85,6.0,linear
24,72636,10332,10332,0.539164,0.827841,1.0,2.85,6.0,linear
25,66961,8192,8192,0.564479,0.853061,1.0,2.85,6.0,linear
26,61415,6394,6394,0.59129,0.875087,1.0,2.85,6.0,linear
27,55841,4872,4872,0.620481,0.893765,1.0,2.85,6.0,linear
28,50464,3619,3619,0.653066,0.913113,1.0,2.85,6.0,linear
29,45929,2608,2608,0.693679,0.931444,1.0,2.85,6.0,linear
30,40769,1749,1749,0.734894,0.948385,1.0,2.85,6.0,linear
31,36980,1152,1152,0.77979,0.962567,1.0,2.85,6.0,linear
32,33779,733,733,0.827498,0.97333,1.0,2.85,6.0,linear
33,31473,464,464,0.869044,0.982122,1.0,2.85,6.0,linear
34,29539,258,258,0.90907,0.989636,1.0,2.85,6.0,linear
35,28304,129,129,0.941223,0.994445,1.0,2.85,6.0,linear
36,27296,65,65,0.962729,0.997161,1.0,2.85,6.0,linear
37,26732,28,28,0.978644,0.998778,1.0,2.85,6.0,linear
38,26349,13,13,0.989321,0.999471,1.0,2.85,6.0,linear
39,25883,5,5,0.995099,0.999807,1.0,2.85,6.0,linear
40,25789,0,0,0.997483,1.0,1.0,2.85,6.0,linear

