generation,size,female_size,fertile_female_size,rate_dr,rate_has_drive,drive_efficiency,drop_ratio,low_density_growth_rate,density_growth_curve
1,78262,49317,49317,0.0,0.0,0.75,5.0,6.0,convex
2,78550,49423,49423,0.0,0.0,0.75,5.0,6.0,convex
3,82092,51379,51379,0.0,0.0,0.75,5.0,6.0,convex
4,80034,50823,50823,0.0,0.0,0.75,5.0,6.0,convex
5,74841,48488,48488,0.0,0.0,0.75,5.0,6.0,convex
6,79066,50355,50355,0.0,0.0,0.75,5.0,6.0,convex
7,81985,51477,51477,0.0,0.0,0.75,5.0,6.0,convex
8,78663,49983,49983,0.0,0.0,0.75,5.0,6.0,convex
9,73664,47636,47636,0.0,0.0,0.75,5.0,6.0,convex
10,78566,50078,50078,0.0,0.0,0.75,5.0,6.0,convex
11,84679,52908,52908,0.0,0.0,0.75,5.0,6.0,convex
12,108124,49623,49623,0.251979,0.268981,0.75,5.0,6.0,convex
13,112493,43548,43548,0.353776,0.408721,0.75,5.0,6.0,convex
14,117688,42601,42601,0.373781,0.469632,0.75,5.0,6.0,convex
15,124542,40764,40764,0.403009,0.535413,0.75,5.0,6.0,convex
16,123782,35703,35703,0.436838,0.609123,0.75,5.0,6.0,convex
17,121058,30531,30531,0.467013,0.67914,0.75,5.0,6.0,convex
18,122558,26783,26783,0.490124,0.727571,0.75,5.0,6.0,convex
19,122870,23136,23136,0.508151,0.763989,0.75,5.0,6.0,convex
20,120658,19407,19407,0.524875,0.791464,0.75,5.0,6.0,convex
21,116983,16776,16776,0.541864,0.814281,0.75,5.0,6.0,convex
22,112097,14324,14324,0.559565,0.834092,0.75,5.0,6.0,convex
23,106539,12240,12240,0.577911,0.850706,0.75,5.0,6.0,convex
24,100574,10254,10254,0.596637,0.86573,0.75,5.0,6.0,convex
25,94182,8669,8669,0.616803,0.877489,0.75,5.0,6.0,convex
26,87942,7183,7183,0.640059,0.890024,0.75,5.0,6.0,convex
27,81814,5771,5771,0.665982,0.903624,0.75,5.0,6.0,convex
28,76581,4613,4613,0.693328,0.915674,0.75,5.0,6.0,convex
29,71057,3644,3644,0.725424,0.929064,0.75,5.0,6.0,convex
30,65979,2779,2779,0.760157,0.942838,0.75,5.0,6.0,convex
31,61174,2050,2050,0.7956,0.953499,0.75,5.0,6.0,convex
32,57732,1509,1509,0.828908,0.96268,0.75,5.0,6.0,convex
33,54826,1091,1091,0.864279,0.971768,0.75,5.0,6.0,convex
34,52247,773,773,0.892979,0.979289,0.75,5.0,6.0,convex
35,50372,529,529,0.918659,0.986189,0.75,5.0,6.0,convex
36,48870,315,315,0.941084,0.991464,0.75,5.0,6.0,convex
37,47914,185,185,0.960033,0.995124,0.75,5.0,6.0,convex
38,46996,107,107,0.972779,0.997296,0.75,5.0,6.0,convex
39,46330,60,60,0.983394,0.99848,0.75,5.0,6.0,convex
40,45870,33,33,0.990912,0.999218,0.75,5.0,6.0,convex
41,45386,10,10,0.994901,0.999736,0.75,5.0,6.0,convex
42,45246,1,1,0.997185,0.999934,0.75,5.0,6.0,convex
43,45282,0,0,0.998907,1.0,0.75,5.0,6.0,convex

