generation,size,female_size,fertile_female_size,rate_dr,rate_has_drive,drive_efficiency,drop_ratio,low_density_growth_rate,density_growth_curve
1,78285,49465,49465,0.0,0.0,1.0,4.75,6.0,convex
2,78413,49339,49339,0.0,0.0,1.0,4.75,6.0,convex
3,79695,50226,50226,0.0,0.0,1.0,4.75,6.0,convex
4,81820,51182,51182,0.0,0.0,1.0,4.75,6.0,convex
5,75976,48731,48731,0.0,0.0,1.0,4.75,6.0,convex
6,75590,48740,48740,0.0,0.0,1.0,4.75,6.0,convex
7,84563,53101,53101,0.0,0.0,1.0,4.75,6.0,convex
8,81534,51605,51605,0.0,0.0,1.0,4.75,6.0,convex
9,68530,45291,45291,0.0,0.0,1.0,4.75,6.0,convex
10,76501,49062,49062,0.0,0.0,1.0,4.75,6.0,convex
11,90421,55428,55428,0.0,0.0,1.0,4.75,6.0,convex
12,108684,50500,50500,0.250881,0.259157,1.0,4.75,6.0,convex
13,100415,39405,39405,0.352774,0.413369,1.0,4.75,6.0,convex
14,114710,42258,42258,0.358591,0.456079,1.0,4.75,6.0,convex
15,127478,43020,43020,0.382824,0.509075,1.0,4.75,6.0,convex
16,123999,37128,37128,0.41902,0.582292,1.0,4.75,6.0,convex
17,118162,31683,31683,0.45498,0.662537,1.0,4.75,6.0,convex
18,119729,28049,28049,0.480833,0.716838,1.0,4.75,6.0,convex
19,120519,24289,24289,0.500458,0.759399,1.0,4.75,6.0,convex
20,118518,19796,19796,0.522118,0.796384,1.0,4.75,6.0,convex
21,114268,16125,16125,0.542541,0.826191,1.0,4.75,6.0,convex
22,109111,13320,13320,0.56362,0.851215,1.0,4.75,6.0,convex
23,101992,10649,10649,0.587476,0.874263,1.0,4.75,6.0,convex
24,93945,8164,8164,0.615961,0.895833,1.0,4.75,6.0,convex
25,85826,6121,6121,0.646915,0.913674,1.0,4.75,6.0,convex
26,78153,4456,4456,0.683569,0.931235,1.0,4.75,6.0,convex
27,70397,3115,3115,0.723668,0.945938,1.0,4.75,6.0,convex
28,63979,2145,2145,0.766284,0.958985,1.0,4.75,6.0,convex
29,58185,1384,1384,0.811375,0.971604,1.0,4.75,6.0,convex
30,53692,849,849,0.858357,0.981013,1.0,4.75,6.0,convex
31,49892,499,499,0.899033,0.988916,1.0,4.75,6.0,convex
32,47475,269,269,0.932593,0.993616,1.0,4.75,6.0,convex
33,45631,147,147,0.957982,0.996331,1.0,4.75,6.0,convex
34,44377,64,64,0.974711,0.998331,1.0,4.75,6.0,convex
35,43902,28,28,0.987302,0.999274,1.0,4.75,6.0,convex
36,43431,18,18,0.994034,0.999586,1.0,4.75,6.0,convex
37,42873,6,6,0.996498,0.99986,1.0,4.75,6.0,convex
38,42968,5,5,0.998488,0.999884,1.0,4.75,6.0,convex
39,42729,3,3,0.999228,0.99993,1.0,4.75,6.0,convex
40,42706,0,0,0.999567,1.0,1.0,4.75,6.0,convex

