generation,size,female_size,fertile_female_size,rate_dr,rate_has_drive,drive_efficiency,drop_ratio,low_density_growth_rate,density_growth_curve
1,78384,49367,49367,0.0,0.0,0.95,4.5,6.0,convex
2,78174,49347,49347,0.0,0.0,0.95,4.5,6.0,convex
3,81541,51161,51161,0.0,0.0,0.95,4.5,6.0,convex
4,79121,50268,50268,0.0,0.0,0.95,4.5,6.0,convex
5,74562,48155,48155,0.0,0.0,0.95,4.5,6.0,convex
6,77414,49404,49404,0.0,0.0,0.95,4.5,6.0,convex
7,82083,51491,51491,0.0,0.0,0.95,4.5,6.0,convex
8,78891,49992,49992,0.0,0.0,0.95,4.5,6.0,convex
9,73492,47627,47627,0.0,0.0,0.95,4.5,6.0,convex
10,78480,50183,50183,0.0,0.0,0.95,4.5,6.0,convex
11,86263,53849,53849,0.0,0.0,0.95,4.5,6.0,convex
12,103590,49005,49005,0.237442,0.252221,0.95,4.5,6.0,convex
13,103684,41744,41744,0.33122,0.390345,0.95,4.5,6.0,convex
14,115829,43568,43568,0.349127,0.445258,0.95,4.5,6.0,convex
15,122744,41859,41859,0.379764,0.510143,0.95,4.5,6.0,convex
16,119214,36189,36189,0.414039,0.585233,0.95,4.5,6.0,convex
17,116318,31354,31354,0.44864,0.661159,0.95,4.5,6.0,convex
18,118291,27920,27920,0.471909,0.711554,0.95,4.5,6.0,convex
19,118851,23961,23961,0.492679,0.752712,0.95,4.5,6.0,convex
20,116629,19779,19779,0.512249,0.787553,0.95,4.5,6.0,convex
21,112748,16689,16689,0.531682,0.814544,0.95,4.5,6.0,convex
22,107198,14085,14085,0.550237,0.836728,0.95,4.5,6.0,convex
23,101119,11742,11742,0.571628,0.857956,0.95,4.5,6.0,convex
24,94771,9410,9410,0.596073,0.878528,0.95,4.5,6.0,convex
25,87506,7250,7250,0.622441,0.896884,0.95,4.5,6.0,convex
26,79890,5462,5462,0.653002,0.915948,0.95,4.5,6.0,convex
27,72179,3994,3994,0.6881,0.931859,0.95,4.5,6.0,convex
28,65254,2823,2823,0.730479,0.946156,0.95,4.5,6.0,convex
29,58985,1845,1845,0.775926,0.959685,0.95,4.5,6.0,convex
30,54011,1255,1255,0.821957,0.970524,0.95,4.5,6.0,convex
31,49778,781,781,0.863807,0.980275,0.95,4.5,6.0,convex
32,46751,500,500,0.901485,0.986219,0.95,4.5,6.0,convex
33,44927,308,308,0.930575,0.991172,0.95,4.5,6.0,convex
34,43285,171,171,0.954088,0.995111,0.95,4.5,6.0,convex
35,42484,98,98,0.972337,0.997164,0.95,4.5,6.0,convex
36,41645,47,47,0.983328,0.998666,0.95,4.5,6.0,convex
37,41471,29,29,0.990508,0.999256,0.95,4.5,6.0,convex
38,41082,15,15,0.994756,0.999636,0.95,4.5,6.0,convex
39,40994,6,6,0.997248,0.999854,0.95,4.5,6.0,convex
40,40994,2,2,0.998452,0.999951,0.95,4.5,6.0,convex
41,40643,1,1,0.999225,0.999975,0.95,4.5,6.0,convex
42,40523,0,0,0.999568,1.0,0.95,4.5,6.0,convex

