generation,size,female_size,fertile_female_size,rate_dr,rate_has_drive,drive_efficiency,drop_ratio,low_density_growth_rate,density_growth_curve
1,78116,48976,48976,0.0,0.0,1.0,5.0,6.0,convex
2,78019,48942,48942,0.0,0.0,1.0,5.0,6.0,convex
3,84654,52626,52626,0.0,0.0,1.0,5.0,6.0,convex
4,82084,51522,51522,0.0,0.0,1.0,5.0,6.0,convex
5,68497,45118,45118,0.0,0.0,1.0,5.0,6.0,convex
6,78027,49729,49729,0.0,0.0,1.0,5.0,6.0,convex
7,91390,56067,56067,0.0,0.0,1.0,5.0,6.0,convex
8,76717,48828,48828,0.0,0.0,1.0,5.0,6.0,convex
9,59239,40857,40857,0.0,0.0,1.0,5.0,6.0,convex
10,84205,52931,52931,0.0,0.0,1.0,5.0,6.0,convex
11,100713,60529,60529,0.0,0.0,1.0,5.0,6.0,convex
12,96689,43876,43876,0.30367,0.30749,1.0,5.0,6.0,convex
13,85764,31624,31624,0.347745,0.406746,1.0,5.0,6.0,convex
14,128389,47249,47249,0.328718,0.402464,1.0,5.0,6.0,convex
15,142393,49341,49341,0.359517,0.443908,1.0,5.0,6.0,convex
16,122293,38549,38549,0.410274,0.540436,1.0,5.0,6.0,convex
17,113279,33060,33060,0.454074,0.641421,1.0,5.0,6.0,convex
18,121147,30838,30838,0.474703,0.690769,1.0,5.0,6.0,convex
19,123633,26226,26226,0.4925,0.735802,1.0,5.0,6.0,convex
20,121768,20423,20423,0.517471,0.780077,1.0,5.0,6.0,convex
21,118208,17385,17385,0.539796,0.81411,1.0,5.0,6.0,convex
22,113887,14972,14972,0.560046,0.838923,1.0,5.0,6.0,convex
23,107014,12026,12026,0.583372,0.865267,1.0,5.0,6.0,convex
24,100515,9366,9366,0.609155,0.887327,1.0,5.0,6.0,convex
25,92527,7144,7144,0.636813,0.90534,1.0,5.0,6.0,convex
26,84354,5308,5308,0.672084,0.921925,1.0,5.0,6.0,convex
27,76172,3850,3850,0.71078,0.939256,1.0,5.0,6.0,convex
28,69134,2612,2612,0.75423,0.954633,1.0,5.0,6.0,convex
29,62876,1704,1704,0.798264,0.967928,1.0,5.0,6.0,convex
30,57959,1069,1069,0.843994,0.977906,1.0,5.0,6.0,convex
31,53870,640,640,0.885108,0.986022,1.0,5.0,6.0,convex
32,50455,330,330,0.922599,0.992285,1.0,5.0,6.0,convex
33,48412,178,178,0.953187,0.995753,1.0,5.0,6.0,convex
34,46968,91,91,0.972342,0.997961,1.0,5.0,6.0,convex
35,46145,39,39,0.98516,0.999139,1.0,5.0,6.0,convex
36,45575,16,16,0.992507,0.99965,1.0,5.0,6.0,convex
37,45317,2,2,0.996682,0.999956,1.0,5.0,6.0,convex
38,45250,0,0,0.998685,1.0,1.0,5.0,6.0,convex

