generation,size,female_size,fertile_female_size,rate_dr,rate_has_drive,drive_efficiency,drop_ratio,low_density_growth_rate,density_growth_curve
1,77939,48988,48988,0.0,0.0,0.95,3.0,6.0,linear
2,78038,49120,49120,0.0,0.0,0.95,3.0,6.0,linear
3,80504,50573,50573,0.0,0.0,0.95,3.0,6.0,linear
4,80255,50968,50968,0.0,0.0,0.95,3.0,6.0,linear
5,77497,49820,49820,0.0,0.0,0.95,3.0,6.0,linear
6,77704,49863,49863,0.0,0.0,0.95,3.0,6.0,linear
7,78557,50181,50181,0.0,0.0,0.95,3.0,6.0,linear
8,79137,50368,50368,0.0,0.0,0.95,3.0,6.0,linear
9,78869,50261,50261,0.0,0.0,0.95,3.0,6.0,linear
10,78224,49983,49983,0.0,0.0,0.95,3.0,6.0,linear
11,77211,49412,49412,0.0,0.0,0.95,3.0,6.0,linear
12,95994,49563,49563,0.161761,0.180243,0.95,3.0,6.0,linear
13,104660,48281,48281,0.247308,0.290668,0.95,3.0,6.0,linear
14,100304,44146,44146,0.28311,0.360767,0.95,3.0,6.0,linear
15,96670,39612,39612,0.320169,0.439346,0.95,3.0,6.0,linear
16,96029,35529,35529,0.354538,0.512632,0.95,3.0,6.0,linear
17,95714,31123,31123,0.387178,0.579643,0.95,3.0,6.0,linear
18,94551,26728,26728,0.41629,0.636149,0.95,3.0,6.0,linear
19,92511,23149,23149,0.440819,0.681433,0.95,3.0,6.0,linear
20,90219,20319,20319,0.461338,0.717734,0.95,3.0,6.0,linear
21,86859,17350,17350,0.482901,0.750727,0.95,3.0,6.0,linear
22,82849,14735,14735,0.503414,0.780131,0.95,3.0,6.0,linear
23,78162,12316,12316,0.525504,0.808571,0.95,3.0,6.0,linear
24,72636,10043,10043,0.546784,0.831543,0.95,3.0,6.0,linear
25,67711,8161,8161,0.57141,0.853887,0.95,3.0,6.0,linear
26,62313,6369,6369,0.599277,0.87611,0.95,3.0,6.0,linear
27,56731,4760,4760,0.628355,0.894655,0.95,3.0,6.0,linear
28,51531,3577,3577,0.663796,0.913834,0.95,3.0,6.0,linear
29,46350,2565,2565,0.70065,0.931048,0.95,3.0,6.0,linear
30,42262,1786,1786,0.741595,0.945777,0.95,3.0,6.0,linear
31,38266,1195,1195,0.786157,0.959628,0.95,3.0,6.0,linear
32,35260,778,778,0.829821,0.971147,0.95,3.0,6.0,linear
33,32878,535,535,0.871149,0.980008,0.95,3.0,6.0,linear
34,31100,309,309,0.908467,0.987522,0.95,3.0,6.0,linear
35,29807,178,178,0.937547,0.992978,0.95,3.0,6.0,linear
36,28726,85,85,0.959316,0.996631,0.95,3.0,6.0,linear
37,28070,41,41,0.975951,0.998344,0.95,3.0,6.0,linear
38,27497,21,21,0.986469,0.999204,0.95,3.0,6.0,linear
39,27292,10,10,0.992696,0.999598,0.95,3.0,6.0,linear
40,27310,6,6,0.996343,0.999781,0.95,3.0,6.0,linear
41,27259,1,1,0.998496,0.999963,0.95,3.0,6.0,linear
42,27131,0,0,0.999282,1.0,0.95,3.0,6.0,linear

