generation,size,female_size,fertile_female_size,rate_dr,rate_has_drive,drive_efficiency,drop_ratio,low_density_growth_rate,density_growth_curve
1,78290,49048,49048,0.0,0.0,1.0,2.7,6.0,linear
2,77966,49001,49001,0.0,0.0,1.0,2.7,6.0,linear
3,80405,50328,50328,0.0,0.0,1.0,2.7,6.0,linear
4,80152,50437,50437,0.0,0.0,1.0,2.7,6.0,linear
5,78427,49812,49812,0.0,0.0,1.0,2.7,6.0,linear
6,77830,49722,49722,0.0,0.0,1.0,2.7,6.0,linear
7,78475,50024,50024,0.0,0.0,1.0,2.7,6.0,linear
8,79245,50354,50354,0.0,0.0,1.0,2.7,6.0,linear
9,78163,49932,49932,0.0,0.0,1.0,2.7,6.0,linear
10,77335,49429,49429,0.0,0.0,1.0,2.7,6.0,linear
11,78663,50143,50143,0.0,0.0,1.0,2.7,6.0,linear
12,95624,50403,50403,0.149515,0.166972,1.0,2.7,6.0,linear
13,100368,47681,47681,0.231156,0.273524,1.0,2.7,6.0,linear
14,95885,43509,43509,0.265972,0.344672,1.0,2.7,6.0,linear
15,95549,40095,40095,0.302789,0.421292,1.0,2.7,6.0,linear
16,95304,36078,36078,0.337223,0.492567,1.0,2.7,6.0,linear
17,93949,31800,31800,0.369718,0.560065,1.0,2.7,6.0,linear
18,92109,27592,27592,0.398856,0.617763,1.0,2.7,6.0,linear
19,90564,23839,23839,0.424002,0.665302,1.0,2.7,6.0,linear
20,87930,20699,20699,0.444748,0.703151,1.0,2.7,6.0,linear
21,84889,17921,17921,0.465961,0.736776,1.0,2.7,6.0,linear
22,80634,15081,15081,0.488629,0.770324,1.0,2.7,6.0,linear
23,76135,12625,12625,0.510909,0.799818,1.0,2.7,6.0,linear
24,70804,10237,10237,0.53278,0.826185,1.0,2.7,6.0,linear
25,65497,8162,8162,0.556952,0.849915,1.0,2.7,6.0,linear
26,60002,6339,6339,0.584248,0.871508,1.0,2.7,6.0,linear
27,54764,4837,4837,0.615067,0.892348,1.0,2.7,6.0,linear
28,48925,3596,3596,0.647631,0.913548,1.0,2.7,6.0,linear
29,44195,2596,2596,0.685854,0.932568,1.0,2.7,6.0,linear
30,39778,1731,1731,0.727427,0.948542,1.0,2.7,6.0,linear
31,35843,1177,1177,0.772809,0.961874,1.0,2.7,6.0,linear
32,32574,708,708,0.821749,0.973024,1.0,2.7,6.0,linear
33,29812,435,435,0.868256,0.9827,1.0,2.7,6.0,linear
34,27859,247,247,0.911357,0.989688,1.0,2.7,6.0,linear
35,26378,125,125,0.942139,0.994598,1.0,2.7,6.0,linear
36,25705,63,63,0.966581,0.997239,1.0,2.7,6.0,linear
37,25184,31,31,0.980035,0.998584,1.0,2.7,6.0,linear
38,24634,10,10,0.98826,0.999516,1.0,2.7,6.0,linear
39,24748,3,3,0.994814,0.999879,1.0,2.7,6.0,linear
40,24495,0,0,0.997614,1.0,1.0,2.7,6.0,linear

