generation,size,female_size,fertile_female_size,rate_dr,rate_has_drive,drive_efficiency,drop_ratio,low_density_growth_rate,density_growth_curve
1,77776,49143,49143,0.0,0.0,1.0,3.5,6.0,convex
2,77976,48947,48947,0.0,0.0,1.0,3.5,6.0,convex
3,82015,51351,51351,0.0,0.0,1.0,3.5,6.0,convex
4,81349,51479,51479,0.0,0.0,1.0,3.5,6.0,convex
5,76612,49199,49199,0.0,0.0,1.0,3.5,6.0,convex
6,74606,48325,48325,0.0,0.0,1.0,3.5,6.0,convex
7,81059,51155,51155,0.0,0.0,1.0,3.5,6.0,convex
8,83054,51926,51926,0.0,0.0,1.0,3.5,6.0,convex
9,76558,48882,48882,0.0,0.0,1.0,3.5,6.0,convex
10,74068,48029,48029,0.0,0.0,1.0,3.5,6.0,convex
11,83980,52582,52582,0.0,0.0,1.0,3.5,6.0,convex
12,104556,52250,52250,0.188144,0.199714,1.0,3.5,6.0,convex
13,97920,43053,43053,0.289494,0.33874,1.0,3.5,6.0,convex
14,98392,40680,40680,0.310435,0.409995,1.0,3.5,6.0,convex
15,111988,42127,42127,0.334001,0.465954,1.0,3.5,6.0,convex
16,113128,38040,38040,0.366972,0.534866,1.0,3.5,6.0,convex
17,110034,33079,33079,0.399817,0.606092,1.0,3.5,6.0,convex
18,110318,29848,29848,0.42592,0.660798,1.0,3.5,6.0,convex
19,111747,27008,27008,0.445369,0.702046,1.0,3.5,6.0,convex
20,110061,23237,23237,0.462459,0.735906,1.0,3.5,6.0,convex
21,107527,20027,20027,0.48041,0.767226,1.0,3.5,6.0,convex
22,104504,17501,17501,0.498599,0.793473,1.0,3.5,6.0,convex
23,99196,14871,14871,0.516508,0.81832,1.0,3.5,6.0,convex
24,94185,12450,12450,0.536907,0.841995,1.0,3.5,6.0,convex
25,87360,10148,10148,0.557002,0.861455,1.0,3.5,6.0,convex
26,80664,7979,7979,0.581219,0.88198,1.0,3.5,6.0,convex
27,73491,6191,6191,0.609273,0.901252,1.0,3.5,6.0,convex
28,65775,4444,4444,0.641867,0.920611,1.0,3.5,6.0,convex
29,59082,3204,3204,0.683101,0.936379,1.0,3.5,6.0,convex
30,52033,2127,2127,0.727737,0.95226,1.0,3.5,6.0,convex
31,46299,1354,1354,0.775868,0.964349,1.0,3.5,6.0,convex
32,42018,851,851,0.825931,0.975783,1.0,3.5,6.0,convex
33,38969,481,481,0.873054,0.984242,1.0,3.5,6.0,convex
34,36038,269,269,0.916098,0.990689,1.0,3.5,6.0,convex
35,34206,140,140,0.945573,0.995319,1.0,3.5,6.0,convex
36,33089,64,64,0.968378,0.99753,1.0,3.5,6.0,convex
37,32436,31,31,0.982226,0.999052,1.0,3.5,6.0,convex
38,32220,14,14,0.990688,0.999567,1.0,3.5,6.0,convex
39,31950,5,5,0.995082,0.999844,1.0,3.5,6.0,convex
40,31637,2,2,0.997537,0.999937,1.0,3.5,6.0,convex
41,31498,2,2,0.999016,0.999937,1.0,3.5,6.0,convex
42,31558,1,1,0.999541,0.999968,1.0,3.5,6.0,convex
43,31627,0,0,0.999668,1.0,1.0,3.5,6.0,convex

