generation,size,female_size,fertile_female_size,rate_dr,rate_has_drive,drive_efficiency,drop_ratio,low_density_growth_rate,density_growth_curve
1,78387,49070,49070,0.0,0.0,1.0,4.75,6.0,convex
2,78047,49036,49036,0.0,0.0,1.0,4.75,6.0,convex
3,83429,51976,51976,0.0,0.0,1.0,4.75,6.0,convex
4,81011,51158,51158,0.0,0.0,1.0,4.75,6.0,convex
5,72028,47015,47015,0.0,0.0,1.0,4.75,6.0,convex
6,79678,50832,50832,0.0,0.0,1.0,4.75,6.0,convex
7,84884,53110,53110,0.0,0.0,1.0,4.75,6.0,convex
8,74359,47692,47692,0.0,0.0,1.0,4.75,6.0,convex
9,69487,45414,45414,0.0,0.0,1.0,4.75,6.0,convex
10,85589,53118,53118,0.0,0.0,1.0,4.75,6.0,convex
11,92095,56411,56411,0.0,0.0,1.0,4.75,6.0,convex
12,96109,44692,44692,0.262838,0.278495,1.0,4.75,6.0,convex
13,99991,38888,38888,0.330061,0.387676,1.0,4.75,6.0,convex
14,126530,47234,47234,0.336885,0.421035,1.0,4.75,6.0,convex
15,132684,45796,45796,0.371142,0.472413,1.0,4.75,6.0,convex
16,116496,36621,36621,0.416094,0.572595,1.0,4.75,6.0,convex
17,115344,32597,32597,0.453848,0.653018,1.0,4.75,6.0,convex
18,119034,29147,29147,0.476296,0.706025,1.0,4.75,6.0,convex
19,120574,24258,24258,0.496608,0.750539,1.0,4.75,6.0,convex
20,117921,19526,19526,0.519634,0.791204,1.0,4.75,6.0,convex
21,114906,16553,16553,0.539971,0.821653,1.0,4.75,6.0,convex
22,109657,14050,14050,0.560161,0.846239,1.0,4.75,6.0,convex
23,102575,11133,11133,0.583469,0.870867,1.0,4.75,6.0,convex
24,95445,8598,8598,0.610579,0.892124,1.0,4.75,6.0,convex
25,88053,6497,6497,0.641584,0.909847,1.0,4.75,6.0,convex
26,79690,4727,4727,0.675169,0.926364,1.0,4.75,6.0,convex
27,71991,3367,3367,0.716707,0.942697,1.0,4.75,6.0,convex
28,64453,2269,2269,0.7612,0.956005,1.0,4.75,6.0,convex
29,58800,1519,1519,0.806205,0.967176,1.0,4.75,6.0,convex
30,54056,988,988,0.851867,0.977576,1.0,4.75,6.0,convex
31,50297,595,595,0.893351,0.98587,1.0,4.75,6.0,convex
32,47430,343,343,0.926865,0.991829,1.0,4.75,6.0,convex
33,45838,167,167,0.952672,0.996066,1.0,4.75,6.0,convex
34,44915,83,83,0.971285,0.997848,1.0,4.75,6.0,convex
35,44057,41,41,0.984576,0.998758,1.0,4.75,6.0,convex
36,43375,21,21,0.992265,0.999402,1.0,4.75,6.0,convex
37,43179,12,12,0.996598,0.999653,1.0,4.75,6.0,convex
38,42877,7,7,0.997579,0.999837,1.0,4.75,6.0,convex
39,42872,6,6,0.998415,0.99986,1.0,4.75,6.0,convex
40,43177,3,3,0.99897,0.999931,1.0,4.75,6.0,convex
41,42995,2,2,0.999419,0.999953,1.0,4.75,6.0,convex
42,42767,0,0,0.999754,1.0,1.0,4.75,6.0,convex

