generation,size,female_size,fertile_female_size,rate_dr,rate_has_drive,drive_efficiency,drop_ratio,low_density_growth_rate,density_growth_curve
1,78305,49317,49317,0.0,0.0,1.0,3.0,6.0,convex
2,78374,49463,49463,0.0,0.0,1.0,3.0,6.0,convex
3,82169,51564,51564,0.0,0.0,1.0,3.0,6.0,convex
4,80342,50870,50870,0.0,0.0,1.0,3.0,6.0,convex
5,75958,48866,48866,0.0,0.0,1.0,3.0,6.0,convex
6,74645,48089,48089,0.0,0.0,1.0,3.0,6.0,convex
7,81122,51230,51230,0.0,0.0,1.0,3.0,6.0,convex
8,82454,51813,51813,0.0,0.0,1.0,3.0,6.0,convex
9,72475,47229,47229,0.0,0.0,1.0,3.0,6.0,convex
10,74085,47992,47992,0.0,0.0,1.0,3.0,6.0,convex
11,87094,54021,54021,0.0,0.0,1.0,3.0,6.0,convex
12,102518,52625,52625,0.167574,0.17621,1.0,3.0,6.0,convex
13,90026,41966,41966,0.264477,0.312218,1.0,3.0,6.0,convex
14,93517,40881,40881,0.281729,0.376187,1.0,3.0,6.0,convex
15,109482,43639,43639,0.303177,0.426426,1.0,3.0,6.0,convex
16,109716,39466,39466,0.334859,0.490504,1.0,3.0,6.0,convex
17,104167,34223,34223,0.370405,0.567678,1.0,3.0,6.0,convex
18,105273,31722,31722,0.39642,0.623962,1.0,3.0,6.0,convex
19,107769,29090,29090,0.415957,0.665938,1.0,3.0,6.0,convex
20,107049,25082,25082,0.43616,0.705941,1.0,3.0,6.0,convex
21,104646,21945,21945,0.452761,0.737409,1.0,3.0,6.0,convex
22,102181,19532,19532,0.470842,0.767446,1.0,3.0,6.0,convex
23,98287,16793,16793,0.488154,0.793919,1.0,3.0,6.0,convex
24,93890,14175,14175,0.506278,0.81816,1.0,3.0,6.0,convex
25,87404,11839,11839,0.523785,0.838166,1.0,3.0,6.0,convex
26,80872,9649,9649,0.544003,0.858431,1.0,3.0,6.0,convex
27,74120,7623,7623,0.568544,0.878491,1.0,3.0,6.0,convex
28,67121,5929,5929,0.593862,0.892663,1.0,3.0,6.0,convex
29,60354,4707,4707,0.625413,0.907865,1.0,3.0,6.0,convex
30,53386,3391,3391,0.659621,0.925833,1.0,3.0,6.0,convex
31,47928,2346,2346,0.699435,0.942336,1.0,3.0,6.0,convex
32,42919,1568,1568,0.745286,0.956997,1.0,3.0,6.0,convex
33,38648,983,983,0.792052,0.969927,1.0,3.0,6.0,convex
34,34961,579,579,0.842297,0.98006,1.0,3.0,6.0,convex
35,32201,320,320,0.891889,0.988169,1.0,3.0,6.0,convex
36,30242,177,177,0.931511,0.993062,1.0,3.0,6.0,convex
37,28949,96,96,0.960123,0.996338,1.0,3.0,6.0,convex
38,28004,53,53,0.974507,0.997643,1.0,3.0,6.0,convex
39,27628,35,35,0.98392,0.998564,1.0,3.0,6.0,convex
40,27456,13,13,0.991101,0.999456,1.0,3.0,6.0,convex
41,27267,6,6,0.995021,0.99978,1.0,3.0,6.0,convex
42,27148,3,3,0.99757,0.99989,1.0,3.0,6.0,convex
43,27050,0,0,0.998781,1.0,1.0,3.0,6.0,convex

