generation,size,female_size,fertile_female_size,rate_dr,rate_has_drive,drive_efficiency,drop_ratio,low_density_growth_rate,density_growth_curve
1,77867,48982,48982,0.0,0.0,0.9,3.0,6.0,linear
2,77782,48827,48827,0.0,0.0,0.9,3.0,6.0,linear
3,80669,50415,50415,0.0,0.0,0.9,3.0,6.0,linear
4,81487,51285,51285,0.0,0.0,0.9,3.0,6.0,linear
5,79381,50418,50418,0.0,0.0,0.9,3.0,6.0,linear
6,76989,49503,49503,0.0,0.0,0.9,3.0,6.0,linear
7,77321,49483,49483,0.0,0.0,0.9,3.0,6.0,linear
8,78723,50043,50043,0.0,0.0,0.9,3.0,6.0,linear
9,78757,49990,49990,0.0,0.0,0.9,3.0,6.0,linear
10,79237,50299,50299,0.0,0.0,0.9,3.0,6.0,linear
11,78862,50355,50355,0.0,0.0,0.9,3.0,6.0,linear
12,96566,49900,49900,0.163771,0.181444,0.9,3.0,6.0,linear
13,102396,47272,47272,0.249454,0.292711,0.9,3.0,6.0,linear
14,98992,43484,43484,0.28476,0.364369,0.9,3.0,6.0,linear
15,97494,39374,39374,0.320906,0.44125,0.9,3.0,6.0,linear
16,97580,35351,35351,0.355773,0.514503,0.9,3.0,6.0,linear
17,96788,31134,31134,0.387166,0.579749,0.9,3.0,6.0,linear
18,95698,26947,26947,0.414917,0.635276,0.9,3.0,6.0,linear
19,93647,23453,23453,0.439431,0.681005,0.9,3.0,6.0,linear
20,90683,20255,20255,0.460975,0.716816,0.9,3.0,6.0,linear
21,86875,17336,17336,0.480535,0.74675,0.9,3.0,6.0,linear
22,82759,14764,14764,0.501401,0.775544,0.9,3.0,6.0,linear
23,77668,12223,12223,0.522358,0.802178,0.9,3.0,6.0,linear
24,73179,10265,10265,0.542913,0.823372,0.9,3.0,6.0,linear
25,67832,8459,8459,0.566052,0.845011,0.9,3.0,6.0,linear
26,62674,6794,6794,0.590717,0.865692,0.9,3.0,6.0,linear
27,57699,5412,5412,0.61829,0.883406,0.9,3.0,6.0,linear
28,52649,4174,4174,0.646642,0.901842,0.9,3.0,6.0,linear
29,48567,3166,3166,0.679661,0.917754,0.9,3.0,6.0,linear
30,44431,2306,2306,0.718095,0.933855,0.9,3.0,6.0,linear
31,40497,1608,1608,0.757498,0.948669,0.9,3.0,6.0,linear
32,37182,1135,1135,0.797573,0.961459,0.9,3.0,6.0,linear
33,34652,753,753,0.83974,0.971696,0.9,3.0,6.0,linear
34,32583,524,524,0.877665,0.978934,0.9,3.0,6.0,linear
35,30745,340,340,0.907504,0.985673,0.9,3.0,6.0,linear
36,29539,193,193,0.936457,0.991624,0.9,3.0,6.0,linear
37,28551,113,113,0.957565,0.99498,0.9,3.0,6.0,linear
38,28093,69,69,0.972693,0.997013,0.9,3.0,6.0,linear
39,27828,41,41,0.983335,0.998396,0.9,3.0,6.0,linear
40,27662,22,22,0.989485,0.999137,0.9,3.0,6.0,linear
41,27283,11,11,0.994187,0.999598,0.9,3.0,6.0,linear
42,27105,5,5,0.997144,0.999816,0.9,3.0,6.0,linear
43,27134,3,3,0.998509,0.99989,0.9,3.0,6.0,linear
44,27168,0,0,0.999264,1.0,0.9,3.0,6.0,linear

