generation,size,female_size,fertile_female_size,rate_dr,rate_has_drive,drive_efficiency,drop_ratio,low_density_growth_rate,density_growth_curve
1,78456,49259,49259,0.0,0.0,1.0,3.0,6.0,linear
2,78138,49353,49353,0.0,0.0,1.0,3.0,6.0,linear
3,80708,50844,50844,0.0,0.0,1.0,3.0,6.0,linear
4,79806,50560,50560,0.0,0.0,1.0,3.0,6.0,linear
5,77181,49317,49317,0.0,0.0,1.0,3.0,6.0,linear
6,76636,49279,49279,0.0,0.0,1.0,3.0,6.0,linear
7,79326,50401,50401,0.0,0.0,1.0,3.0,6.0,linear
8,79464,50430,50430,0.0,0.0,1.0,3.0,6.0,linear
9,78463,49775,49775,0.0,0.0,1.0,3.0,6.0,linear
10,77124,49249,49249,0.0,0.0,1.0,3.0,6.0,linear
11,77936,49646,49646,0.0,0.0,1.0,3.0,6.0,linear
12,97102,50009,50009,0.161016,0.179596,1.0,3.0,6.0,linear
13,104496,47914,47914,0.246691,0.291774,1.0,3.0,6.0,linear
14,100711,43815,43815,0.283771,0.362947,1.0,3.0,6.0,linear
15,97513,39563,39563,0.319506,0.438607,1.0,3.0,6.0,linear
16,97219,35783,35783,0.351957,0.508253,1.0,3.0,6.0,linear
17,96759,31507,31507,0.384957,0.57579,1.0,3.0,6.0,linear
18,95503,27288,27288,0.414072,0.632021,1.0,3.0,6.0,linear
19,93488,23853,23853,0.439134,0.680742,1.0,3.0,6.0,linear
20,90813,20475,20475,0.463044,0.722299,1.0,3.0,6.0,linear
21,87163,17214,17214,0.48649,0.758522,1.0,3.0,6.0,linear
22,82468,14170,14170,0.508332,0.789326,1.0,3.0,6.0,linear
23,77693,11718,11718,0.530299,0.815355,1.0,3.0,6.0,linear
24,71847,9500,9500,0.554895,0.841875,1.0,3.0,6.0,linear
25,65857,7392,7392,0.582153,0.867142,1.0,3.0,6.0,linear
26,60199,5552,5552,0.613515,0.891389,1.0,3.0,6.0,linear
27,54698,4096,4096,0.646681,0.910631,1.0,3.0,6.0,linear
28,48766,2924,2924,0.683079,0.926726,1.0,3.0,6.0,linear
29,43910,2034,2034,0.724329,0.943308,1.0,3.0,6.0,linear
30,39697,1362,1362,0.771191,0.956823,1.0,3.0,6.0,linear
31,35919,863,863,0.818523,0.970089,1.0,3.0,6.0,linear
32,33471,559,559,0.863038,0.980487,1.0,3.0,6.0,linear
33,31173,320,320,0.900519,0.987897,1.0,3.0,6.0,linear
34,29879,175,175,0.932927,0.993314,1.0,3.0,6.0,linear
35,28856,89,89,0.957154,0.996435,1.0,3.0,6.0,linear
36,27999,39,39,0.976002,0.998373,1.0,3.0,6.0,linear
37,27478,14,14,0.987173,0.999421,1.0,3.0,6.0,linear
38,27293,5,5,0.994201,0.999817,1.0,3.0,6.0,linear
39,27050,4,4,0.997451,0.999852,1.0,3.0,6.0,linear
40,27280,1,1,0.998535,0.999963,1.0,3.0,6.0,linear
41,27101,0,0,0.999354,1.0,1.0,3.0,6.0,linear

