generation,size,female_size,fertile_female_size,rate_dr,rate_has_drive,drive_efficiency,drop_ratio,low_density_growth_rate,density_growth_curve
1,78419,49455,49455,0.0,0.0,0.0,12.0,6.0,linear
2,78428,49455,49455,0.0,0.0,0.0,12.0,6.0,linear
3,79245,49958,49958,0.0,0.0,0.0,12.0,6.0,linear
4,79008,49921,49921,0.0,0.0,0.0,12.0,6.0,linear
5,78647,49896,49896,0.0,0.0,0.0,12.0,6.0,linear
6,79785,50593,50593,0.0,0.0,0.0,12.0,6.0,linear
7,78976,50403,50403,0.0,0.0,0.0,12.0,6.0,linear
8,77729,49770,49770,0.0,0.0,0.0,12.0,6.0,linear
9,77123,49408,49408,0.0,0.0,0.0,12.0,6.0,linear
10,78635,49782,49782,0.0,0.0,0.0,12.0,6.0,linear
11,78808,49912,49912,0.0,0.0,0.0,12.0,6.0,linear
12,151086,49853,49853,0.36859,0.36859,0.0,12.0,6.0,linear
13,204006,58451,58451,0.440367,0.440367,0.0,12.0,6.0,linear
14,213295,63999,63999,0.429339,0.429339,0.0,12.0,6.0,linear
15,215281,66405,66405,0.435199,0.435199,0.0,12.0,6.0,linear
16,209726,65079,65079,0.453272,0.453272,0.0,12.0,6.0,linear
17,201416,61601,61601,0.477634,0.477634,0.0,12.0,6.0,linear
18,191669,56063,56063,0.504916,0.504916,0.0,12.0,6.0,linear
19,182125,49600,49600,0.534549,0.534549,0.0,12.0,6.0,linear
20,173945,43738,43738,0.567887,0.567887,0.0,12.0,6.0,linear
21,165289,38233,38233,0.604951,0.604951,0.0,12.0,6.0,linear
22,156976,32738,32738,0.644129,0.644129,0.0,12.0,6.0,linear
23,149118,27904,27904,0.687723,0.687723,0.0,12.0,6.0,linear
24,141137,22949,22949,0.732125,0.732125,0.0,12.0,6.0,linear
25,134465,18442,18442,0.778161,0.778161,0.0,12.0,6.0,linear
26,128565,14385,14385,0.82255,0.82255,0.0,12.0,6.0,linear
27,123491,10844,10844,0.863328,0.863328,0.0,12.0,6.0,linear
28,119328,7975,7975,0.900731,0.900731,0.0,12.0,6.0,linear
29,115953,5507,5507,0.931752,0.931752,0.0,12.0,6.0,linear
30,112646,3698,3698,0.955496,0.955496,0.0,12.0,6.0,linear
31,110949,2306,2306,0.972423,0.972423,0.0,12.0,6.0,linear
32,109860,1382,1382,0.983449,0.983449,0.0,12.0,6.0,linear
33,109403,762,762,0.991191,0.991191,0.0,12.0,6.0,linear
34,109054,406,406,0.995379,0.995379,0.0,12.0,6.0,linear
35,108533,209,209,0.997835,0.997835,0.0,12.0,6.0,linear
36,108282,94,94,0.999086,0.999086,0.0,12.0,6.0,linear
37,108426,43,43,0.999603,0.999603,0.0,12.0,6.0,linear
38,108319,19,19,0.999825,0.999825,0.0,12.0,6.0,linear
39,108301,3,3,0.999972,0.999972,0.0,12.0,6.0,linear
40,108314,0,0,1.0,1.0,0.0,12.0,6.0,linear

