generation,size,female_size,fertile_female_size,rate_dr,rate_has_drive,drive_efficiency,drop_ratio,low_density_growth_rate,density_growth_curve
1,78411,49163,49163,0.0,0.0,0.0,12.0,6.0,linear
2,78266,49027,49027,0.0,0.0,0.0,12.0,6.0,linear
3,79838,50129,50129,0.0,0.0,0.0,12.0,6.0,linear
4,80727,51080,51080,0.0,0.0,0.0,12.0,6.0,linear
5,79446,50667,50667,0.0,0.0,0.0,12.0,6.0,linear
6,78075,50088,50088,0.0,0.0,0.0,12.0,6.0,linear
7,76865,49396,49396,0.0,0.0,0.0,12.0,6.0,linear
8,77859,49647,49647,0.0,0.0,0.0,12.0,6.0,linear
9,79563,50324,50324,0.0,0.0,0.0,12.0,6.0,linear
10,79160,50244,50244,0.0,0.0,0.0,12.0,6.0,linear
11,78393,50036,50036,0.0,0.0,0.0,12.0,6.0,linear
12,151106,50262,50262,0.36802,0.36802,0.0,12.0,6.0,linear
13,203985,58526,58526,0.439255,0.439255,0.0,12.0,6.0,linear
14,214226,64210,64210,0.427535,0.427535,0.0,12.0,6.0,linear
15,216916,67178,67178,0.428769,0.428769,0.0,12.0,6.0,linear
16,213373,67105,67105,0.444461,0.444461,0.0,12.0,6.0,linear
17,206194,64144,64144,0.463139,0.463139,0.0,12.0,6.0,linear
18,197477,59324,59324,0.483724,0.483724,0.0,12.0,6.0,linear
19,189529,54032,54032,0.506989,0.506989,0.0,12.0,6.0,linear
20,182044,48645,48645,0.53435,0.53435,0.0,12.0,6.0,linear
21,174373,43625,43625,0.562728,0.562728,0.0,12.0,6.0,linear
22,166762,38850,38850,0.594475,0.594475,0.0,12.0,6.0,linear
23,159286,34241,34241,0.626208,0.626208,0.0,12.0,6.0,linear
24,153315,30093,30093,0.663724,0.663724,0.0,12.0,6.0,linear
25,145984,25470,25470,0.701569,0.701569,0.0,12.0,6.0,linear
26,139568,21464,21464,0.742193,0.742193,0.0,12.0,6.0,linear
27,133284,17353,17353,0.784609,0.784609,0.0,12.0,6.0,linear
28,127804,13838,13838,0.824521,0.824521,0.0,12.0,6.0,linear
29,123244,10606,10606,0.864489,0.864489,0.0,12.0,6.0,linear
30,118977,7753,7753,0.899006,0.899006,0.0,12.0,6.0,linear
31,115625,5620,5620,0.926655,0.926655,0.0,12.0,6.0,linear
32,113527,3891,3891,0.950653,0.950653,0.0,12.0,6.0,linear
33,111620,2519,2519,0.968367,0.968367,0.0,12.0,6.0,linear
34,110387,1559,1559,0.981199,0.981199,0.0,12.0,6.0,linear
35,109586,935,935,0.988993,0.988993,0.0,12.0,6.0,linear
36,108847,516,516,0.994295,0.994295,0.0,12.0,6.0,linear
37,108484,262,262,0.997216,0.997216,0.0,12.0,6.0,linear
38,108179,125,125,0.998752,0.998752,0.0,12.0,6.0,linear
39,108225,52,52,0.99952,0.99952,0.0,12.0,6.0,linear
40,108342,16,16,0.999852,0.999852,0.0,12.0,6.0,linear
41,108243,3,3,0.999972,0.999972,0.0,12.0,6.0,linear
42,108096,0,0,1.0,1.0,0.0,12.0,6.0,linear

