generation,size,female_size,fertile_female_size,rate_dr,rate_has_drive,drive_efficiency,drop_ratio,low_density_growth_rate,density_growth_curve
1,77778,48785,48785,0.0,0.0,0.0,10.8,6.0,linear
2,77462,48599,48599,0.0,0.0,0.0,10.8,6.0,linear
3,79886,50090,50090,0.0,0.0,0.0,10.8,6.0,linear
4,81080,50845,50845,0.0,0.0,0.0,10.8,6.0,linear
5,78677,50273,50273,0.0,0.0,0.0,10.8,6.0,linear
6,77974,50042,50042,0.0,0.0,0.0,10.8,6.0,linear
7,78171,50091,50091,0.0,0.0,0.0,10.8,6.0,linear
8,78070,49754,49754,0.0,0.0,0.0,10.8,6.0,linear
9,78081,49619,49619,0.0,0.0,0.0,10.8,6.0,linear
10,78750,49755,49755,0.0,0.0,0.0,10.8,6.0,linear
11,79250,50253,50253,0.0,0.0,0.0,10.8,6.0,linear
12,143868,50081,50081,0.343702,0.343702,0.0,10.8,6.0,linear
13,193239,58601,58601,0.41412,0.41412,0.0,10.8,6.0,linear
14,202361,63853,63853,0.402923,0.402923,0.0,10.8,6.0,linear
15,206207,66840,66840,0.406073,0.406073,0.0,10.8,6.0,linear
16,201522,66347,66347,0.420029,0.420029,0.0,10.8,6.0,linear
17,194325,63458,63458,0.439532,0.439532,0.0,10.8,6.0,linear
18,185507,58633,58633,0.460255,0.460255,0.0,10.8,6.0,linear
19,178007,53054,53054,0.486359,0.486359,0.0,10.8,6.0,linear
20,170167,47824,47824,0.513333,0.513333,0.0,10.8,6.0,linear
21,161999,42667,42667,0.544318,0.544318,0.0,10.8,6.0,linear
22,154694,37855,37855,0.576274,0.576274,0.0,10.8,6.0,linear
23,147584,33296,33296,0.611734,0.611734,0.0,10.8,6.0,linear
24,140222,28669,28669,0.648336,0.648336,0.0,10.8,6.0,linear
25,133245,24359,24359,0.689283,0.689283,0.0,10.8,6.0,linear
26,126796,19982,19982,0.736357,0.736357,0.0,10.8,6.0,linear
27,120510,16053,16053,0.782784,0.782784,0.0,10.8,6.0,linear
28,114839,12466,12466,0.827528,0.827528,0.0,10.8,6.0,linear
29,110442,9374,9374,0.867816,0.867816,0.0,10.8,6.0,linear
30,106500,6876,6876,0.902799,0.902799,0.0,10.8,6.0,linear
31,103808,4851,4851,0.930866,0.930866,0.0,10.8,6.0,linear
32,102073,3291,3291,0.953306,0.953306,0.0,10.8,6.0,linear
33,100443,2198,2198,0.9696,0.9696,0.0,10.8,6.0,linear
34,99314,1359,1359,0.981749,0.981749,0.0,10.8,6.0,linear
35,98380,788,788,0.98994,0.98994,0.0,10.8,6.0,linear
36,98096,417,417,0.994833,0.994833,0.0,10.8,6.0,linear
37,97775,210,210,0.997535,0.997535,0.0,10.8,6.0,linear
38,97645,87,87,0.999007,0.999007,0.0,10.8,6.0,linear
39,97273,39,39,0.999579,0.999579,0.0,10.8,6.0,linear
40,96987,15,15,0.999845,0.999845,0.0,10.8,6.0,linear
41,97417,4,4,0.999959,0.999959,0.0,10.8,6.0,linear
42,97650,2,2,0.99998,0.99998,0.0,10.8,6.0,linear
43,97362,0,0,1.0,1.0,0.0,10.8,6.0,linear

