generation,size,female_size,fertile_female_size,rate_dr,rate_has_drive,drive_efficiency,drop_ratio,low_density_growth_rate,density_growth_curve
1,78527,49544,49544,0.0,0.0,0.0,10.2,6.0,linear
2,77906,49203,49203,0.0,0.0,0.0,10.2,6.0,linear
3,78924,49827,49827,0.0,0.0,0.0,10.2,6.0,linear
4,79436,50232,50232,0.0,0.0,0.0,10.2,6.0,linear
5,78659,49987,49987,0.0,0.0,0.0,10.2,6.0,linear
6,78175,49869,49869,0.0,0.0,0.0,10.2,6.0,linear
7,78712,50190,50190,0.0,0.0,0.0,10.2,6.0,linear
8,79344,50454,50454,0.0,0.0,0.0,10.2,6.0,linear
9,77500,49480,49480,0.0,0.0,0.0,10.2,6.0,linear
10,78067,49698,49698,0.0,0.0,0.0,10.2,6.0,linear
11,79717,50655,50655,0.0,0.0,0.0,10.2,6.0,linear
12,141365,50649,50649,0.32882,0.32882,0.0,10.2,6.0,linear
13,187945,58729,58729,0.399526,0.399526,0.0,10.2,6.0,linear
14,197318,64471,64471,0.387707,0.387707,0.0,10.2,6.0,linear
15,201028,67279,67279,0.390017,0.390017,0.0,10.2,6.0,linear
16,197001,67148,67148,0.402816,0.402816,0.0,10.2,6.0,linear
17,190537,64526,64526,0.420924,0.420924,0.0,10.2,6.0,linear
18,182425,59937,59937,0.440594,0.440594,0.0,10.2,6.0,linear
19,174584,54770,54770,0.463361,0.463361,0.0,10.2,6.0,linear
20,167367,49540,49540,0.486138,0.486138,0.0,10.2,6.0,linear
21,160932,45124,45124,0.514129,0.514129,0.0,10.2,6.0,linear
22,153007,40113,40113,0.545349,0.545349,0.0,10.2,6.0,linear
23,145771,35853,35853,0.578393,0.578393,0.0,10.2,6.0,linear
24,138257,31364,31364,0.613503,0.613503,0.0,10.2,6.0,linear
25,131984,27030,27030,0.653005,0.653005,0.0,10.2,6.0,linear
26,125353,22834,22834,0.694494,0.694494,0.0,10.2,6.0,linear
27,119388,18787,18787,0.739467,0.739467,0.0,10.2,6.0,linear
28,114028,15031,15031,0.785359,0.785359,0.0,10.2,6.0,linear
29,108280,11719,11719,0.828517,0.828517,0.0,10.2,6.0,linear
30,103730,8770,8770,0.870176,0.870176,0.0,10.2,6.0,linear
31,100549,6269,6269,0.906957,0.906957,0.0,10.2,6.0,linear
32,97790,4411,4411,0.935036,0.935036,0.0,10.2,6.0,linear
33,95864,2880,2880,0.958887,0.958887,0.0,10.2,6.0,linear
34,94008,1787,1787,0.974765,0.974765,0.0,10.2,6.0,linear
35,93402,1058,1058,0.985764,0.985764,0.0,10.2,6.0,linear
36,92890,602,602,0.9924,0.9924,0.0,10.2,6.0,linear
37,92431,299,299,0.99643,0.99643,0.0,10.2,6.0,linear
38,92493,133,133,0.99853,0.99853,0.0,10.2,6.0,linear
39,92303,45,45,0.999512,0.999512,0.0,10.2,6.0,linear
40,92050,14,14,0.999848,0.999848,0.0,10.2,6.0,linear
41,91733,4,4,0.999956,0.999956,0.0,10.2,6.0,linear
42,92077,0,0,1.0,1.0,0.0,10.2,6.0,linear

