generation,size,female_size,fertile_female_size,rate_dr,rate_has_drive,drive_efficiency,drop_ratio,low_density_growth_rate,density_growth_curve
1,78239,49207,49207,0.0,0.0,0.0,11.4,6.0,linear
2,78299,49189,49189,0.0,0.0,0.0,11.4,6.0,linear
3,80487,50522,50522,0.0,0.0,0.0,11.4,6.0,linear
4,80538,50873,50873,0.0,0.0,0.0,11.4,6.0,linear
5,78979,50347,50347,0.0,0.0,0.0,11.4,6.0,linear
6,77508,49742,49742,0.0,0.0,0.0,11.4,6.0,linear
7,77430,49524,49524,0.0,0.0,0.0,11.4,6.0,linear
8,78236,49757,49757,0.0,0.0,0.0,11.4,6.0,linear
9,78772,50100,50100,0.0,0.0,0.0,11.4,6.0,linear
10,79413,50576,50576,0.0,0.0,0.0,11.4,6.0,linear
11,78331,49954,49954,0.0,0.0,0.0,11.4,6.0,linear
12,146232,49596,49596,0.357618,0.357618,0.0,11.4,6.0,linear
13,197794,57924,57924,0.429146,0.429146,0.0,11.4,6.0,linear
14,207091,63427,63427,0.417119,0.417119,0.0,11.4,6.0,linear
15,210381,66278,66278,0.422216,0.422216,0.0,11.4,6.0,linear
16,204986,65495,65495,0.438758,0.438758,0.0,11.4,6.0,linear
17,196840,61915,61915,0.461985,0.461985,0.0,11.4,6.0,linear
18,188070,56608,56608,0.488504,0.488504,0.0,11.4,6.0,linear
19,178353,50133,50133,0.517696,0.517696,0.0,11.4,6.0,linear
20,170397,44845,44845,0.547615,0.547615,0.0,11.4,6.0,linear
21,162088,39327,39327,0.5819,0.5819,0.0,11.4,6.0,linear
22,154367,34324,34324,0.621488,0.621488,0.0,11.4,6.0,linear
23,145456,29244,29244,0.66305,0.66305,0.0,11.4,6.0,linear
24,138098,24417,24417,0.70501,0.70501,0.0,11.4,6.0,linear
25,131882,20161,20161,0.745808,0.745808,0.0,11.4,6.0,linear
26,126429,16248,16248,0.787895,0.787895,0.0,11.4,6.0,linear
27,121244,12842,12842,0.829279,0.829279,0.0,11.4,6.0,linear
28,116547,9780,9780,0.870399,0.870399,0.0,11.4,6.0,linear
29,112118,7130,7130,0.905901,0.905901,0.0,11.4,6.0,linear
30,109068,4893,4893,0.93559,0.93559,0.0,11.4,6.0,linear
31,107025,3204,3204,0.958924,0.958924,0.0,11.4,6.0,linear
32,105455,2000,2000,0.974499,0.974499,0.0,11.4,6.0,linear
33,103996,1195,1195,0.985145,0.985145,0.0,11.4,6.0,linear
34,103926,662,662,0.991997,0.991997,0.0,11.4,6.0,linear
35,103496,367,367,0.995633,0.995633,0.0,11.4,6.0,linear
36,103359,190,190,0.997756,0.997756,0.0,11.4,6.0,linear
37,103314,89,89,0.998945,0.998945,0.0,11.4,6.0,linear
38,103043,37,37,0.999563,0.999563,0.0,11.4,6.0,linear
39,102738,18,18,0.999815,0.999815,0.0,11.4,6.0,linear
40,102979,6,6,0.999942,0.999942,0.0,11.4,6.0,linear
41,102941,3,3,0.999971,0.999971,0.0,11.4,6.0,linear
42,102753,0,0,1.0,1.0,0.0,11.4,6.0,linear

