generation,size,female_size,fertile_female_size,rate_dr,rate_has_drive,drive_efficiency,drop_ratio,low_density_growth_rate,density_growth_curve
1,78102,49109,49109,0.0,0.0,0.0,12.0,6.0,linear
2,78392,49131,49131,0.0,0.0,0.0,12.0,6.0,linear
3,80226,50327,50327,0.0,0.0,0.0,12.0,6.0,linear
4,80937,50889,50889,0.0,0.0,0.0,12.0,6.0,linear
5,78774,50187,50187,0.0,0.0,0.0,12.0,6.0,linear
6,77242,49564,49564,0.0,0.0,0.0,12.0,6.0,linear
7,77677,49463,49463,0.0,0.0,0.0,12.0,6.0,linear
8,78699,49796,49796,0.0,0.0,0.0,12.0,6.0,linear
9,79089,50040,50040,0.0,0.0,0.0,12.0,6.0,linear
10,79323,50220,50220,0.0,0.0,0.0,12.0,6.0,linear
11,78088,49736,49736,0.0,0.0,0.0,12.0,6.0,linear
12,150477,49964,49964,0.369064,0.369064,0.0,12.0,6.0,linear
13,202904,58185,58185,0.441037,0.441037,0.0,12.0,6.0,linear
14,212965,63594,63594,0.429219,0.429219,0.0,12.0,6.0,linear
15,215503,66113,66113,0.435765,0.435765,0.0,12.0,6.0,linear
16,210124,65086,65086,0.454809,0.454809,0.0,12.0,6.0,linear
17,201897,61724,61724,0.476785,0.476785,0.0,12.0,6.0,linear
18,192663,56412,56412,0.50228,0.50228,0.0,12.0,6.0,linear
19,183416,50228,50228,0.531596,0.531596,0.0,12.0,6.0,linear
20,174696,44549,44549,0.563262,0.563262,0.0,12.0,6.0,linear
21,166640,39038,39038,0.598384,0.598384,0.0,12.0,6.0,linear
22,158010,33571,33571,0.639033,0.639033,0.0,12.0,6.0,linear
23,149984,28411,28411,0.680049,0.680049,0.0,12.0,6.0,linear
24,143329,23806,23806,0.722247,0.722247,0.0,12.0,6.0,linear
25,136343,19237,19237,0.76682,0.76682,0.0,12.0,6.0,linear
26,129900,15251,15251,0.809447,0.809447,0.0,12.0,6.0,linear
27,124520,11773,11773,0.851133,0.851133,0.0,12.0,6.0,linear
28,120166,8615,8615,0.889487,0.889487,0.0,12.0,6.0,linear
29,116670,6108,6108,0.922832,0.922832,0.0,12.0,6.0,linear
30,113841,4094,4094,0.949076,0.949076,0.0,12.0,6.0,linear
31,111784,2638,2638,0.966935,0.966935,0.0,12.0,6.0,linear
32,110252,1639,1639,0.97995,0.97995,0.0,12.0,6.0,linear
33,109168,955,955,0.988773,0.988773,0.0,12.0,6.0,linear
34,108677,515,515,0.99402,0.99402,0.0,12.0,6.0,linear
35,108396,264,264,0.997186,0.997186,0.0,12.0,6.0,linear
36,108428,130,130,0.99869,0.99869,0.0,12.0,6.0,linear
37,108102,59,59,0.999436,0.999436,0.0,12.0,6.0,linear
38,108278,16,16,0.999852,0.999852,0.0,12.0,6.0,linear
39,108410,5,5,0.999954,0.999954,0.0,12.0,6.0,linear
40,108169,0,0,1.0,1.0,0.0,12.0,6.0,linear

