generation,size,female_size,fertile_female_size,rate_dr,rate_has_drive,drive_efficiency,drop_ratio,low_density_growth_rate,density_growth_curve
1,78315,49304,49304,0.0,0.0,0.5,9.0,4.0,linear
2,78352,49165,49165,0.0,0.0,0.5,9.0,4.0,linear
3,78832,49768,49768,0.0,0.0,0.5,9.0,4.0,linear
4,79220,50160,50160,0.0,0.0,0.5,9.0,4.0,linear
5,79270,50331,50331,0.0,0.0,0.5,9.0,4.0,linear
6,79090,50356,50356,0.0,0.0,0.5,9.0,4.0,linear
7,78469,50061,50061,0.0,0.0,0.5,9.0,4.0,linear
8,78312,49893,49893,0.0,0.0,0.5,9.0,4.0,linear
9,78053,49729,49729,0.0,0.0,0.5,9.0,4.0,linear
10,78319,49825,49825,0.0,0.0,0.5,9.0,4.0,linear
11,78816,49975,49975,0.0,0.0,0.5,9.0,4.0,linear
12,132922,50018,50018,0.35524,0.37675,0.5,9.0,4.0,linear
13,157175,46890,46890,0.481003,0.52449,0.5,9.0,4.0,linear
14,151337,41089,41089,0.521564,0.597392,0.5,9.0,4.0,linear
15,145966,34468,34468,0.562286,0.671574,0.5,9.0,4.0,linear
16,141186,27988,27988,0.598588,0.737317,0.5,9.0,4.0,linear
17,136967,21430,21430,0.636028,0.796818,0.5,9.0,4.0,linear
18,131446,15817,15817,0.673231,0.843669,0.5,9.0,4.0,linear
19,124944,11491,11491,0.709835,0.87973,0.5,9.0,4.0,linear
20,117686,8244,8244,0.746209,0.906452,0.5,9.0,4.0,linear
21,110694,5916,5916,0.784653,0.92807,0.5,9.0,4.0,linear
22,103997,4161,4161,0.82181,0.946602,0.5,9.0,4.0,linear
23,98697,2799,2799,0.858339,0.961687,0.5,9.0,4.0,linear
24,94418,1885,1885,0.892557,0.973003,0.5,9.0,4.0,linear
25,90549,1209,1209,0.920989,0.981484,0.5,9.0,4.0,linear
26,87484,777,777,0.944232,0.987919,0.5,9.0,4.0,linear
27,85731,473,473,0.962102,0.992408,0.5,9.0,4.0,linear
28,83862,286,286,0.975351,0.995327,0.5,9.0,4.0,linear
29,82683,160,160,0.984707,0.997599,0.5,9.0,4.0,linear
30,82278,97,97,0.99072,0.99856,0.5,9.0,4.0,linear
31,81690,48,48,0.99447,0.99928,0.5,9.0,4.0,linear
32,81560,24,24,0.997116,0.999669,0.5,9.0,4.0,linear
33,81297,7,7,0.998519,0.999902,0.5,9.0,4.0,linear
34,81311,5,5,0.999305,0.999926,0.5,9.0,4.0,linear
35,80905,1,1,0.999642,0.999988,0.5,9.0,4.0,linear
36,81162,1,1,0.999858,0.999988,0.5,9.0,4.0,linear
37,81057,1,1,0.999944,0.999988,0.5,9.0,4.0,linear
38,81360,0,0,0.999957,1.0,0.5,9.0,4.0,linear

