generation,size,female_size,fertile_female_size,rate_dr,rate_has_drive,drive_efficiency,drop_ratio,low_density_growth_rate,density_growth_curve
1,78278,49171,49171,0.0,0.0,0.5,8.0,5.0,linear
2,77941,49014,49014,0.0,0.0,0.5,8.0,5.0,linear
3,79163,49975,49975,0.0,0.0,0.5,8.0,5.0,linear
4,80650,50881,50881,0.0,0.0,0.5,8.0,5.0,linear
5,79746,50758,50758,0.0,0.0,0.5,8.0,5.0,linear
6,78065,50030,50030,0.0,0.0,0.5,8.0,5.0,linear
7,76631,49245,49245,0.0,0.0,0.5,8.0,5.0,linear
8,76941,49118,49118,0.0,0.0,0.5,8.0,5.0,linear
9,79001,50067,50067,0.0,0.0,0.5,8.0,5.0,linear
10,80388,50789,50789,0.0,0.0,0.5,8.0,5.0,linear
11,78818,50283,50283,0.0,0.0,0.5,8.0,5.0,linear
12,126177,50057,50057,0.331865,0.352585,0.5,8.0,5.0,linear
13,147073,46923,46923,0.454463,0.498192,0.5,8.0,5.0,linear
14,141642,41088,41088,0.490961,0.569609,0.5,8.0,5.0,linear
15,138704,35530,35530,0.526065,0.6418,0.5,8.0,5.0,linear
16,135988,29478,29478,0.56167,0.711794,0.5,8.0,5.0,linear
17,133054,23341,23341,0.597108,0.773948,0.5,8.0,5.0,linear
18,128949,18003,18003,0.628226,0.821204,0.5,8.0,5.0,linear
19,124148,13705,13705,0.659152,0.856986,0.5,8.0,5.0,linear
20,117941,10255,10255,0.690614,0.883611,0.5,8.0,5.0,linear
21,110586,7677,7677,0.723155,0.903681,0.5,8.0,5.0,linear
22,103534,5710,5710,0.756483,0.921998,0.5,8.0,5.0,linear
23,97726,4291,4291,0.791106,0.937259,0.5,8.0,5.0,linear
24,92548,3217,3217,0.824041,0.950821,0.5,8.0,5.0,linear
25,87797,2351,2351,0.856658,0.96209,0.5,8.0,5.0,linear
26,83713,1679,1679,0.885447,0.972046,0.5,8.0,5.0,linear
27,80828,1127,1127,0.912109,0.98063,0.5,8.0,5.0,linear
28,78298,743,743,0.935946,0.987027,0.5,8.0,5.0,linear
29,76744,484,484,0.953456,0.991589,0.5,8.0,5.0,linear
30,75405,304,304,0.967626,0.99473,0.5,8.0,5.0,linear
31,74341,189,189,0.978378,0.996691,0.5,8.0,5.0,linear
32,73518,97,97,0.985999,0.998299,0.5,8.0,5.0,linear
33,73001,55,55,0.991753,0.998935,0.5,8.0,5.0,linear
34,73085,32,32,0.995228,0.99944,0.5,8.0,5.0,linear
35,72513,13,13,0.997293,0.999738,0.5,8.0,5.0,linear
36,72505,4,4,0.998752,0.999931,0.5,8.0,5.0,linear
37,72323,2,2,0.999364,0.999959,0.5,8.0,5.0,linear
38,72189,2,2,0.999813,0.999972,0.5,8.0,5.0,linear
39,71985,2,2,0.999951,0.999972,0.5,8.0,5.0,linear
40,72188,1,1,0.999986,0.999986,0.5,8.0,5.0,linear
41,71979,1,1,0.999986,0.999986,0.5,8.0,5.0,linear
42,72079,1,1,0.999958,0.999986,0.5,8.0,5.0,linear
43,72129,1,1,0.999986,0.999986,0.5,8.0,5.0,linear
44,72069,0,0,1.0,1.0,0.5,8.0,5.0,linear

