generation,size,female_size,fertile_female_size,rate_dr,rate_has_drive,drive_efficiency,drop_ratio,low_density_growth_rate,density_growth_curve
1,78118,49184,49184,0.0,0.0,0.5,5.0,2.0,linear
2,77943,49114,49114,0.0,0.0,0.5,5.0,2.0,linear
3,77701,49176,49176,0.0,0.0,0.5,5.0,2.0,linear
4,77729,49355,49355,0.0,0.0,0.5,5.0,2.0,linear
5,78098,49671,49671,0.0,0.0,0.5,5.0,2.0,linear
6,78102,49802,49802,0.0,0.0,0.5,5.0,2.0,linear
7,78111,49751,49751,0.0,0.0,0.5,5.0,2.0,linear
8,78122,49825,49825,0.0,0.0,0.5,5.0,2.0,linear
9,78147,49880,49880,0.0,0.0,0.5,5.0,2.0,linear
10,78294,49974,49974,0.0,0.0,0.5,5.0,2.0,linear
11,78572,49921,49921,0.0,0.0,0.5,5.0,2.0,linear
12,109197,50151,50151,0.238983,0.258511,0.5,5.0,2.0,linear
13,121197,47511,47511,0.346887,0.392659,0.5,5.0,2.0,linear
14,116360,42367,42367,0.389497,0.466119,0.5,5.0,2.0,linear
15,110133,36221,36221,0.438699,0.54642,0.5,5.0,2.0,linear
16,102594,29569,29569,0.486003,0.620091,0.5,5.0,2.0,linear
17,94513,22944,22944,0.535713,0.68993,0.5,5.0,2.0,linear
18,86905,16866,16866,0.588192,0.750949,0.5,5.0,2.0,linear
19,79150,12111,12111,0.638361,0.801006,0.5,5.0,2.0,linear
20,72021,8701,8701,0.689531,0.841017,0.5,5.0,2.0,linear
21,65328,5996,5996,0.741618,0.878731,0.5,5.0,2.0,linear
22,60332,4111,4111,0.793401,0.910023,0.5,5.0,2.0,linear
23,55940,2699,2699,0.841353,0.93621,0.5,5.0,2.0,linear
24,52740,1743,1743,0.883207,0.957254,0.5,5.0,2.0,linear
25,50003,1042,1042,0.919377,0.973524,0.5,5.0,2.0,linear
26,48674,631,631,0.944925,0.983648,0.5,5.0,2.0,linear
27,47103,387,387,0.964671,0.9899,0.5,5.0,2.0,linear
28,46410,205,205,0.978274,0.994603,0.5,5.0,2.0,linear
29,45743,108,108,0.987019,0.997195,0.5,5.0,2.0,linear
30,45385,56,56,0.992998,0.998637,0.5,5.0,2.0,linear
31,45413,28,28,0.996217,0.99934,0.5,5.0,2.0,linear
32,45275,11,11,0.998432,0.999735,0.5,5.0,2.0,linear
33,45016,4,4,0.999378,0.999845,0.5,5.0,2.0,linear
34,45277,0,0,0.999746,0.999934,0.5,5.0,2.0,linear

