generation,size,female_size,fertile_female_size,rate_dr,rate_has_drive,drive_efficiency,drop_ratio,low_density_growth_rate,density_growth_curve
1,77861,48850,48850,0.0,0.0,0.5,4.0,4.0,linear
2,77901,48838,48838,0.0,0.0,0.5,4.0,4.0,linear
3,78886,49511,49511,0.0,0.0,0.5,4.0,4.0,linear
4,79509,50105,50105,0.0,0.0,0.5,4.0,4.0,linear
5,79663,50455,50455,0.0,0.0,0.5,4.0,4.0,linear
6,78841,50232,50232,0.0,0.0,0.5,4.0,4.0,linear
7,78046,49935,49935,0.0,0.0,0.5,4.0,4.0,linear
8,78356,49638,49638,0.0,0.0,0.5,4.0,4.0,linear
9,78273,49640,49640,0.0,0.0,0.5,4.0,4.0,linear
10,78309,49750,49750,0.0,0.0,0.5,4.0,4.0,linear
11,78403,49872,49872,0.0,0.0,0.5,4.0,4.0,linear
12,102816,50058,50058,0.201965,0.221429,0.5,4.0,4.0,linear
13,112723,47698,47698,0.300676,0.345273,0.5,4.0,4.0,linear
14,107497,42738,42738,0.340099,0.418672,0.5,4.0,4.0,linear
15,102822,37283,37283,0.381354,0.498199,0.5,4.0,4.0,linear
16,99972,32212,32212,0.419069,0.570657,0.5,4.0,4.0,linear
17,96459,26857,26857,0.455286,0.637454,0.5,4.0,4.0,linear
18,92701,21877,21877,0.487816,0.690885,0.5,4.0,4.0,linear
19,87859,17986,17986,0.515709,0.730291,0.5,4.0,4.0,linear
20,83304,14860,14860,0.542257,0.761958,0.5,4.0,4.0,linear
21,78174,12166,12166,0.569792,0.787716,0.5,4.0,4.0,linear
22,72731,10007,10007,0.596486,0.811162,0.5,4.0,4.0,linear
23,67563,8143,8143,0.626493,0.834714,0.5,4.0,4.0,linear
24,62787,6490,6490,0.657781,0.857906,0.5,4.0,4.0,linear
25,58798,5173,5173,0.689509,0.877849,0.5,4.0,4.0,linear
26,55139,4045,4045,0.725902,0.899787,0.5,4.0,4.0,linear
27,51578,3071,3071,0.760596,0.918407,0.5,4.0,4.0,linear
28,48264,2260,2260,0.795698,0.93655,0.5,4.0,4.0,linear
29,45507,1602,1602,0.832528,0.953085,0.5,4.0,4.0,linear
30,43364,1105,1105,0.869119,0.966684,0.5,4.0,4.0,linear
31,41176,707,707,0.900304,0.977566,0.5,4.0,4.0,linear
32,39703,431,431,0.928476,0.985075,0.5,4.0,4.0,linear
33,38360,272,272,0.950639,0.990473,0.5,4.0,4.0,linear
34,37483,149,149,0.969069,0.994589,0.5,4.0,4.0,linear
35,36982,88,88,0.981465,0.996891,0.5,4.0,4.0,linear
36,36573,46,46,0.989472,0.99842,0.5,4.0,4.0,linear
37,36273,27,27,0.993954,0.999231,0.5,4.0,4.0,linear
38,36366,13,13,0.996938,0.999643,0.5,4.0,4.0,linear
39,36333,3,3,0.998625,0.999917,0.5,4.0,4.0,linear
40,36056,1,1,0.999418,0.999972,0.5,4.0,4.0,linear
41,36044,0,0,0.999778,1.0,0.5,4.0,4.0,linear

