generation,size,female_size,fertile_female_size,rate_dr,rate_has_drive,drive_efficiency,drop_ratio,low_density_growth_rate,density_growth_curve
1,78311,49374,49374,0.0,0.0,0.5,4.5,3.0,linear
2,78564,49404,49404,0.0,0.0,0.5,4.5,3.0,linear
3,78038,49387,49387,0.0,0.0,0.5,4.5,3.0,linear
4,78410,49750,49750,0.0,0.0,0.5,4.5,3.0,linear
5,78656,50059,50059,0.0,0.0,0.5,4.5,3.0,linear
6,78997,50233,50233,0.0,0.0,0.5,4.5,3.0,linear
7,78649,50095,50095,0.0,0.0,0.5,4.5,3.0,linear
8,78704,50321,50321,0.0,0.0,0.5,4.5,3.0,linear
9,78658,50235,50235,0.0,0.0,0.5,4.5,3.0,linear
10,78501,50021,50021,0.0,0.0,0.5,4.5,3.0,linear
11,78490,49770,49770,0.0,0.0,0.5,4.5,3.0,linear
12,104762,49428,49428,0.221709,0.241736,0.5,4.5,3.0,linear
13,116058,47001,47001,0.325559,0.371963,0.5,4.5,3.0,linear
14,111486,42164,42164,0.367257,0.447581,0.5,4.5,3.0,linear
15,106343,36618,36618,0.410196,0.524355,0.5,4.5,3.0,linear
16,101653,30953,30953,0.452406,0.597823,0.5,4.5,3.0,linear
17,96358,25007,25007,0.4962,0.667219,0.5,4.5,3.0,linear
18,89888,19365,19365,0.534467,0.723547,0.5,4.5,3.0,linear
19,83931,15038,15038,0.572019,0.768322,0.5,4.5,3.0,linear
20,78043,11559,11559,0.611077,0.805272,0.5,4.5,3.0,linear
21,71806,8622,8622,0.651309,0.838262,0.5,4.5,3.0,linear
22,65448,6422,6422,0.690771,0.867052,0.5,4.5,3.0,linear
23,60589,4665,4665,0.735369,0.89427,0.5,4.5,3.0,linear
24,55915,3341,3341,0.781246,0.918806,0.5,4.5,3.0,linear
25,52113,2316,2316,0.822473,0.938878,0.5,4.5,3.0,linear
26,49170,1546,1546,0.863446,0.956164,0.5,4.5,3.0,linear
27,46613,1064,1064,0.897546,0.969309,0.5,4.5,3.0,linear
28,44711,697,697,0.924991,0.979687,0.5,4.5,3.0,linear
29,43482,441,441,0.947902,0.986569,0.5,4.5,3.0,linear
30,42540,266,266,0.965217,0.992193,0.5,4.5,3.0,linear
31,41628,159,159,0.977743,0.995413,0.5,4.5,3.0,linear
32,41242,78,78,0.986279,0.997689,0.5,4.5,3.0,linear
33,41084,33,33,0.992272,0.999005,0.5,4.5,3.0,linear
34,40950,22,22,0.996,0.99939,0.5,4.5,3.0,linear
35,40578,11,11,0.997797,0.999705,0.5,4.5,3.0,linear
36,40623,8,8,0.998672,0.999803,0.5,4.5,3.0,linear
37,40578,3,3,0.999396,0.999926,0.5,4.5,3.0,linear
38,40432,1,1,0.999666,0.999975,0.5,4.5,3.0,linear
39,40664,0,0,0.999865,1.0,0.5,4.5,3.0,linear

