generation,size,female_size,fertile_female_size,rate_dr,rate_has_drive,drive_efficiency,drop_ratio,low_density_growth_rate,density_growth_curve
1,78209,49193,49193,0.0,0.0,0.5,7.5,7.0,linear
2,78072,48866,48866,0.0,0.0,0.5,7.5,7.0,linear
3,79512,49895,49895,0.0,0.0,0.5,7.5,7.0,linear
4,80376,50796,50796,0.0,0.0,0.5,7.5,7.0,linear
5,79680,50486,50486,0.0,0.0,0.5,7.5,7.0,linear
6,78298,49911,49911,0.0,0.0,0.5,7.5,7.0,linear
7,79055,50386,50386,0.0,0.0,0.5,7.5,7.0,linear
8,78775,50060,50060,0.0,0.0,0.5,7.5,7.0,linear
9,76904,49124,49124,0.0,0.0,0.5,7.5,7.0,linear
10,76733,49067,49067,0.0,0.0,0.5,7.5,7.0,linear
11,80140,50586,50586,0.0,0.0,0.5,7.5,7.0,linear
12,125594,50773,50773,0.315398,0.336882,0.5,7.5,7.0,linear
13,144203,47019,47019,0.441669,0.486097,0.5,7.5,7.0,linear
14,136662,40770,40770,0.477656,0.562066,0.5,7.5,7.0,linear
15,135352,35900,35900,0.507635,0.634011,0.5,7.5,7.0,linear
16,136100,30892,30892,0.536237,0.700061,0.5,7.5,7.0,linear
17,135601,25449,25449,0.564246,0.759085,0.5,7.5,7.0,linear
18,133784,20356,20356,0.590115,0.806274,0.5,7.5,7.0,linear
19,131069,16422,16422,0.612381,0.838639,0.5,7.5,7.0,linear
20,126226,13300,13300,0.632194,0.860605,0.5,7.5,7.0,linear
21,120861,10909,10909,0.652161,0.875008,0.5,7.5,7.0,linear
22,115361,9018,9018,0.675775,0.890942,0.5,7.5,7.0,linear
23,109420,7470,7470,0.697529,0.903584,0.5,7.5,7.0,linear
24,104607,6238,6238,0.721496,0.916038,0.5,7.5,7.0,linear
25,99775,5142,5142,0.744025,0.926157,0.5,7.5,7.0,linear
26,94943,4192,4192,0.767568,0.934576,0.5,7.5,7.0,linear
27,90809,3414,3414,0.791803,0.944487,0.5,7.5,7.0,linear
28,87259,2683,2683,0.81635,0.954317,0.5,7.5,7.0,linear
29,83880,2103,2103,0.843485,0.963082,0.5,7.5,7.0,linear
30,80751,1577,1577,0.868091,0.971737,0.5,7.5,7.0,linear
31,77984,1173,1173,0.892175,0.978707,0.5,7.5,7.0,linear
32,75715,854,854,0.915833,0.984527,0.5,7.5,7.0,linear
33,73938,583,583,0.933056,0.989356,0.5,7.5,7.0,linear
34,72568,385,385,0.950776,0.992944,0.5,7.5,7.0,linear
35,71093,246,246,0.966247,0.995473,0.5,7.5,7.0,linear
36,69886,155,155,0.976561,0.99702,0.5,7.5,7.0,linear
37,69079,94,94,0.984838,0.998063,0.5,7.5,7.0,linear
38,68899,52,52,0.990769,0.998945,0.5,7.5,7.0,linear
39,68280,29,29,0.994232,0.999504,0.5,7.5,7.0,linear
40,67640,16,16,0.996532,0.999764,0.5,7.5,7.0,linear
41,67750,7,7,0.998075,0.999897,0.5,7.5,7.0,linear
42,67953,0,0,0.999154,1.0,0.5,7.5,7.0,linear

