generation,size,female_size,fertile_female_size,rate_dr,rate_has_drive,drive_efficiency,drop_ratio,low_density_growth_rate,density_growth_curve
1,78199,49290,49290,0.0,0.0,0.5,6.5,2.0,linear
2,78339,49308,49308,0.0,0.0,0.5,6.5,2.0,linear
3,78395,49666,49666,0.0,0.0,0.5,6.5,2.0,linear
4,78336,50023,50023,0.0,0.0,0.5,6.5,2.0,linear
5,78444,50093,50093,0.0,0.0,0.5,6.5,2.0,linear
6,78628,50317,50317,0.0,0.0,0.5,6.5,2.0,linear
7,78988,50338,50338,0.0,0.0,0.5,6.5,2.0,linear
8,79014,50472,50472,0.0,0.0,0.5,6.5,2.0,linear
9,78873,50352,50352,0.0,0.0,0.5,6.5,2.0,linear
10,78424,50082,50082,0.0,0.0,0.5,6.5,2.0,linear
11,78404,49982,49982,0.0,0.0,0.5,6.5,2.0,linear
12,117668,50046,50046,0.288323,0.309425,0.5,6.5,2.0,linear
13,134264,46755,46755,0.407292,0.453414,0.5,6.5,2.0,linear
14,128785,41446,41446,0.449449,0.525336,0.5,6.5,2.0,linear
15,121823,34766,34766,0.497268,0.60207,0.5,6.5,2.0,linear
16,114205,27928,27928,0.549317,0.677836,0.5,6.5,2.0,linear
17,105934,21004,21004,0.601922,0.745959,0.5,6.5,2.0,linear
18,97681,14913,14913,0.654394,0.803757,0.5,6.5,2.0,linear
19,89797,10329,10329,0.707241,0.850407,0.5,6.5,2.0,linear
20,82423,7041,7041,0.758639,0.888607,0.5,6.5,2.0,linear
21,76243,4697,4697,0.809466,0.91915,0.5,6.5,2.0,linear
22,71277,2995,2995,0.857208,0.944594,0.5,6.5,2.0,linear
23,67044,1905,1905,0.897322,0.962666,0.5,6.5,2.0,linear
24,64597,1168,1168,0.92899,0.97652,0.5,6.5,2.0,linear
25,62474,672,672,0.953736,0.985776,0.5,6.5,2.0,linear
26,61031,359,359,0.971275,0.992299,0.5,6.5,2.0,linear
27,59875,193,193,0.983316,0.996104,0.5,6.5,2.0,linear
28,59403,99,99,0.990297,0.998006,0.5,6.5,2.0,linear
29,59197,57,57,0.994805,0.998887,0.5,6.5,2.0,linear
30,59045,29,29,0.997377,0.999492,0.5,6.5,2.0,linear
31,58613,11,11,0.998398,0.999813,0.5,6.5,2.0,linear
32,58607,2,2,0.99925,0.999966,0.5,6.5,2.0,linear
33,58443,2,2,0.999649,0.999966,0.5,6.5,2.0,linear
34,58657,0,0,0.999821,1.0,0.5,6.5,2.0,linear

