generation,size,female_size,fertile_female_size,rate_dr,rate_has_drive,drive_efficiency,drop_ratio,low_density_growth_rate,density_growth_curve
1,77756,48952,48952,0.0,0.0,0.5,8.5,3.0,linear
2,77883,49208,49208,0.0,0.0,0.5,8.5,3.0,linear
3,78586,49725,49725,0.0,0.0,0.5,8.5,3.0,linear
4,78608,49659,49659,0.0,0.0,0.5,8.5,3.0,linear
5,78460,49640,49640,0.0,0.0,0.5,8.5,3.0,linear
6,78520,49905,49905,0.0,0.0,0.5,8.5,3.0,linear
7,78808,50070,50070,0.0,0.0,0.5,8.5,3.0,linear
8,78429,49812,49812,0.0,0.0,0.5,8.5,3.0,linear
9,78401,49799,49799,0.0,0.0,0.5,8.5,3.0,linear
10,78309,49783,49783,0.0,0.0,0.5,8.5,3.0,linear
11,78731,50013,50013,0.0,0.0,0.5,8.5,3.0,linear
12,129782,49983,49983,0.344334,0.365879,0.5,8.5,3.0,linear
13,152119,46959,46959,0.46842,0.512669,0.5,8.5,3.0,linear
14,146348,40981,40981,0.511256,0.586061,0.5,8.5,3.0,linear
15,140467,34147,34147,0.555934,0.661524,0.5,8.5,3.0,linear
16,134659,27372,27372,0.598311,0.729173,0.5,8.5,3.0,linear
17,127722,20753,20753,0.641273,0.790794,0.5,8.5,3.0,linear
18,120775,14738,14738,0.686207,0.842351,0.5,8.5,3.0,linear
19,113702,10342,10342,0.729471,0.880727,0.5,8.5,3.0,linear
20,106373,7288,7288,0.7717,0.909469,0.5,8.5,3.0,linear
21,99554,4948,4948,0.813933,0.932925,0.5,8.5,3.0,linear
22,93997,3360,3360,0.852298,0.950849,0.5,8.5,3.0,linear
23,89206,2229,2229,0.889189,0.966019,0.5,8.5,3.0,linear
24,85470,1412,1412,0.920163,0.978032,0.5,8.5,3.0,linear
25,82616,890,890,0.943784,0.985637,0.5,8.5,3.0,linear
26,80624,533,533,0.96301,0.991359,0.5,8.5,3.0,linear
27,79345,336,336,0.976203,0.99469,0.5,8.5,3.0,linear
28,78355,184,184,0.98585,0.997109,0.5,8.5,3.0,linear
29,77544,79,79,0.991665,0.998639,0.5,8.5,3.0,linear
30,77422,33,33,0.995397,0.999368,0.5,8.5,3.0,linear
31,77302,16,16,0.99766,0.999677,0.5,8.5,3.0,linear
32,77058,8,8,0.998722,0.999857,0.5,8.5,3.0,linear
33,76524,4,4,0.99949,0.999948,0.5,8.5,3.0,linear
34,76682,2,2,0.999739,0.999974,0.5,8.5,3.0,linear
35,76546,1,1,0.999902,0.999987,0.5,8.5,3.0,linear
36,76690,0,0,0.999974,1.0,0.5,8.5,3.0,linear

