generation,size,female_size,fertile_female_size,rate_dr,rate_has_drive,drive_efficiency,drop_ratio,low_density_growth_rate,density_growth_curve
1,78014,48993,48993,0.0,0.0,0.5,8.5,2.0,linear
2,78457,49319,49319,0.0,0.0,0.5,8.5,2.0,linear
3,78146,49493,49493,0.0,0.0,0.5,8.5,2.0,linear
4,78014,49629,49629,0.0,0.0,0.5,8.5,2.0,linear
5,78672,50080,50080,0.0,0.0,0.5,8.5,2.0,linear
6,78630,49967,49967,0.0,0.0,0.5,8.5,2.0,linear
7,78775,49996,49996,0.0,0.0,0.5,8.5,2.0,linear
8,79284,50267,50267,0.0,0.0,0.5,8.5,2.0,linear
9,78800,49961,49961,0.0,0.0,0.5,8.5,2.0,linear
10,78603,49987,49987,0.0,0.0,0.5,8.5,2.0,linear
11,78578,49715,49715,0.0,0.0,0.5,8.5,2.0,linear
12,129747,49862,49862,0.34343,0.363552,0.5,8.5,2.0,linear
13,151971,46652,46652,0.469188,0.513287,0.5,8.5,2.0,linear
14,146178,40897,40897,0.512491,0.585436,0.5,8.5,2.0,linear
15,139115,34065,34065,0.560416,0.660061,0.5,8.5,2.0,linear
16,131461,26807,26807,0.61073,0.730712,0.5,8.5,2.0,linear
17,123184,19824,19824,0.661959,0.795176,0.5,8.5,2.0,linear
18,114280,13542,13542,0.713369,0.848137,0.5,8.5,2.0,linear
19,106689,9261,9261,0.764963,0.889149,0.5,8.5,2.0,linear
20,98985,6041,6041,0.812718,0.920467,0.5,8.5,2.0,linear
21,93102,3923,3923,0.858254,0.944802,0.5,8.5,2.0,linear
22,87865,2424,2424,0.8985,0.963867,0.5,8.5,2.0,linear
23,83895,1438,1438,0.930867,0.977469,0.5,8.5,2.0,linear
24,81371,866,866,0.955054,0.98613,0.5,8.5,2.0,linear
25,79674,489,489,0.972125,0.992041,0.5,8.5,2.0,linear
26,78621,271,271,0.983427,0.995808,0.5,8.5,2.0,linear
27,77896,132,132,0.990668,0.998019,0.5,8.5,2.0,linear
28,77284,65,65,0.994917,0.999031,0.5,8.5,2.0,linear
29,76972,26,26,0.99734,0.999611,0.5,8.5,2.0,linear
30,76731,9,9,0.998593,0.999883,0.5,8.5,2.0,linear
31,76378,1,1,0.999457,0.999987,0.5,8.5,2.0,linear
32,76768,1,1,0.99972,0.999987,0.5,8.5,2.0,linear
33,76635,1,1,0.999909,0.999987,0.5,8.5,2.0,linear
34,76965,0,0,0.999994,1.0,0.5,8.5,2.0,linear

