generation,size,female_size,fertile_female_size,rate_dr,rate_has_drive,drive_efficiency,drop_ratio,low_density_growth_rate,density_growth_curve
1,78218,49208,49208,0.0,0.0,0.5,8.5,6.0,linear
2,78199,49190,49190,0.0,0.0,0.5,8.5,6.0,linear
3,79706,50078,50078,0.0,0.0,0.5,8.5,6.0,linear
4,80589,50786,50786,0.0,0.0,0.5,8.5,6.0,linear
5,78721,50132,50132,0.0,0.0,0.5,8.5,6.0,linear
6,77593,49664,49664,0.0,0.0,0.5,8.5,6.0,linear
7,77014,49355,49355,0.0,0.0,0.5,8.5,6.0,linear
8,78411,49704,49704,0.0,0.0,0.5,8.5,6.0,linear
9,79378,50366,50366,0.0,0.0,0.5,8.5,6.0,linear
10,79614,50434,50434,0.0,0.0,0.5,8.5,6.0,linear
11,78710,50144,50144,0.0,0.0,0.5,8.5,6.0,linear
12,129011,49990,49990,0.343045,0.363513,0.5,8.5,6.0,linear
13,151289,46491,46491,0.468726,0.512589,0.5,8.5,6.0,linear
14,146252,40957,40957,0.502996,0.582838,0.5,8.5,6.0,linear
15,143985,35386,35386,0.537306,0.65543,0.5,8.5,6.0,linear
16,142658,29711,29711,0.568029,0.721897,0.5,8.5,6.0,linear
17,140822,23904,23904,0.598284,0.781551,0.5,8.5,6.0,linear
18,137496,18399,18399,0.627169,0.828131,0.5,8.5,6.0,linear
19,133556,14404,14404,0.653434,0.859777,0.5,8.5,6.0,linear
20,128048,11182,11182,0.679837,0.883199,0.5,8.5,6.0,linear
21,121816,8601,8601,0.707155,0.90206,0.5,8.5,6.0,linear
22,114927,6593,6593,0.737459,0.919199,0.5,8.5,6.0,linear
23,108744,5075,5075,0.768649,0.932911,0.5,8.5,6.0,linear
24,102524,3966,3966,0.7977,0.944275,0.5,8.5,6.0,linear
25,97237,3034,3034,0.826749,0.955727,0.5,8.5,6.0,linear
26,93281,2291,2291,0.85453,0.964788,0.5,8.5,6.0,linear
27,89935,1675,1675,0.881224,0.974011,0.5,8.5,6.0,linear
28,86543,1130,1130,0.906742,0.981783,0.5,8.5,6.0,linear
29,84083,743,743,0.930672,0.98801,0.5,8.5,6.0,linear
30,81597,476,476,0.949287,0.992145,0.5,8.5,6.0,linear
31,80217,290,290,0.965309,0.995357,0.5,8.5,6.0,linear
32,79363,167,167,0.977642,0.997386,0.5,8.5,6.0,linear
33,77927,76,76,0.986495,0.998802,0.5,8.5,6.0,linear
34,77661,43,43,0.992162,0.999423,0.5,8.5,6.0,linear
35,77227,19,19,0.995785,0.999741,0.5,8.5,6.0,linear
36,76920,9,9,0.997908,0.99987,0.5,8.5,6.0,linear
37,76865,3,3,0.998849,0.999961,0.5,8.5,6.0,linear
38,76785,0,0,0.999453,1.0,0.5,8.5,6.0,linear

