generation,size,female_size,fertile_female_size,rate_dr,rate_has_drive,drive_efficiency,drop_ratio,low_density_growth_rate,density_growth_curve
1,78402,49091,49091,0.0,0.0,0.5,6.5,2.0,linear
2,78383,49078,49078,0.0,0.0,0.5,6.5,2.0,linear
3,78163,49219,49219,0.0,0.0,0.5,6.5,2.0,linear
4,78061,49539,49539,0.0,0.0,0.5,6.5,2.0,linear
5,78186,49771,49771,0.0,0.0,0.5,6.5,2.0,linear
6,78556,49890,49890,0.0,0.0,0.5,6.5,2.0,linear
7,78591,49804,49804,0.0,0.0,0.5,6.5,2.0,linear
8,78418,49877,49877,0.0,0.0,0.5,6.5,2.0,linear
9,78488,49990,49990,0.0,0.0,0.5,6.5,2.0,linear
10,78320,49930,49930,0.0,0.0,0.5,6.5,2.0,linear
11,78334,49826,49826,0.0,0.0,0.5,6.5,2.0,linear
12,118296,50171,50171,0.288452,0.309268,0.5,6.5,2.0,linear
13,134255,46885,46885,0.405904,0.451792,0.5,6.5,2.0,linear
14,128575,41424,41424,0.449691,0.526604,0.5,6.5,2.0,linear
15,122118,34987,34987,0.49761,0.602433,0.5,6.5,2.0,linear
16,114645,28021,28021,0.547778,0.676543,0.5,6.5,2.0,linear
17,106473,21183,21183,0.599169,0.744381,0.5,6.5,2.0,linear
18,98585,15244,15244,0.651473,0.802387,0.5,6.5,2.0,linear
19,90434,10576,10576,0.705133,0.848726,0.5,6.5,2.0,linear
20,82551,7243,7243,0.75657,0.886593,0.5,6.5,2.0,linear
21,76258,4806,4806,0.806326,0.917972,0.5,6.5,2.0,linear
22,71570,3099,3099,0.854663,0.943796,0.5,6.5,2.0,linear
23,67564,1947,1947,0.89577,0.962763,0.5,6.5,2.0,linear
24,64733,1201,1201,0.928504,0.976517,0.5,6.5,2.0,linear
25,62529,720,720,0.953228,0.985693,0.5,6.5,2.0,linear
26,60723,395,395,0.97064,0.991999,0.5,6.5,2.0,linear
27,60003,185,185,0.982528,0.996244,0.5,6.5,2.0,linear
28,59268,104,104,0.990077,0.998,0.5,6.5,2.0,linear
29,59141,48,48,0.994729,0.99914,0.5,6.5,2.0,linear
30,58888,16,16,0.997413,0.999729,0.5,6.5,2.0,linear
31,58759,7,7,0.998979,0.999881,0.5,6.5,2.0,linear
32,58785,1,1,0.999719,0.999983,0.5,6.5,2.0,linear
33,58830,1,1,0.99989,0.999983,0.5,6.5,2.0,linear
34,58687,0,0,0.999974,1.0,0.5,6.5,2.0,linear

