generation,size,female_size,fertile_female_size,rate_dr,rate_has_drive,drive_efficiency,drop_ratio,low_density_growth_rate,density_growth_curve
1,78639,49533,49533,0.0,0.0,0.5,9.5,7.0,linear
2,78376,49528,49528,0.0,0.0,0.5,9.5,7.0,linear
3,79528,50312,50312,0.0,0.0,0.5,9.5,7.0,linear
4,78874,50327,50327,0.0,0.0,0.5,9.5,7.0,linear
5,77901,49746,49746,0.0,0.0,0.5,9.5,7.0,linear
6,78175,49796,49796,0.0,0.0,0.5,9.5,7.0,linear
7,78359,49880,49880,0.0,0.0,0.5,9.5,7.0,linear
8,78731,49921,49921,0.0,0.0,0.5,9.5,7.0,linear
9,77998,49553,49553,0.0,0.0,0.5,9.5,7.0,linear
10,77693,49424,49424,0.0,0.0,0.5,9.5,7.0,linear
11,79616,50429,50429,0.0,0.0,0.5,9.5,7.0,linear
12,136679,50464,50464,0.368245,0.389654,0.5,9.5,7.0,linear
13,160787,46401,46401,0.499409,0.541599,0.5,9.5,7.0,linear
14,153272,39939,39939,0.532466,0.615339,0.5,9.5,7.0,linear
15,152822,34697,34697,0.558555,0.681363,0.5,9.5,7.0,linear
16,153758,29339,29339,0.585608,0.74315,0.5,9.5,7.0,linear
17,152633,23423,23423,0.613179,0.799802,0.5,9.5,7.0,linear
18,150324,18257,18257,0.639515,0.843093,0.5,9.5,7.0,linear
19,146678,14255,14255,0.663717,0.872718,0.5,9.5,7.0,linear
20,141652,11222,11222,0.68739,0.894286,0.5,9.5,7.0,linear
21,134854,8710,8710,0.711522,0.910535,0.5,9.5,7.0,linear
22,128436,6826,6826,0.738601,0.924234,0.5,9.5,7.0,linear
23,121949,5375,5375,0.765962,0.935515,0.5,9.5,7.0,linear
24,115457,4326,4326,0.793419,0.945617,0.5,9.5,7.0,linear
25,109889,3428,3428,0.820145,0.955451,0.5,9.5,7.0,linear
26,105207,2584,2584,0.844611,0.964723,0.5,9.5,7.0,linear
27,101860,1924,1924,0.871801,0.972669,0.5,9.5,7.0,linear
28,98047,1399,1399,0.895966,0.979391,0.5,9.5,7.0,linear
29,95037,959,959,0.917313,0.98536,0.5,9.5,7.0,linear
30,93116,657,657,0.938377,0.989753,0.5,9.5,7.0,linear
31,90904,419,419,0.953978,0.993545,0.5,9.5,7.0,linear
32,89382,293,293,0.968595,0.995602,0.5,9.5,7.0,linear
33,88097,162,162,0.977907,0.997572,0.5,9.5,7.0,linear
34,87520,103,103,0.984982,0.99838,0.5,9.5,7.0,linear
35,86876,71,71,0.99013,0.998924,0.5,9.5,7.0,linear
36,86612,43,43,0.993382,0.99946,0.5,9.5,7.0,linear
37,86301,24,24,0.996166,0.999688,0.5,9.5,7.0,linear
38,86156,10,10,0.99756,0.999884,0.5,9.5,7.0,linear
39,86021,6,6,0.99867,0.99993,0.5,9.5,7.0,linear
40,85868,3,3,0.999325,0.999965,0.5,9.5,7.0,linear
41,85793,1,1,0.999645,0.999988,0.5,9.5,7.0,linear
42,85688,0,0,0.999889,1.0,0.5,9.5,7.0,linear

