generation,size,female_size,fertile_female_size,rate_dr,rate_has_drive,drive_efficiency,drop_ratio,low_density_growth_rate,density_growth_curve
1,78376,49462,49462,0.0,0.0,0.5,3.0,2.0,linear
2,78485,49459,49459,0.0,0.0,0.5,3.0,2.0,linear
3,78157,49452,49452,0.0,0.0,0.5,3.0,2.0,linear
4,78013,49370,49370,0.0,0.0,0.5,3.0,2.0,linear
5,78182,49626,49626,0.0,0.0,0.5,3.0,2.0,linear
6,78265,49753,49753,0.0,0.0,0.5,3.0,2.0,linear
7,78530,49929,49929,0.0,0.0,0.5,3.0,2.0,linear
8,78592,49887,49887,0.0,0.0,0.5,3.0,2.0,linear
9,78403,49842,49842,0.0,0.0,0.5,3.0,2.0,linear
10,78405,49760,49760,0.0,0.0,0.5,3.0,2.0,linear
11,78492,49888,49888,0.0,0.0,0.5,3.0,2.0,linear
12,96751,50116,50116,0.161404,0.179227,0.5,3.0,2.0,linear
13,103828,48132,48132,0.247098,0.289779,0.5,3.0,2.0,linear
14,99383,43896,43896,0.28607,0.359804,0.5,3.0,2.0,linear
15,94241,38784,38784,0.326682,0.43156,0.5,3.0,2.0,linear
16,87674,32761,32761,0.368768,0.501277,0.5,3.0,2.0,linear
17,80897,26719,26719,0.412109,0.567536,0.5,3.0,2.0,linear
18,73655,21044,21044,0.455193,0.627774,0.5,3.0,2.0,linear
19,66916,16358,16358,0.497978,0.679708,0.5,3.0,2.0,linear
20,60197,12663,12663,0.541312,0.726402,0.5,3.0,2.0,linear
21,53940,9649,9649,0.587147,0.768772,0.5,3.0,2.0,linear
22,48585,7203,7203,0.637,0.809581,0.5,3.0,2.0,linear
23,43769,5177,5177,0.686511,0.845993,0.5,3.0,2.0,linear
24,39709,3674,3674,0.737851,0.87948,0.5,3.0,2.0,linear
25,36506,2463,2463,0.788294,0.907957,0.5,3.0,2.0,linear
26,33855,1664,1664,0.835504,0.933284,0.5,3.0,2.0,linear
27,31886,1075,1075,0.880757,0.953705,0.5,3.0,2.0,linear
28,30386,673,673,0.914889,0.969589,0.5,3.0,2.0,linear
29,29142,414,414,0.942459,0.981443,0.5,3.0,2.0,linear
30,28585,245,245,0.962595,0.988959,0.5,3.0,2.0,linear
31,28042,142,142,0.976061,0.993583,0.5,3.0,2.0,linear
32,27378,78,78,0.985599,0.996441,0.5,3.0,2.0,linear
33,27208,49,49,0.99143,0.997876,0.5,3.0,2.0,linear
34,27192,25,25,0.994992,0.998826,0.5,3.0,2.0,linear
35,27066,10,10,0.997527,0.999483,0.5,3.0,2.0,linear
36,27108,9,9,0.998415,0.999521,0.5,3.0,2.0,linear
37,27138,2,2,0.999282,0.999889,0.5,3.0,2.0,linear
38,27163,0,0,0.999761,1.0,0.5,3.0,2.0,linear

