generation,size,female_size,fertile_female_size,rate_dr,rate_has_drive,drive_efficiency,drop_ratio,low_density_growth_rate,density_growth_curve
1,78129,49293,49293,0.0,0.0,0.5,5.5,5.0,linear
2,78509,49397,49397,0.0,0.0,0.5,5.5,5.0,linear
3,78828,49855,49855,0.0,0.0,0.5,5.5,5.0,linear
4,78571,49920,49920,0.0,0.0,0.5,5.5,5.0,linear
5,79417,50575,50575,0.0,0.0,0.5,5.5,5.0,linear
6,79462,50562,50562,0.0,0.0,0.5,5.5,5.0,linear
7,78885,50180,50180,0.0,0.0,0.5,5.5,5.0,linear
8,77355,49238,49238,0.0,0.0,0.5,5.5,5.0,linear
9,77698,49247,49247,0.0,0.0,0.5,5.5,5.0,linear
10,78783,49709,49709,0.0,0.0,0.5,5.5,5.0,linear
11,79185,50108,50108,0.0,0.0,0.5,5.5,5.0,linear
12,112931,50694,50694,0.255262,0.275444,0.5,5.5,5.0,linear
13,125561,47446,47446,0.368929,0.414331,0.5,5.5,5.0,linear
14,119641,42061,42061,0.408282,0.490833,0.5,5.5,5.0,linear
15,116669,36619,36619,0.446306,0.567461,0.5,5.5,5.0,linear
16,114784,31276,31276,0.481223,0.638806,0.5,5.5,5.0,linear
17,112550,25776,25776,0.514766,0.702675,0.5,5.5,5.0,linear
18,109104,20638,20638,0.545588,0.753352,0.5,5.5,5.0,linear
19,105211,16922,16922,0.571471,0.78982,0.5,5.5,5.0,linear
20,100584,13879,13879,0.596388,0.817705,0.5,5.5,5.0,linear
21,95057,11268,11268,0.62142,0.839289,0.5,5.5,5.0,linear
22,89452,9103,9103,0.648415,0.859705,0.5,5.5,5.0,linear
23,83981,7387,7387,0.676661,0.878101,0.5,5.5,5.0,linear
24,78783,5937,5937,0.704814,0.894327,0.5,5.5,5.0,linear
25,74179,4694,4694,0.735309,0.910495,0.5,5.5,5.0,linear
26,69669,3613,3613,0.76759,0.92725,0.5,5.5,5.0,linear
27,65727,2676,2676,0.798536,0.941334,0.5,5.5,5.0,linear
28,63021,1999,1999,0.830713,0.954075,0.5,5.5,5.0,linear
29,60086,1473,1473,0.861613,0.965298,0.5,5.5,5.0,linear
30,57612,1057,1057,0.891349,0.974118,0.5,5.5,5.0,linear
31,55463,714,714,0.91572,0.982203,0.5,5.5,5.0,linear
32,53916,505,505,0.936588,0.986587,0.5,5.5,5.0,linear
33,52644,386,386,0.953878,0.98987,0.5,5.5,5.0,linear
34,51926,259,259,0.96412,0.992909,0.5,5.5,5.0,linear
35,51129,154,154,0.975075,0.99555,0.5,5.5,5.0,linear
36,50867,103,103,0.984285,0.99709,0.5,5.5,5.0,linear
37,50660,62,62,0.989546,0.998351,0.5,5.5,5.0,linear
38,50180,31,31,0.99403,0.999285,0.5,5.5,5.0,linear
39,49853,16,16,0.996316,0.99968,0.5,5.5,5.0,linear
40,49589,4,4,0.998025,0.999919,0.5,5.5,5.0,linear
41,49471,1,1,0.99898,0.99998,0.5,5.5,5.0,linear
42,49545,0,0,0.999707,1.0,0.5,5.5,5.0,linear

