generation,size,female_size,fertile_female_size,rate_dr,rate_has_drive,drive_efficiency,drop_ratio,low_density_growth_rate,density_growth_curve
1,78311,49456,49456,0.0,0.0,0.5,3.5,3.0,linear
2,78266,49401,49401,0.0,0.0,0.5,3.5,3.0,linear
3,78908,49898,49898,0.0,0.0,0.5,3.5,3.0,linear
4,78929,50002,50002,0.0,0.0,0.5,3.5,3.0,linear
5,78956,50224,50224,0.0,0.0,0.5,3.5,3.0,linear
6,78438,50137,50137,0.0,0.0,0.5,3.5,3.0,linear
7,78397,50189,50189,0.0,0.0,0.5,3.5,3.0,linear
8,78276,49982,49982,0.0,0.0,0.5,3.5,3.0,linear
9,78021,49588,49588,0.0,0.0,0.5,3.5,3.0,linear
10,78539,49808,49808,0.0,0.0,0.5,3.5,3.0,linear
11,78605,49685,49685,0.0,0.0,0.5,3.5,3.0,linear
12,99462,49856,49856,0.183525,0.202758,0.5,3.5,3.0,linear
13,107785,47661,47661,0.277146,0.322132,0.5,3.5,3.0,linear
14,103521,43381,43381,0.315983,0.393708,0.5,3.5,3.0,linear
15,98554,37997,37997,0.357795,0.471302,0.5,3.5,3.0,linear
16,93671,32136,32136,0.397328,0.540757,0.5,3.5,3.0,linear
17,88975,26711,26711,0.437202,0.607698,0.5,3.5,3.0,linear
18,83295,21540,21540,0.474707,0.664329,0.5,3.5,3.0,linear
19,77858,17371,17371,0.510318,0.711396,0.5,3.5,3.0,linear
20,71861,13706,13706,0.543744,0.750542,0.5,3.5,3.0,linear
21,66234,10843,10843,0.578443,0.783059,0.5,3.5,3.0,linear
22,60696,8555,8555,0.61526,0.812465,0.5,3.5,3.0,linear
23,55441,6645,6645,0.651585,0.840488,0.5,3.5,3.0,linear
24,51011,5103,5103,0.690108,0.867183,0.5,3.5,3.0,linear
25,47343,3775,3775,0.731281,0.891289,0.5,3.5,3.0,linear
26,43851,2752,2752,0.772889,0.913505,0.5,3.5,3.0,linear
27,40967,1975,1975,0.813439,0.933423,0.5,3.5,3.0,linear
28,38222,1343,1343,0.852838,0.952139,0.5,3.5,3.0,linear
29,36487,903,903,0.890886,0.966737,0.5,3.5,3.0,linear
30,34787,575,575,0.921872,0.97765,0.5,3.5,3.0,linear
31,33633,375,375,0.946156,0.985294,0.5,3.5,3.0,linear
32,33067,223,223,0.964274,0.991409,0.5,3.5,3.0,linear
33,32532,128,128,0.977741,0.995253,0.5,3.5,3.0,linear
34,32366,60,60,0.986423,0.997914,0.5,3.5,3.0,linear
35,31903,34,34,0.991987,0.99875,0.5,3.5,3.0,linear
36,31658,15,15,0.995837,0.999464,0.5,3.5,3.0,linear
37,31634,7,7,0.997993,0.999779,0.5,3.5,3.0,linear
38,31711,3,3,0.999102,0.999905,0.5,3.5,3.0,linear
39,31696,1,1,0.999574,0.999968,0.5,3.5,3.0,linear
40,31459,0,0,0.999873,1.0,0.5,3.5,3.0,linear

