generation,size,female_size,fertile_female_size,rate_dr,rate_has_drive,drive_efficiency,drop_ratio,low_density_growth_rate,density_growth_curve
1,78281,49116,49116,0.0,0.0,0.5,8.5,6.0,linear
2,78551,49483,49483,0.0,0.0,0.5,8.5,6.0,linear
3,80087,50450,50450,0.0,0.0,0.5,8.5,6.0,linear
4,79345,50453,50453,0.0,0.0,0.5,8.5,6.0,linear
5,77636,49625,49625,0.0,0.0,0.5,8.5,6.0,linear
6,77209,49469,49469,0.0,0.0,0.5,8.5,6.0,linear
7,78390,50177,50177,0.0,0.0,0.5,8.5,6.0,linear
8,80416,51137,51137,0.0,0.0,0.5,8.5,6.0,linear
9,78728,50311,50311,0.0,0.0,0.5,8.5,6.0,linear
10,76140,48988,48988,0.0,0.0,0.5,8.5,6.0,linear
11,77850,49938,49938,0.0,0.0,0.5,8.5,6.0,linear
12,129985,50178,50178,0.344217,0.36556,0.5,8.5,6.0,linear
13,151312,46198,46198,0.470534,0.515889,0.5,8.5,6.0,linear
14,145530,40451,40451,0.505719,0.588891,0.5,8.5,6.0,linear
15,143720,34973,34973,0.53926,0.660604,0.5,8.5,6.0,linear
16,142595,29317,29317,0.568465,0.724949,0.5,8.5,6.0,linear
17,140738,23537,23537,0.599046,0.783534,0.5,8.5,6.0,linear
18,137106,18160,18160,0.62705,0.829067,0.5,8.5,6.0,linear
19,133982,14272,14272,0.653618,0.858675,0.5,8.5,6.0,linear
20,128166,11147,11147,0.680681,0.882676,0.5,8.5,6.0,linear
21,122133,8756,8756,0.706656,0.900206,0.5,8.5,6.0,linear
22,114397,6908,6908,0.733378,0.915219,0.5,8.5,6.0,linear
23,109057,5449,5449,0.762379,0.929838,0.5,8.5,6.0,linear
24,103758,4155,4155,0.792286,0.943218,0.5,8.5,6.0,linear
25,98745,3136,3136,0.822279,0.954472,0.5,8.5,6.0,linear
26,93933,2328,2328,0.850395,0.964797,0.5,8.5,6.0,linear
27,90262,1704,1704,0.878092,0.972992,0.5,8.5,6.0,linear
28,87149,1210,1210,0.903469,0.980284,0.5,8.5,6.0,linear
29,84636,840,840,0.927338,0.986388,0.5,8.5,6.0,linear
30,82297,546,546,0.94572,0.990948,0.5,8.5,6.0,linear
31,80707,332,332,0.960955,0.994141,0.5,8.5,6.0,linear
32,79228,215,215,0.973172,0.996283,0.5,8.5,6.0,linear
33,78405,134,134,0.982427,0.997814,0.5,8.5,6.0,linear
34,77750,77,77,0.988799,0.998786,0.5,8.5,6.0,linear
35,77392,51,51,0.992927,0.999202,0.5,8.5,6.0,linear
36,77102,28,28,0.995645,0.999599,0.5,8.5,6.0,linear
37,77037,15,15,0.997665,0.999792,0.5,8.5,6.0,linear
38,77272,5,5,0.998836,0.999935,0.5,8.5,6.0,linear
39,76665,2,2,0.999465,0.999974,0.5,8.5,6.0,linear
40,76874,0,0,0.999785,1.0,0.5,8.5,6.0,linear

