generation,size,female_size,fertile_female_size,rate_dr,rate_has_drive,drive_efficiency,drop_ratio,low_density_growth_rate,density_growth_curve
1,78673,49411,49411,0.0,0.0,0.5,8.0,6.0,linear
2,78774,49539,49539,0.0,0.0,0.5,8.0,6.0,linear
3,78900,49886,49886,0.0,0.0,0.5,8.0,6.0,linear
4,79735,50436,50436,0.0,0.0,0.5,8.0,6.0,linear
5,79029,50227,50227,0.0,0.0,0.5,8.0,6.0,linear
6,78535,50321,50321,0.0,0.0,0.5,8.0,6.0,linear
7,76946,49530,49530,0.0,0.0,0.5,8.0,6.0,linear
8,78055,49924,49924,0.0,0.0,0.5,8.0,6.0,linear
9,78746,50174,50174,0.0,0.0,0.5,8.0,6.0,linear
10,78605,49835,49835,0.0,0.0,0.5,8.0,6.0,linear
11,78906,50055,50055,0.0,0.0,0.5,8.0,6.0,linear
12,126551,49994,49994,0.331671,0.352792,0.5,8.0,6.0,linear
13,147112,46518,46518,0.456183,0.501397,0.5,8.0,6.0,linear
14,141545,40958,40958,0.490845,0.573021,0.5,8.0,6.0,linear
15,139270,35337,35337,0.526195,0.648527,0.5,8.0,6.0,linear
16,138276,29769,29769,0.555649,0.71313,0.5,8.0,6.0,linear
17,136672,24119,24119,0.585976,0.772377,0.5,8.0,6.0,linear
18,133994,18875,18875,0.615141,0.818574,0.5,8.0,6.0,linear
19,129600,14903,14903,0.641606,0.851991,0.5,8.0,6.0,linear
20,123838,11628,11628,0.666717,0.876801,0.5,8.0,6.0,linear
21,118076,8931,8931,0.693661,0.89591,0.5,8.0,6.0,linear
22,111792,7143,7143,0.720095,0.909721,0.5,8.0,6.0,linear
23,105366,5565,5565,0.750628,0.924512,0.5,8.0,6.0,linear
24,99305,4423,4423,0.779703,0.936527,0.5,8.0,6.0,linear
25,94161,3473,3473,0.810251,0.948286,0.5,8.0,6.0,linear
26,89866,2586,2586,0.838376,0.959778,0.5,8.0,6.0,linear
27,86095,1866,1866,0.865916,0.969027,0.5,8.0,6.0,linear
28,83066,1350,1350,0.892856,0.977452,0.5,8.0,6.0,linear
29,80827,918,918,0.917135,0.984171,0.5,8.0,6.0,linear
30,78487,622,622,0.936796,0.989205,0.5,8.0,6.0,linear
31,76660,405,405,0.954885,0.993177,0.5,8.0,6.0,linear
32,75762,255,255,0.968425,0.995772,0.5,8.0,6.0,linear
33,74686,152,152,0.979091,0.997431,0.5,8.0,6.0,linear
34,73462,79,79,0.987324,0.998688,0.5,8.0,6.0,linear
35,72966,43,43,0.992254,0.99929,0.5,8.0,6.0,linear
36,72883,20,20,0.995639,0.999712,0.5,8.0,6.0,linear
37,72238,9,9,0.997429,0.999876,0.5,8.0,6.0,linear
38,72126,6,6,0.998739,0.999917,0.5,8.0,6.0,linear
39,72344,3,3,0.999247,0.999959,0.5,8.0,6.0,linear
40,72107,0,0,0.99966,1.0,0.5,8.0,6.0,linear

