generation,size,female_size,fertile_female_size,rate_dr,rate_has_drive,drive_efficiency,drop_ratio,low_density_growth_rate,density_growth_curve
1,78985,49689,49689,0.0,0.0,0.5,2.5,3.0,linear
2,78447,49464,49464,0.0,0.0,0.5,2.5,3.0,linear
3,78165,49717,49717,0.0,0.0,0.5,2.5,3.0,linear
4,78123,49813,49813,0.0,0.0,0.5,2.5,3.0,linear
5,78508,49931,49931,0.0,0.0,0.5,2.5,3.0,linear
6,78627,49902,49902,0.0,0.0,0.5,2.5,3.0,linear
7,78765,49949,49949,0.0,0.0,0.5,2.5,3.0,linear
8,79005,50157,50157,0.0,0.0,0.5,2.5,3.0,linear
9,78901,50182,50182,0.0,0.0,0.5,2.5,3.0,linear
10,78470,49909,49909,0.0,0.0,0.5,2.5,3.0,linear
11,77908,49711,49711,0.0,0.0,0.5,2.5,3.0,linear
12,93206,49711,49711,0.140567,0.157577,0.5,2.5,3.0,linear
13,98695,47486,47486,0.218093,0.259626,0.5,2.5,3.0,linear
14,94877,43774,43774,0.252828,0.324989,0.5,2.5,3.0,linear
15,90615,39085,39085,0.290387,0.396922,0.5,2.5,3.0,linear
16,86737,34358,34358,0.328524,0.465588,0.5,2.5,3.0,linear
17,82049,29282,29282,0.364535,0.528384,0.5,2.5,3.0,linear
18,77309,24680,24680,0.396063,0.581306,0.5,2.5,3.0,linear
19,72777,20730,20730,0.426065,0.626166,0.5,2.5,3.0,linear
20,67879,17224,17224,0.454568,0.664582,0.5,2.5,3.0,linear
21,62925,14304,14304,0.483437,0.698927,0.5,2.5,3.0,linear
22,57768,11741,11741,0.510689,0.728026,0.5,2.5,3.0,linear
23,53138,9670,9670,0.540121,0.756049,0.5,2.5,3.0,linear
24,48863,7924,7924,0.570993,0.780926,0.5,2.5,3.0,linear
25,44554,6337,6337,0.60342,0.808477,0.5,2.5,3.0,linear
26,40844,5054,5054,0.639336,0.832904,0.5,2.5,3.0,linear
27,37471,3891,3891,0.679842,0.860037,0.5,2.5,3.0,linear
28,34702,3022,3022,0.716436,0.882236,0.5,2.5,3.0,linear
29,32069,2225,2225,0.755837,0.904081,0.5,2.5,3.0,linear
30,29910,1618,1618,0.799052,0.925095,0.5,2.5,3.0,linear
31,28058,1128,1128,0.838631,0.944786,0.5,2.5,3.0,linear
32,26666,791,791,0.874746,0.959295,0.5,2.5,3.0,linear
33,25507,527,527,0.903773,0.972766,0.5,2.5,3.0,linear
34,24576,307,307,0.933818,0.983223,0.5,2.5,3.0,linear
35,23970,193,193,0.955897,0.989628,0.5,2.5,3.0,linear
36,23490,109,109,0.971567,0.994049,0.5,2.5,3.0,linear
37,23035,67,67,0.982735,0.99634,0.5,2.5,3.0,linear
38,22797,38,38,0.988598,0.997689,0.5,2.5,3.0,linear
39,22771,22,22,0.993062,0.998687,0.5,2.5,3.0,linear
40,22581,9,9,0.996572,0.999602,0.5,2.5,3.0,linear
41,22533,6,6,0.997828,0.999734,0.5,2.5,3.0,linear
42,22465,3,3,0.998954,0.999867,0.5,2.5,3.0,linear
43,22580,2,2,0.999557,0.999911,0.5,2.5,3.0,linear
44,22693,0,0,0.999758,1.0,0.5,2.5,3.0,linear

