generation,size,female_size,fertile_female_size,rate_dr,rate_has_drive,drive_efficiency,drop_ratio,low_density_growth_rate,density_growth_curve
1,78294,49354,49354,0.0,0.0,0.5,8.5,8.0,linear
2,78228,49143,49143,0.0,0.0,0.5,8.5,8.0,linear
3,80236,50294,50294,0.0,0.0,0.5,8.5,8.0,linear
4,80230,50581,50581,0.0,0.0,0.5,8.5,8.0,linear
5,77536,49584,49584,0.0,0.0,0.5,8.5,8.0,linear
6,76220,49003,49003,0.0,0.0,0.5,8.5,8.0,linear
7,78408,49949,49949,0.0,0.0,0.5,8.5,8.0,linear
8,79448,50220,50220,0.0,0.0,0.5,8.5,8.0,linear
9,78165,49491,49491,0.0,0.0,0.5,8.5,8.0,linear
10,77974,49564,49564,0.0,0.0,0.5,8.5,8.0,linear
11,79105,50324,50324,0.0,0.0,0.5,8.5,8.0,linear
12,132086,51401,51401,0.34123,0.360735,0.5,8.5,8.0,linear
13,151739,46815,46815,0.473999,0.516035,0.5,8.5,8.0,linear
14,142995,39863,39863,0.505219,0.591055,0.5,8.5,8.0,linear
15,144212,35239,35239,0.531297,0.661738,0.5,8.5,8.0,linear
16,147495,30540,30540,0.556582,0.722456,0.5,8.5,8.0,linear
17,147466,25002,25002,0.582573,0.779886,0.5,8.5,8.0,linear
18,146283,19763,19763,0.606856,0.823757,0.5,8.5,8.0,linear
19,144509,16357,16357,0.627924,0.854485,0.5,8.5,8.0,linear
20,139834,13148,13148,0.646065,0.874525,0.5,8.5,8.0,linear
21,134131,10789,10789,0.664823,0.88879,0.5,8.5,8.0,linear
22,128158,8806,8806,0.686514,0.902807,0.5,8.5,8.0,linear
23,122382,7350,7350,0.70892,0.913307,0.5,8.5,8.0,linear
24,115913,6205,6205,0.73032,0.922181,0.5,8.5,8.0,linear
25,110822,5174,5174,0.751884,0.932838,0.5,8.5,8.0,linear
26,106518,4258,4258,0.77416,0.942338,0.5,8.5,8.0,linear
27,102514,3383,3383,0.796651,0.950879,0.5,8.5,8.0,linear
28,98499,2750,2750,0.821333,0.959071,0.5,8.5,8.0,linear
29,94569,2108,2108,0.843063,0.966259,0.5,8.5,8.0,linear
30,91778,1622,1622,0.868324,0.973818,0.5,8.5,8.0,linear
31,88693,1191,1191,0.892043,0.979949,0.5,8.5,8.0,linear
32,85657,854,854,0.913761,0.985549,0.5,8.5,8.0,linear
33,83312,574,574,0.936018,0.990429,0.5,8.5,8.0,linear
34,81722,376,376,0.952892,0.993749,0.5,8.5,8.0,linear
35,80100,231,231,0.967068,0.995986,0.5,8.5,8.0,linear
36,79010,140,140,0.977827,0.997451,0.5,8.5,8.0,linear
37,78248,77,77,0.98585,0.998477,0.5,8.5,8.0,linear
38,77366,43,43,0.991721,0.999137,0.5,8.5,8.0,linear
39,77333,20,20,0.994748,0.999639,0.5,8.5,8.0,linear
40,76856,9,9,0.997225,0.99987,0.5,8.5,8.0,linear
41,77057,3,3,0.998495,0.999961,0.5,8.5,8.0,linear
42,76875,2,2,0.999291,0.999974,0.5,8.5,8.0,linear
43,76956,0,0,0.999792,1.0,0.5,8.5,8.0,linear

