generation,size,female_size,fertile_female_size,rate_dr,rate_has_drive,drive_efficiency,drop_ratio,low_density_growth_rate,density_growth_curve
1,78623,49643,49643,0.0,0.0,0.5,8.0,7.0,linear
2,78752,49656,49656,0.0,0.0,0.5,8.0,7.0,linear
3,79057,49942,49942,0.0,0.0,0.5,8.0,7.0,linear
4,80185,50609,50609,0.0,0.0,0.5,8.0,7.0,linear
5,78880,50150,50150,0.0,0.0,0.5,8.0,7.0,linear
6,78815,50406,50406,0.0,0.0,0.5,8.0,7.0,linear
7,78573,50005,50005,0.0,0.0,0.5,8.0,7.0,linear
8,76295,48683,48683,0.0,0.0,0.5,8.0,7.0,linear
9,78239,49362,49362,0.0,0.0,0.5,8.0,7.0,linear
10,79835,50069,50069,0.0,0.0,0.5,8.0,7.0,linear
11,80600,50681,50681,0.0,0.0,0.5,8.0,7.0,linear
12,126523,49762,49762,0.333748,0.354005,0.5,8.0,7.0,linear
13,146277,46193,46193,0.455639,0.500225,0.5,8.0,7.0,linear
14,141944,40906,40906,0.487882,0.570951,0.5,8.0,7.0,linear
15,141139,35885,35885,0.519466,0.641692,0.5,8.0,7.0,linear
16,140296,30519,30519,0.547766,0.708841,0.5,8.0,7.0,linear
17,139913,24912,24912,0.5772,0.769924,0.5,8.0,7.0,linear
18,138193,19861,19861,0.602335,0.814104,0.5,8.0,7.0,linear
19,135173,15978,15978,0.624393,0.845796,0.5,8.0,7.0,linear
20,130279,12771,12771,0.646967,0.868886,0.5,8.0,7.0,linear
21,124407,10220,10220,0.669747,0.886628,0.5,8.0,7.0,linear
22,118193,8160,8160,0.694662,0.903011,0.5,8.0,7.0,linear
23,111596,6605,6605,0.7204,0.915992,0.5,8.0,7.0,linear
24,105854,5323,5323,0.745112,0.926679,0.5,8.0,7.0,linear
25,100948,4311,4311,0.771081,0.937918,0.5,8.0,7.0,linear
26,96133,3432,3432,0.798317,0.947983,0.5,8.0,7.0,linear
27,92129,2697,2697,0.825341,0.957872,0.5,8.0,7.0,linear
28,88175,2054,2054,0.851746,0.967316,0.5,8.0,7.0,linear
29,84858,1491,1491,0.87679,0.975181,0.5,8.0,7.0,linear
30,82260,1045,1045,0.900491,0.981332,0.5,8.0,7.0,linear
31,80066,762,762,0.92197,0.98608,0.5,8.0,7.0,linear
32,77997,507,507,0.941913,0.990466,0.5,8.0,7.0,linear
33,76258,337,337,0.957833,0.993622,0.5,8.0,7.0,linear
34,75068,238,238,0.970477,0.995557,0.5,8.0,7.0,linear
35,73968,148,148,0.979963,0.997275,0.5,8.0,7.0,linear
36,73271,79,79,0.986477,0.998525,0.5,8.0,7.0,linear
37,72903,47,47,0.991892,0.999194,0.5,8.0,7.0,linear
38,72705,27,27,0.994889,0.999561,0.5,8.0,7.0,linear
39,72422,14,14,0.997145,0.999779,0.5,8.0,7.0,linear
40,72551,8,8,0.998327,0.99989,0.5,8.0,7.0,linear
41,71866,2,2,0.999047,0.999972,0.5,8.0,7.0,linear
42,72193,1,1,0.999668,0.999986,0.5,8.0,7.0,linear
43,72324,0,0,0.999876,1.0,0.5,8.0,7.0,linear

