generation,size,female_size,fertile_female_size,rate_dr,rate_has_drive,drive_efficiency,drop_ratio,low_density_growth_rate,density_growth_curve
1,77888,48830,48830,0.0,0.0,0.5,3.5,4.0,linear
2,78030,48931,48931,0.0,0.0,0.5,3.5,4.0,linear
3,79140,49743,49743,0.0,0.0,0.5,3.5,4.0,linear
4,79571,50185,50185,0.0,0.0,0.5,3.5,4.0,linear
5,79933,50669,50669,0.0,0.0,0.5,3.5,4.0,linear
6,79183,50361,50361,0.0,0.0,0.5,3.5,4.0,linear
7,78305,50172,50172,0.0,0.0,0.5,3.5,4.0,linear
8,78275,50123,50123,0.0,0.0,0.5,3.5,4.0,linear
9,78444,49946,49946,0.0,0.0,0.5,3.5,4.0,linear
10,78147,49781,49781,0.0,0.0,0.5,3.5,4.0,linear
11,78448,49863,49863,0.0,0.0,0.5,3.5,4.0,linear
12,100188,50264,50264,0.182965,0.201468,0.5,3.5,4.0,linear
13,108315,47988,47988,0.274711,0.318228,0.5,3.5,4.0,linear
14,103677,43487,43487,0.312543,0.390134,0.5,3.5,4.0,linear
15,99422,38324,38324,0.352186,0.466832,0.5,3.5,4.0,linear
16,96409,33256,33256,0.389896,0.538257,0.5,3.5,4.0,linear
17,92759,28122,28122,0.424086,0.602234,0.5,3.5,4.0,linear
18,88793,23439,23439,0.456926,0.658971,0.5,3.5,4.0,linear
19,85025,19424,19424,0.484826,0.701532,0.5,3.5,4.0,linear
20,80712,16280,16280,0.510176,0.734447,0.5,3.5,4.0,linear
21,76013,13547,13547,0.535308,0.763146,0.5,3.5,4.0,linear
22,70978,11217,11217,0.560223,0.785975,0.5,3.5,4.0,linear
23,66256,9258,9258,0.588079,0.808236,0.5,3.5,4.0,linear
24,61271,7682,7682,0.616101,0.829673,0.5,3.5,4.0,linear
25,56861,6193,6193,0.644519,0.850246,0.5,3.5,4.0,linear
26,53078,4994,4994,0.675348,0.86933,0.5,3.5,4.0,linear
27,49711,4034,4034,0.707484,0.887664,0.5,3.5,4.0,linear
28,46634,3116,3116,0.740368,0.907301,0.5,3.5,4.0,linear
29,43872,2329,2329,0.775467,0.926225,0.5,3.5,4.0,linear
30,41253,1741,1741,0.81035,0.940867,0.5,3.5,4.0,linear
31,39041,1237,1237,0.845056,0.955091,0.5,3.5,4.0,linear
32,37342,860,860,0.880315,0.968376,0.5,3.5,4.0,linear
33,35666,543,543,0.910005,0.978596,0.5,3.5,4.0,linear
34,34272,346,346,0.936045,0.986345,0.5,3.5,4.0,linear
35,33329,199,199,0.956914,0.992179,0.5,3.5,4.0,linear
36,32664,115,115,0.972271,0.995318,0.5,3.5,4.0,linear
37,32430,68,68,0.982001,0.997374,0.5,3.5,4.0,linear
38,31965,31,31,0.990006,0.998755,0.5,3.5,4.0,linear
39,31872,19,19,0.994396,0.999311,0.5,3.5,4.0,linear
40,31704,11,11,0.997117,0.999622,0.5,3.5,4.0,linear
41,31794,5,5,0.998194,0.999843,0.5,3.5,4.0,linear
42,31738,0,0,0.999338,1.0,0.5,3.5,4.0,linear

