generation,size,female_size,fertile_female_size,rate_dr,rate_has_drive,drive_efficiency,drop_ratio,low_density_growth_rate,density_growth_curve
1,78142,49307,49307,0.0,0.0,0.5,4.5,2.0,linear
2,78253,49418,49418,0.0,0.0,0.5,4.5,2.0,linear
3,78126,49502,49502,0.0,0.0,0.5,4.5,2.0,linear
4,78582,49693,49693,0.0,0.0,0.5,4.5,2.0,linear
5,78521,49797,49797,0.0,0.0,0.5,4.5,2.0,linear
6,78393,49909,49909,0.0,0.0,0.5,4.5,2.0,linear
7,78583,50084,50084,0.0,0.0,0.5,4.5,2.0,linear
8,78355,50005,50005,0.0,0.0,0.5,4.5,2.0,linear
9,78312,49970,49970,0.0,0.0,0.5,4.5,2.0,linear
10,79041,50189,50189,0.0,0.0,0.5,4.5,2.0,linear
11,78764,50052,50052,0.0,0.0,0.5,4.5,2.0,linear
12,105655,50079,50079,0.220463,0.240634,0.5,4.5,2.0,linear
13,116698,47509,47509,0.325412,0.371508,0.5,4.5,2.0,linear
14,111700,42415,42415,0.368559,0.446434,0.5,4.5,2.0,linear
15,105714,36287,36287,0.413491,0.522305,0.5,4.5,2.0,linear
16,98480,29698,29698,0.461541,0.59674,0.5,4.5,2.0,linear
17,91010,23253,23253,0.511253,0.666442,0.5,4.5,2.0,linear
18,82915,17428,17428,0.560688,0.728364,0.5,4.5,2.0,linear
19,75523,12898,12898,0.610779,0.777841,0.5,4.5,2.0,linear
20,68429,9277,9277,0.660951,0.822148,0.5,4.5,2.0,linear
21,62392,6657,6657,0.71341,0.859147,0.5,4.5,2.0,linear
22,56718,4556,4556,0.764479,0.893961,0.5,4.5,2.0,linear
23,52429,3128,3128,0.813407,0.922767,0.5,4.5,2.0,linear
24,49079,2035,2035,0.859906,0.94643,0.5,4.5,2.0,linear
25,46395,1271,1271,0.899186,0.964501,0.5,4.5,2.0,linear
26,44470,755,755,0.931097,0.978796,0.5,4.5,2.0,linear
27,43086,457,457,0.955169,0.987162,0.5,4.5,2.0,linear
28,41998,234,234,0.972109,0.993259,0.5,4.5,2.0,linear
29,41714,121,121,0.984012,0.996616,0.5,4.5,2.0,linear
30,41362,52,52,0.99122,0.998555,0.5,4.5,2.0,linear
31,40841,25,25,0.995526,0.999291,0.5,4.5,2.0,linear
32,40482,13,13,0.997803,0.999679,0.5,4.5,2.0,linear
33,40551,6,6,0.999211,0.999852,0.5,4.5,2.0,linear
34,40583,3,3,0.999606,0.999926,0.5,4.5,2.0,linear
35,40596,1,1,0.999828,0.999975,0.5,4.5,2.0,linear
36,40654,0,0,0.999939,1.0,0.5,4.5,2.0,linear

