generation,size,female_size,fertile_female_size,rate_dr,rate_has_drive,drive_efficiency,drop_ratio,low_density_growth_rate,density_growth_curve
1,78162,49311,49311,0.0,0.0,0.5,7.0,6.0,linear
2,78322,49332,49332,0.0,0.0,0.5,7.0,6.0,linear
3,78444,49479,49479,0.0,0.0,0.5,7.0,6.0,linear
4,79777,50285,50285,0.0,0.0,0.5,7.0,6.0,linear
5,79744,50532,50532,0.0,0.0,0.5,7.0,6.0,linear
6,78911,50415,50415,0.0,0.0,0.5,7.0,6.0,linear
7,78502,50334,50334,0.0,0.0,0.5,7.0,6.0,linear
8,77541,49800,49800,0.0,0.0,0.5,7.0,6.0,linear
9,77965,49675,49675,0.0,0.0,0.5,7.0,6.0,linear
10,78441,49787,49787,0.0,0.0,0.5,7.0,6.0,linear
11,79004,50234,50234,0.0,0.0,0.5,7.0,6.0,linear
12,121042,50331,50331,0.302773,0.324512,0.5,7.0,6.0,linear
13,139179,47172,47172,0.423301,0.467911,0.5,7.0,6.0,linear
14,132381,41308,41308,0.460121,0.542875,0.5,7.0,6.0,linear
15,130418,35886,35886,0.494554,0.616663,0.5,7.0,6.0,linear
16,129311,30421,30421,0.526036,0.685563,0.5,7.0,6.0,linear
17,128413,24960,24960,0.556292,0.746015,0.5,7.0,6.0,linear
18,125604,19872,19872,0.583282,0.791975,0.5,7.0,6.0,linear
19,122163,16140,16140,0.609902,0.827339,0.5,7.0,6.0,linear
20,117078,13125,13125,0.632673,0.850685,0.5,7.0,6.0,linear
21,111427,10583,10583,0.657264,0.870441,0.5,7.0,6.0,linear
22,105640,8597,8597,0.681768,0.888253,0.5,7.0,6.0,linear
23,100018,6879,6879,0.706637,0.902879,0.5,7.0,6.0,linear
24,94839,5545,5545,0.733084,0.916509,0.5,7.0,6.0,linear
25,90391,4438,4438,0.762418,0.928961,0.5,7.0,6.0,linear
26,85816,3468,3468,0.790078,0.941175,0.5,7.0,6.0,linear
27,81336,2698,2698,0.817981,0.951502,0.5,7.0,6.0,linear
28,77428,1991,1991,0.845731,0.961762,0.5,7.0,6.0,linear
29,74712,1499,1499,0.871957,0.970568,0.5,7.0,6.0,linear
30,72534,1117,1117,0.898843,0.977866,0.5,7.0,6.0,linear
31,70054,799,799,0.920609,0.984022,0.5,7.0,6.0,linear
32,68324,561,561,0.939725,0.989119,0.5,7.0,6.0,linear
33,66854,363,363,0.955499,0.992946,0.5,7.0,6.0,linear
34,65688,223,223,0.967766,0.995282,0.5,7.0,6.0,linear
35,64799,137,137,0.979357,0.99728,0.5,7.0,6.0,linear
36,64395,83,83,0.986293,0.998383,0.5,7.0,6.0,linear
37,64013,47,47,0.991569,0.99916,0.5,7.0,6.0,linear
38,63468,22,22,0.995036,0.999576,0.5,7.0,6.0,linear
39,63275,12,12,0.997088,0.999779,0.5,7.0,6.0,linear
40,63508,7,7,0.998379,0.999874,0.5,7.0,6.0,linear
41,63391,2,2,0.999282,0.999968,0.5,7.0,6.0,linear
42,63190,1,1,0.999731,0.999984,0.5,7.0,6.0,linear
43,62853,1,1,0.999873,0.999984,0.5,7.0,6.0,linear
44,63161,0,0,0.99996,1.0,0.5,7.0,6.0,linear

