generation,size,female_size,fertile_female_size,rate_dr,rate_has_drive,drive_efficiency,drop_ratio,low_density_growth_rate,density_growth_curve
1,77532,48662,48662,0.0,0.0,0.5,9.5,6.0,linear
2,78109,48976,48976,0.0,0.0,0.5,9.5,6.0,linear
3,81122,50717,50717,0.0,0.0,0.5,9.5,6.0,linear
4,80757,50971,50971,0.0,0.0,0.5,9.5,6.0,linear
5,78349,49974,49974,0.0,0.0,0.5,9.5,6.0,linear
6,77869,50001,50001,0.0,0.0,0.5,9.5,6.0,linear
7,77944,49734,49734,0.0,0.0,0.5,9.5,6.0,linear
8,79114,50237,50237,0.0,0.0,0.5,9.5,6.0,linear
9,79322,50261,50261,0.0,0.0,0.5,9.5,6.0,linear
10,78491,50013,50013,0.0,0.0,0.5,9.5,6.0,linear
11,78355,49828,49828,0.0,0.0,0.5,9.5,6.0,linear
12,135202,49278,49278,0.369053,0.389887,0.5,9.5,6.0,linear
13,160973,46235,46235,0.494361,0.538651,0.5,9.5,6.0,linear
14,155705,40727,40727,0.528064,0.607196,0.5,9.5,6.0,linear
15,153325,35143,35143,0.560902,0.677371,0.5,9.5,6.0,linear
16,151149,29089,29089,0.592911,0.744211,0.5,9.5,6.0,linear
17,149591,23062,23062,0.623335,0.802372,0.5,9.5,6.0,linear
18,145839,17442,17442,0.652406,0.846137,0.5,9.5,6.0,linear
19,141066,13276,13276,0.679668,0.877299,0.5,9.5,6.0,linear
20,135174,10216,10216,0.706942,0.898361,0.5,9.5,6.0,linear
21,128395,7864,7864,0.735127,0.915825,0.5,9.5,6.0,linear
22,121445,5989,5989,0.766069,0.931006,0.5,9.5,6.0,linear
23,114725,4485,4485,0.795878,0.943868,0.5,9.5,6.0,linear
24,109267,3344,3344,0.827694,0.956255,0.5,9.5,6.0,linear
25,104073,2475,2475,0.856964,0.966275,0.5,9.5,6.0,linear
26,100129,1744,1744,0.885057,0.975159,0.5,9.5,6.0,linear
27,96183,1218,1218,0.910294,0.982167,0.5,9.5,6.0,linear
28,93369,839,839,0.931688,0.987354,0.5,9.5,6.0,linear
29,91903,571,571,0.950712,0.991464,0.5,9.5,6.0,linear
30,89711,350,350,0.965205,0.994739,0.5,9.5,6.0,linear
31,88102,216,216,0.977281,0.996907,0.5,9.5,6.0,linear
32,87452,123,123,0.98537,0.998309,0.5,9.5,6.0,linear
33,86653,76,76,0.990678,0.998955,0.5,9.5,6.0,linear
34,86146,41,41,0.993972,0.999468,0.5,9.5,6.0,linear
35,86177,18,18,0.996548,0.999722,0.5,9.5,6.0,linear
36,86118,13,13,0.998213,0.999838,0.5,9.5,6.0,linear
37,85779,8,8,0.998852,0.999895,0.5,9.5,6.0,linear
38,85800,2,2,0.999423,0.999977,0.5,9.5,6.0,linear
39,85676,2,2,0.99965,0.999977,0.5,9.5,6.0,linear
40,85670,0,0,0.999854,1.0,0.5,9.5,6.0,linear

