generation,size,female_size,fertile_female_size,rate_dr,rate_has_drive,drive_efficiency,drop_ratio,low_density_growth_rate,density_growth_curve
1,78320,49335,49335,0.0,0.0,0.5,5.5,3.0,linear
2,78239,49197,49197,0.0,0.0,0.5,5.5,3.0,linear
3,78402,49493,49493,0.0,0.0,0.5,5.5,3.0,linear
4,78649,49746,49746,0.0,0.0,0.5,5.5,3.0,linear
5,78921,50086,50086,0.0,0.0,0.5,5.5,3.0,linear
6,78782,49987,49987,0.0,0.0,0.5,5.5,3.0,linear
7,78664,49919,49919,0.0,0.0,0.5,5.5,3.0,linear
8,78572,49908,49908,0.0,0.0,0.5,5.5,3.0,linear
9,78875,50013,50013,0.0,0.0,0.5,5.5,3.0,linear
10,78714,50116,50116,0.0,0.0,0.5,5.5,3.0,linear
11,77913,49665,49665,0.0,0.0,0.5,5.5,3.0,linear
12,111509,50039,50039,0.257778,0.278817,0.5,5.5,3.0,linear
13,125527,47005,47005,0.369393,0.415429,0.5,5.5,3.0,linear
14,120211,41837,41837,0.410292,0.489077,0.5,5.5,3.0,linear
15,114831,35859,35859,0.454603,0.567127,0.5,5.5,3.0,linear
16,108986,29494,29494,0.497916,0.641353,0.5,5.5,3.0,linear
17,103439,23356,23356,0.542432,0.709003,0.5,5.5,3.0,linear
18,97045,17734,17734,0.58461,0.766284,0.5,5.5,3.0,linear
19,90504,13312,13312,0.624642,0.80983,0.5,5.5,3.0,linear
20,84080,10035,10035,0.665056,0.844256,0.5,5.5,3.0,linear
21,77577,7189,7189,0.708087,0.876422,0.5,5.5,3.0,linear
22,71976,5087,5087,0.753334,0.903245,0.5,5.5,3.0,linear
23,66310,3636,3636,0.794753,0.924526,0.5,5.5,3.0,linear
24,62094,2526,2526,0.837067,0.943877,0.5,5.5,3.0,linear
25,58716,1695,1695,0.874716,0.960292,0.5,5.5,3.0,linear
26,56359,1135,1135,0.907283,0.972391,0.5,5.5,3.0,linear
27,54201,723,723,0.934511,0.982038,0.5,5.5,3.0,linear
28,52809,447,447,0.955563,0.988965,0.5,5.5,3.0,linear
29,51821,253,253,0.970775,0.993537,0.5,5.5,3.0,linear
30,50919,137,137,0.981612,0.996731,0.5,5.5,3.0,linear
31,50635,79,79,0.989368,0.998269,0.5,5.5,3.0,linear
32,50218,43,43,0.99388,0.999086,0.5,5.5,3.0,linear
33,50053,15,15,0.996769,0.999701,0.5,5.5,3.0,linear
34,49743,5,5,0.998353,0.9999,0.5,5.5,3.0,linear
35,49601,1,1,0.999365,0.99998,0.5,5.5,3.0,linear
36,49737,0,0,0.999799,1.0,0.5,5.5,3.0,linear

