generation,size,female_size,fertile_female_size,rate_dr,rate_has_drive,drive_efficiency,drop_ratio,low_density_growth_rate,density_growth_curve
1,78296,49327,49327,0.0,0.0,0.5,5.5,6.0,linear
2,78682,49572,49572,0.0,0.0,0.5,5.5,6.0,linear
3,80172,50670,50670,0.0,0.0,0.5,5.5,6.0,linear
4,79749,50723,50723,0.0,0.0,0.5,5.5,6.0,linear
5,77607,49764,49764,0.0,0.0,0.5,5.5,6.0,linear
6,78019,49796,49796,0.0,0.0,0.5,5.5,6.0,linear
7,78988,50446,50446,0.0,0.0,0.5,5.5,6.0,linear
8,78649,50163,50163,0.0,0.0,0.5,5.5,6.0,linear
9,77701,49535,49535,0.0,0.0,0.5,5.5,6.0,linear
10,77921,49530,49530,0.0,0.0,0.5,5.5,6.0,linear
11,79489,50428,50428,0.0,0.0,0.5,5.5,6.0,linear
12,112314,50319,50319,0.257494,0.278659,0.5,5.5,6.0,linear
13,124127,46430,46430,0.371316,0.418682,0.5,5.5,6.0,linear
14,119646,41656,41656,0.409528,0.495304,0.5,5.5,6.0,linear
15,117692,36842,36842,0.444948,0.572523,0.5,5.5,6.0,linear
16,117048,31584,31584,0.478405,0.642992,0.5,5.5,6.0,linear
17,114902,26121,26121,0.509297,0.706635,0.5,5.5,6.0,linear
18,112915,21377,21377,0.536701,0.755625,0.5,5.5,6.0,linear
19,110367,17570,17570,0.56095,0.791568,0.5,5.5,6.0,linear
20,106002,14634,14634,0.582097,0.816788,0.5,5.5,6.0,linear
21,100776,12201,12201,0.603433,0.837764,0.5,5.5,6.0,linear
22,95896,10081,10081,0.625771,0.85583,0.5,5.5,6.0,linear
23,90330,8428,8428,0.647834,0.870499,0.5,5.5,6.0,linear
24,85366,7109,7109,0.67198,0.883573,0.5,5.5,6.0,linear
25,80169,5890,5890,0.696174,0.897915,0.5,5.5,6.0,linear
26,75821,4692,4692,0.722336,0.912985,0.5,5.5,6.0,linear
27,72380,3668,3668,0.750064,0.926099,0.5,5.5,6.0,linear
28,68719,2898,2898,0.779625,0.938821,0.5,5.5,6.0,linear
29,65404,2260,2260,0.808982,0.950449,0.5,5.5,6.0,linear
30,62174,1695,1695,0.837772,0.961085,0.5,5.5,6.0,linear
31,59518,1273,1273,0.864724,0.968541,0.5,5.5,6.0,linear
32,57425,939,939,0.89171,0.976518,0.5,5.5,6.0,linear
33,55427,655,655,0.914718,0.983143,0.5,5.5,6.0,linear
34,53877,446,446,0.93702,0.988708,0.5,5.5,6.0,linear
35,52781,284,284,0.953947,0.993081,0.5,5.5,6.0,linear
36,52003,176,176,0.967715,0.995778,0.5,5.5,6.0,linear
37,51148,108,108,0.978883,0.997387,0.5,5.5,6.0,linear
38,50489,53,53,0.986611,0.998663,0.5,5.5,6.0,linear
39,49989,22,22,0.992058,0.999382,0.5,5.5,6.0,linear
40,49909,9,9,0.995808,0.99976,0.5,5.5,6.0,linear
41,49642,4,4,0.998087,0.999899,0.5,5.5,6.0,linear
42,49696,3,3,0.999085,0.99994,0.5,5.5,6.0,linear
43,49854,0,0,0.999699,1.0,0.5,5.5,6.0,linear

