generation,size,female_size,fertile_female_size,rate_dr,rate_has_drive,drive_efficiency,drop_ratio,low_density_growth_rate,density_growth_curve
1,78076,48986,48986,0.0,0.0,0.5,8.0,3.0,linear
2,78304,48996,48996,0.0,0.0,0.5,8.0,3.0,linear
3,78582,49296,49296,0.0,0.0,0.5,8.0,3.0,linear
4,78940,49672,49672,0.0,0.0,0.5,8.0,3.0,linear
5,79155,49959,49959,0.0,0.0,0.5,8.0,3.0,linear
6,79260,50378,50378,0.0,0.0,0.5,8.0,3.0,linear
7,79359,50569,50569,0.0,0.0,0.5,8.0,3.0,linear
8,79335,50511,50511,0.0,0.0,0.5,8.0,3.0,linear
9,78627,50213,50213,0.0,0.0,0.5,8.0,3.0,linear
10,78379,50132,50132,0.0,0.0,0.5,8.0,3.0,linear
11,78394,50012,50012,0.0,0.0,0.5,8.0,3.0,linear
12,126938,50086,50086,0.332501,0.354602,0.5,8.0,3.0,linear
13,147355,46499,46499,0.455255,0.500657,0.5,8.0,3.0,linear
14,141217,40736,40736,0.496468,0.572832,0.5,8.0,3.0,linear
15,135678,34562,34562,0.538847,0.64595,0.5,8.0,3.0,linear
16,130505,27799,27799,0.582188,0.715112,0.5,8.0,3.0,linear
17,123690,21169,21169,0.62635,0.778362,0.5,8.0,3.0,linear
18,116618,15394,15394,0.669626,0.830399,0.5,8.0,3.0,linear
19,109920,11001,11001,0.712847,0.870191,0.5,8.0,3.0,linear
20,102777,7895,7895,0.754869,0.89925,0.5,8.0,3.0,linear
21,96067,5415,5415,0.797258,0.924386,0.5,8.0,3.0,linear
22,90112,3765,3765,0.837291,0.94334,0.5,8.0,3.0,linear
23,85301,2512,2512,0.873735,0.959802,0.5,8.0,3.0,linear
24,81427,1665,1665,0.906513,0.972276,0.5,8.0,3.0,linear
25,78761,1060,1060,0.933687,0.982203,0.5,8.0,3.0,linear
26,76344,606,606,0.954792,0.989665,0.5,8.0,3.0,linear
27,74929,377,377,0.970966,0.993893,0.5,8.0,3.0,linear
28,74183,194,194,0.982098,0.996819,0.5,8.0,3.0,linear
29,73164,106,106,0.989584,0.998286,0.5,8.0,3.0,linear
30,72724,46,46,0.994348,0.999177,0.5,8.0,3.0,linear
31,72812,24,24,0.997106,0.999602,0.5,8.0,3.0,linear
32,72356,11,11,0.998536,0.999834,0.5,8.0,3.0,linear
33,72090,3,3,0.999355,0.999958,0.5,8.0,3.0,linear
34,71858,0,0,0.999694,1.0,0.5,8.0,3.0,linear

