generation,size,female_size,fertile_female_size,rate_dr,rate_has_drive,drive_efficiency,drop_ratio,low_density_growth_rate,density_growth_curve
1,77950,49020,49020,0.0,0.0,0.5,7.0,4.0,linear
2,78035,49003,49003,0.0,0.0,0.5,7.0,4.0,linear
3,79455,50086,50086,0.0,0.0,0.5,7.0,4.0,linear
4,79617,50449,50449,0.0,0.0,0.5,7.0,4.0,linear
5,78932,50383,50383,0.0,0.0,0.5,7.0,4.0,linear
6,78589,50252,50252,0.0,0.0,0.5,7.0,4.0,linear
7,78366,50115,50115,0.0,0.0,0.5,7.0,4.0,linear
8,78177,49982,49982,0.0,0.0,0.5,7.0,4.0,linear
9,78399,49757,49757,0.0,0.0,0.5,7.0,4.0,linear
10,78479,49655,49655,0.0,0.0,0.5,7.0,4.0,linear
11,78798,49666,49666,0.0,0.0,0.5,7.0,4.0,linear
12,121465,50261,50261,0.301662,0.322604,0.5,7.0,4.0,linear
13,139459,47315,47315,0.423208,0.469035,0.5,7.0,4.0,linear
14,133692,41635,41635,0.464522,0.543207,0.5,7.0,4.0,linear
15,127778,35044,35044,0.505226,0.620922,0.5,7.0,4.0,linear
16,124344,29061,29061,0.543715,0.691244,0.5,7.0,4.0,linear
17,119991,22874,22874,0.581755,0.754455,0.5,7.0,4.0,linear
18,114695,17159,17159,0.618626,0.805902,0.5,7.0,4.0,linear
19,108974,13000,13000,0.654654,0.844585,0.5,7.0,4.0,linear
20,103015,9709,9709,0.689564,0.874406,0.5,7.0,4.0,linear
21,96186,7239,7239,0.725722,0.897035,0.5,7.0,4.0,linear
22,89670,5305,5305,0.76435,0.91755,0.5,7.0,4.0,linear
23,83685,3840,3840,0.79991,0.934959,0.5,7.0,4.0,linear
24,79417,2734,2734,0.838216,0.951273,0.5,7.0,4.0,linear
25,75152,1935,1935,0.873929,0.964489,0.5,7.0,4.0,linear
26,71876,1322,1322,0.90315,0.9747,0.5,7.0,4.0,linear
27,69648,881,881,0.929058,0.982861,0.5,7.0,4.0,linear
28,67496,548,548,0.950275,0.989205,0.5,7.0,4.0,linear
29,66148,332,332,0.966068,0.993243,0.5,7.0,4.0,linear
30,65084,195,195,0.97796,0.995915,0.5,7.0,4.0,linear
31,64514,110,110,0.985963,0.997583,0.5,7.0,4.0,linear
32,63718,73,73,0.990966,0.998641,0.5,7.0,4.0,linear
33,63609,37,37,0.994732,0.99931,0.5,7.0,4.0,linear
34,63450,18,18,0.996806,0.999638,0.5,7.0,4.0,linear
35,63190,10,10,0.998205,0.999826,0.5,7.0,4.0,linear
36,63227,6,6,0.999043,0.999905,0.5,7.0,4.0,linear
37,63340,4,4,0.999511,0.999937,0.5,7.0,4.0,linear
38,63127,2,2,0.999755,0.999968,0.5,7.0,4.0,linear
39,63074,1,1,0.999849,0.999984,0.5,7.0,4.0,linear
40,63015,0,0,0.99996,1.0,0.5,7.0,4.0,linear

