generation,size,female_size,fertile_female_size,rate_dr,rate_has_drive,drive_efficiency,drop_ratio,low_density_growth_rate,density_growth_curve
1,78121,49271,49271,0.0,0.0,0.5,9.0,6.0,linear
2,78091,48996,48996,0.0,0.0,0.5,9.0,6.0,linear
3,79843,50090,50090,0.0,0.0,0.5,9.0,6.0,linear
4,80194,50589,50589,0.0,0.0,0.5,9.0,6.0,linear
5,79111,50237,50237,0.0,0.0,0.5,9.0,6.0,linear
6,77728,49659,49659,0.0,0.0,0.5,9.0,6.0,linear
7,77944,49654,49654,0.0,0.0,0.5,9.0,6.0,linear
8,79366,50235,50235,0.0,0.0,0.5,9.0,6.0,linear
9,78667,50005,50005,0.0,0.0,0.5,9.0,6.0,linear
10,78783,50071,50071,0.0,0.0,0.5,9.0,6.0,linear
11,78812,50274,50274,0.0,0.0,0.5,9.0,6.0,linear
12,132624,50188,50188,0.356176,0.376615,0.5,9.0,6.0,linear
13,155821,46454,46454,0.483799,0.527196,0.5,9.0,6.0,linear
14,150058,40563,40563,0.52012,0.599717,0.5,9.0,6.0,linear
15,147501,34947,34947,0.551869,0.671576,0.5,9.0,6.0,linear
16,146673,29147,29147,0.582272,0.735552,0.5,9.0,6.0,linear
17,145123,23490,23490,0.611684,0.792687,0.5,9.0,6.0,linear
18,141470,17944,17944,0.639747,0.837582,0.5,9.0,6.0,linear
19,137121,13770,13770,0.666822,0.869319,0.5,9.0,6.0,linear
20,131775,10594,10594,0.693998,0.892602,0.5,9.0,6.0,linear
21,124911,8001,8001,0.7234,0.910926,0.5,9.0,6.0,linear
22,117720,6060,6060,0.754053,0.92673,0.5,9.0,6.0,linear
23,111552,4736,4736,0.785049,0.939134,0.5,9.0,6.0,linear
24,105250,3715,3715,0.812612,0.949969,0.5,9.0,6.0,linear
25,100849,2828,2828,0.840198,0.959561,0.5,9.0,6.0,linear
26,97007,2123,2123,0.86735,0.968873,0.5,9.0,6.0,linear
27,93815,1465,1465,0.892517,0.97758,0.5,9.0,6.0,linear
28,90841,991,991,0.917359,0.984314,0.5,9.0,6.0,linear
29,88459,666,666,0.938822,0.989637,0.5,9.0,6.0,linear
30,86197,414,414,0.955616,0.993259,0.5,9.0,6.0,linear
31,84655,256,256,0.970672,0.99598,0.5,9.0,6.0,linear
32,83461,156,156,0.980735,0.99764,0.5,9.0,6.0,linear
33,82735,98,98,0.987551,0.998511,0.5,9.0,6.0,linear
34,82257,64,64,0.991815,0.999032,0.5,9.0,6.0,linear
35,81921,34,34,0.995167,0.999476,0.5,9.0,6.0,linear
36,81821,13,13,0.997509,0.999805,0.5,9.0,6.0,linear
37,81475,7,7,0.998706,0.999865,0.5,9.0,6.0,linear
38,81454,7,7,0.999362,0.999902,0.5,9.0,6.0,linear
39,81337,5,5,0.999613,0.999939,0.5,9.0,6.0,linear
40,81220,4,4,0.999735,0.999951,0.5,9.0,6.0,linear
41,81080,3,3,0.999827,0.999963,0.5,9.0,6.0,linear
42,81219,1,1,0.999883,0.999988,0.5,9.0,6.0,linear
43,81469,1,1,0.999939,0.999988,0.5,9.0,6.0,linear
44,81147,0,0,0.999969,1.0,0.5,9.0,6.0,linear

