generation,size,female_size,fertile_female_size,rate_dr,rate_has_drive,drive_efficiency,drop_ratio,low_density_growth_rate,density_growth_curve
1,78523,49358,49358,0.0,0.0,0.5,5.0,4.0,linear
2,78407,49237,49237,0.0,0.0,0.5,5.0,4.0,linear
3,78828,49803,49803,0.0,0.0,0.5,5.0,4.0,linear
4,79721,50353,50353,0.0,0.0,0.5,5.0,4.0,linear
5,79244,50309,50309,0.0,0.0,0.5,5.0,4.0,linear
6,78453,50035,50035,0.0,0.0,0.5,5.0,4.0,linear
7,78582,50166,50166,0.0,0.0,0.5,5.0,4.0,linear
8,78925,50103,50103,0.0,0.0,0.5,5.0,4.0,linear
9,78059,49638,49638,0.0,0.0,0.5,5.0,4.0,linear
10,78385,49726,49726,0.0,0.0,0.5,5.0,4.0,linear
11,78450,49751,49751,0.0,0.0,0.5,5.0,4.0,linear
12,109085,50104,50104,0.239085,0.259406,0.5,5.0,4.0,linear
13,120666,47197,47197,0.348619,0.394542,0.5,5.0,4.0,linear
14,115709,42144,42144,0.389873,0.471929,0.5,5.0,4.0,linear
15,111128,36292,36292,0.431035,0.551277,0.5,5.0,4.0,linear
16,108052,30749,30749,0.470432,0.624249,0.5,5.0,4.0,linear
17,104294,25138,25138,0.507422,0.6887,0.5,5.0,4.0,linear
18,99520,19849,19849,0.541009,0.741529,0.5,5.0,4.0,linear
19,94547,15682,15682,0.57464,0.783996,0.5,5.0,4.0,linear
20,88682,12435,12435,0.605081,0.814201,0.5,5.0,4.0,linear
21,82842,9711,9711,0.636991,0.841488,0.5,5.0,4.0,linear
22,76790,7590,7590,0.669841,0.865288,0.5,5.0,4.0,linear
23,71365,5816,5816,0.704932,0.887438,0.5,5.0,4.0,linear
24,66454,4505,4505,0.739534,0.906703,0.5,5.0,4.0,linear
25,62638,3403,3403,0.775452,0.924256,0.5,5.0,4.0,linear
26,58860,2549,2549,0.811128,0.939172,0.5,5.0,4.0,linear
27,55642,1846,1846,0.845839,0.954233,0.5,5.0,4.0,linear
28,52731,1286,1286,0.877331,0.966382,0.5,5.0,4.0,linear
29,50877,859,859,0.908163,0.977255,0.5,5.0,4.0,linear
30,49234,551,551,0.934138,0.984833,0.5,5.0,4.0,linear
31,47853,350,350,0.955782,0.990328,0.5,5.0,4.0,linear
32,46912,206,206,0.969862,0.994326,0.5,5.0,4.0,linear
33,46086,111,111,0.981466,0.996601,0.5,5.0,4.0,linear
34,45593,67,67,0.988788,0.998124,0.5,5.0,4.0,linear
35,45411,23,23,0.993083,0.999386,0.5,5.0,4.0,linear
36,45402,10,10,0.996361,0.999758,0.5,5.0,4.0,linear
37,45287,6,6,0.998003,0.999868,0.5,5.0,4.0,linear
38,45276,4,4,0.998995,0.999912,0.5,5.0,4.0,linear
39,45087,1,1,0.999601,0.999978,0.5,5.0,4.0,linear
40,45019,0,0,0.9999,1.0,0.5,5.0,4.0,linear

