generation,size,female_size,fertile_female_size,rate_dr,rate_has_drive,drive_efficiency,drop_ratio,low_density_growth_rate,density_growth_curve
1,78033,49075,49075,0.0,0.0,0.5,9.5,4.0,linear
2,78198,49203,49203,0.0,0.0,0.5,9.5,4.0,linear
3,79138,50102,50102,0.0,0.0,0.5,9.5,4.0,linear
4,79473,50394,50394,0.0,0.0,0.5,9.5,4.0,linear
5,78987,50237,50237,0.0,0.0,0.5,9.5,4.0,linear
6,78473,50007,50007,0.0,0.0,0.5,9.5,4.0,linear
7,78447,49866,49866,0.0,0.0,0.5,9.5,4.0,linear
8,78049,49779,49779,0.0,0.0,0.5,9.5,4.0,linear
9,78243,49739,49739,0.0,0.0,0.5,9.5,4.0,linear
10,78946,50031,50031,0.0,0.0,0.5,9.5,4.0,linear
11,78928,49999,49999,0.0,0.0,0.5,9.5,4.0,linear
12,136006,49872,49872,0.369619,0.391331,0.5,9.5,4.0,linear
13,160411,46267,46267,0.496103,0.539752,0.5,9.5,4.0,linear
14,154490,40490,40490,0.534781,0.611003,0.5,9.5,4.0,linear
15,150075,34130,34130,0.5732,0.682296,0.5,9.5,4.0,linear
16,145671,27623,27623,0.609969,0.748404,0.5,9.5,4.0,linear
17,141658,21183,21183,0.64927,0.807933,0.5,9.5,4.0,linear
18,135314,15441,15441,0.684854,0.853549,0.5,9.5,4.0,linear
19,128949,11092,11092,0.721823,0.887706,0.5,9.5,4.0,linear
20,122067,7975,7975,0.760099,0.91413,0.5,9.5,4.0,linear
21,114739,5576,5576,0.79759,0.93439,0.5,9.5,4.0,linear
22,108182,3926,3926,0.834746,0.95085,0.5,9.5,4.0,linear
23,102032,2693,2693,0.869669,0.964253,0.5,9.5,4.0,linear
24,97712,1765,1765,0.901389,0.975139,0.5,9.5,4.0,linear
25,94361,1224,1224,0.927352,0.982845,0.5,9.5,4.0,linear
26,91444,722,722,0.948417,0.989073,0.5,9.5,4.0,linear
27,89592,477,477,0.965776,0.99289,0.5,9.5,4.0,linear
28,88585,256,256,0.978224,0.99606,0.5,9.5,4.0,linear
29,87081,150,150,0.986128,0.99772,0.5,9.5,4.0,linear
30,86534,79,79,0.991753,0.998883,0.5,9.5,4.0,linear
31,86121,40,40,0.995472,0.999501,0.5,9.5,4.0,linear
32,85919,21,21,0.997431,0.999744,0.5,9.5,4.0,linear
33,85513,5,5,0.998709,0.999942,0.5,9.5,4.0,linear
34,86071,5,5,0.999442,0.999942,0.5,9.5,4.0,linear
35,85414,3,3,0.999713,0.999965,0.5,9.5,4.0,linear
36,85978,1,1,0.999919,0.999988,0.5,9.5,4.0,linear
37,85694,0,0,0.999982,1.0,0.5,9.5,4.0,linear

