generation,size,female_size,fertile_female_size,rate_dr,rate_has_drive,drive_efficiency,drop_ratio,low_density_growth_rate,density_growth_curve
1,78038,49451,49451,0.0,0.0,0.5,2.0,2.0,linear
2,77933,49265,49265,0.0,0.0,0.5,2.0,2.0,linear
3,78245,49561,49561,0.0,0.0,0.5,2.0,2.0,linear
4,78060,49544,49544,0.0,0.0,0.5,2.0,2.0,linear
5,78217,49378,49378,0.0,0.0,0.5,2.0,2.0,linear
6,78460,49710,49710,0.0,0.0,0.5,2.0,2.0,linear
7,78250,49714,49714,0.0,0.0,0.5,2.0,2.0,linear
8,78431,49855,49855,0.0,0.0,0.5,2.0,2.0,linear
9,78428,49884,49884,0.0,0.0,0.5,2.0,2.0,linear
10,78205,49705,49705,0.0,0.0,0.5,2.0,2.0,linear
11,78137,49808,49808,0.0,0.0,0.5,2.0,2.0,linear
12,90273,49977,49977,0.116992,0.132303,0.5,2.0,2.0,linear
13,94350,47930,47930,0.186261,0.225719,0.5,2.0,2.0,linear
14,90927,44476,44476,0.218821,0.28633,0.5,2.0,2.0,linear
15,86475,40041,40041,0.253447,0.350161,0.5,2.0,2.0,linear
16,81103,34812,34812,0.290333,0.413879,0.5,2.0,2.0,linear
17,75024,29336,29336,0.328378,0.476147,0.5,2.0,2.0,linear
18,69045,24547,24547,0.362271,0.528336,0.5,2.0,2.0,linear
19,62528,20175,20175,0.395057,0.57497,0.5,2.0,2.0,linear
20,56697,16459,16459,0.427678,0.616901,0.5,2.0,2.0,linear
21,50975,13269,13269,0.462582,0.655609,0.5,2.0,2.0,linear
22,46065,10677,10677,0.500415,0.694066,0.5,2.0,2.0,linear
23,41201,8329,8329,0.541519,0.73226,0.5,2.0,2.0,linear
24,36609,6387,6387,0.584223,0.770863,0.5,2.0,2.0,linear
25,33035,4761,4761,0.632264,0.808717,0.5,2.0,2.0,linear
26,29827,3502,3502,0.680573,0.84211,0.5,2.0,2.0,linear
27,26941,2500,2500,0.733346,0.876949,0.5,2.0,2.0,linear
28,24361,1667,1667,0.784796,0.908203,0.5,2.0,2.0,linear
29,22599,1129,1129,0.833966,0.933293,0.5,2.0,2.0,linear
30,21404,759,759,0.876341,0.95401,0.5,2.0,2.0,linear
31,20236,471,471,0.910556,0.969657,0.5,2.0,2.0,linear
32,19742,288,288,0.941551,0.982065,0.5,2.0,2.0,linear
33,19055,175,175,0.961483,0.988612,0.5,2.0,2.0,linear
34,18646,103,103,0.976326,0.993259,0.5,2.0,2.0,linear
35,18360,52,52,0.986111,0.996426,0.5,2.0,2.0,linear
36,18118,23,23,0.992626,0.998404,0.5,2.0,2.0,linear
37,18013,10,10,0.996147,0.999279,0.5,2.0,2.0,linear
38,17939,5,5,0.99805,0.999666,0.5,2.0,2.0,linear
39,17882,3,3,0.998798,0.999832,0.5,2.0,2.0,linear
40,17896,1,1,0.999525,0.999944,0.5,2.0,2.0,linear
41,18039,0,0,0.999778,1.0,0.5,2.0,2.0,linear

