generation,size,female_size,fertile_female_size,rate_dr,rate_has_drive,drive_efficiency,drop_ratio,low_density_growth_rate,density_growth_curve
1,78056,49220,49220,0.0,0.0,0.5,6.5,4.0,linear
2,78145,49082,49082,0.0,0.0,0.5,6.5,4.0,linear
3,79475,49877,49877,0.0,0.0,0.5,6.5,4.0,linear
4,79583,50031,50031,0.0,0.0,0.5,6.5,4.0,linear
5,79017,49973,49973,0.0,0.0,0.5,6.5,4.0,linear
6,78999,50045,50045,0.0,0.0,0.5,6.5,4.0,linear
7,78860,50156,50156,0.0,0.0,0.5,6.5,4.0,linear
8,79119,50323,50323,0.0,0.0,0.5,6.5,4.0,linear
9,78097,49682,49682,0.0,0.0,0.5,6.5,4.0,linear
10,77771,49438,49438,0.0,0.0,0.5,6.5,4.0,linear
11,78433,49806,49806,0.0,0.0,0.5,6.5,4.0,linear
12,118341,50190,50190,0.287665,0.309166,0.5,6.5,4.0,linear
13,134394,46789,46789,0.405312,0.451027,0.5,6.5,4.0,linear
14,128525,41450,41450,0.445809,0.526185,0.5,6.5,4.0,linear
15,124206,35404,35404,0.488381,0.605778,0.5,6.5,4.0,linear
16,120192,29215,29215,0.52791,0.677662,0.5,6.5,4.0,linear
17,116429,23364,23364,0.565965,0.741538,0.5,6.5,4.0,linear
18,110954,17797,17797,0.60301,0.794836,0.5,6.5,4.0,linear
19,104834,13416,13416,0.637853,0.834386,0.5,6.5,4.0,linear
20,99048,10255,10255,0.673444,0.864566,0.5,6.5,4.0,linear
21,91924,7723,7723,0.710281,0.89003,0.5,6.5,4.0,linear
22,85480,5533,5533,0.747362,0.912056,0.5,6.5,4.0,linear
23,79883,4048,4048,0.786737,0.930353,0.5,6.5,4.0,linear
24,74982,2918,2918,0.8236,0.946269,0.5,6.5,4.0,linear
25,71068,2012,2012,0.85981,0.960414,0.5,6.5,4.0,linear
26,67587,1369,1369,0.89336,0.9721,0.5,6.5,4.0,linear
27,65010,894,894,0.92093,0.981861,0.5,6.5,4.0,linear
28,63280,571,571,0.945222,0.988168,0.5,6.5,4.0,linear
29,61787,322,322,0.962586,0.993362,0.5,6.5,4.0,linear
30,60676,183,183,0.976269,0.996224,0.5,6.5,4.0,linear
31,59827,102,102,0.985464,0.997907,0.5,6.5,4.0,linear
32,59209,47,47,0.991537,0.999024,0.5,6.5,4.0,linear
33,59053,25,25,0.995757,0.99951,0.5,6.5,4.0,linear
34,58688,9,9,0.997711,0.999847,0.5,6.5,4.0,linear
35,58457,3,3,0.998957,0.999949,0.5,6.5,4.0,linear
36,58796,1,1,0.999566,0.999983,0.5,6.5,4.0,linear
37,58510,1,1,0.999897,0.999983,0.5,6.5,4.0,linear
38,58575,0,0,0.999915,1.0,0.5,6.5,4.0,linear

