generation,size,female_size,fertile_female_size,rate_dr,rate_has_drive,drive_efficiency,drop_ratio,low_density_growth_rate,density_growth_curve
1,78357,49351,49351,0.0,0.0,0.5,6.0,6.0,linear
2,78484,49385,49385,0.0,0.0,0.5,6.0,6.0,linear
3,79845,50241,50241,0.0,0.0,0.5,6.0,6.0,linear
4,80105,50513,50513,0.0,0.0,0.5,6.0,6.0,linear
5,78128,49764,49764,0.0,0.0,0.5,6.0,6.0,linear
6,76913,49249,49249,0.0,0.0,0.5,6.0,6.0,linear
7,79027,50277,50277,0.0,0.0,0.5,6.0,6.0,linear
8,79782,50438,50438,0.0,0.0,0.5,6.0,6.0,linear
9,78769,49804,49804,0.0,0.0,0.5,6.0,6.0,linear
10,77149,49122,49122,0.0,0.0,0.5,6.0,6.0,linear
11,78323,49777,49777,0.0,0.0,0.5,6.0,6.0,linear
12,116672,50901,50901,0.270106,0.290975,0.5,6.0,6.0,linear
13,131153,47663,47663,0.387034,0.433002,0.5,6.0,6.0,linear
14,124466,41813,41813,0.426316,0.510784,0.5,6.0,6.0,linear
15,121599,36573,36573,0.463118,0.588569,0.5,6.0,6.0,linear
16,120582,31329,31329,0.496203,0.659448,0.5,6.0,6.0,linear
17,119263,25714,25714,0.527307,0.723115,0.5,6.0,6.0,linear
18,117712,20581,20581,0.556564,0.772445,0.5,6.0,6.0,linear
19,114290,16816,16816,0.579713,0.805889,0.5,6.0,6.0,linear
20,109518,13922,13922,0.601598,0.830247,0.5,6.0,6.0,linear
21,103760,11372,11372,0.622728,0.85097,0.5,6.0,6.0,linear
22,98723,9267,9267,0.647941,0.869916,0.5,6.0,6.0,linear
23,92778,7641,7641,0.672773,0.884565,0.5,6.0,6.0,linear
24,87451,6145,6145,0.69861,0.900164,0.5,6.0,6.0,linear
25,82766,4981,4981,0.726997,0.912924,0.5,6.0,6.0,linear
26,78020,3963,3963,0.755268,0.926408,0.5,6.0,6.0,linear
27,74121,3089,3089,0.784002,0.938523,0.5,6.0,6.0,linear
28,70309,2391,2391,0.810466,0.950569,0.5,6.0,6.0,linear
29,67828,1842,1842,0.839254,0.960573,0.5,6.0,6.0,linear
30,65052,1352,1352,0.869123,0.970356,0.5,6.0,6.0,linear
31,62273,939,939,0.894204,0.978344,0.5,6.0,6.0,linear
32,60298,664,664,0.9182,0.984555,0.5,6.0,6.0,linear
33,58338,448,448,0.938279,0.989655,0.5,6.0,6.0,linear
34,57125,272,272,0.956204,0.993265,0.5,6.0,6.0,linear
35,56090,174,174,0.970547,0.99572,0.5,6.0,6.0,linear
36,55366,111,111,0.980963,0.997514,0.5,6.0,6.0,linear
37,54719,64,64,0.987756,0.998457,0.5,6.0,6.0,linear
38,54536,36,36,0.992884,0.999269,0.5,6.0,6.0,linear
39,54452,21,21,0.995276,0.999597,0.5,6.0,6.0,linear
40,54356,7,7,0.997547,0.999853,0.5,6.0,6.0,linear
41,54149,4,4,0.998643,0.999926,0.5,6.0,6.0,linear
42,54176,1,1,0.9994,0.999982,0.5,6.0,6.0,linear
43,54263,0,0,0.999807,1.0,0.5,6.0,6.0,linear

