generation,size,female_size,fertile_female_size,rate_dr,rate_has_drive,drive_efficiency,drop_ratio,low_density_growth_rate,density_growth_curve
1,77976,49128,49128,0.0,0.0,0.5,5.5,4.0,linear
2,78350,49126,49126,0.0,0.0,0.5,5.5,4.0,linear
3,78603,49496,49496,0.0,0.0,0.5,5.5,4.0,linear
4,79169,49890,49890,0.0,0.0,0.5,5.5,4.0,linear
5,78853,50221,50221,0.0,0.0,0.5,5.5,4.0,linear
6,79096,50534,50534,0.0,0.0,0.5,5.5,4.0,linear
7,78599,50204,50204,0.0,0.0,0.5,5.5,4.0,linear
8,78044,50021,50021,0.0,0.0,0.5,5.5,4.0,linear
9,77874,49832,49832,0.0,0.0,0.5,5.5,4.0,linear
10,78317,49623,49623,0.0,0.0,0.5,5.5,4.0,linear
11,78033,49605,49605,0.0,0.0,0.5,5.5,4.0,linear
12,111611,49836,49836,0.255923,0.276966,0.5,5.5,4.0,linear
13,125340,47134,47134,0.368302,0.414898,0.5,5.5,4.0,linear
14,119789,41785,41785,0.408981,0.48979,0.5,5.5,4.0,linear
15,115228,36094,36094,0.451317,0.570317,0.5,5.5,4.0,linear
16,111975,30303,30303,0.490633,0.641635,0.5,5.5,4.0,linear
17,108050,24584,24584,0.527733,0.706374,0.5,5.5,4.0,linear
18,103069,19133,19133,0.56297,0.759763,0.5,5.5,4.0,linear
19,97950,14755,14755,0.598189,0.803455,0.5,5.5,4.0,linear
20,91628,11560,11560,0.629856,0.833493,0.5,5.5,4.0,linear
21,85490,8950,8950,0.661651,0.859891,0.5,5.5,4.0,linear
22,80037,6929,6929,0.697544,0.88283,0.5,5.5,4.0,linear
23,74559,5166,5166,0.734276,0.902664,0.5,5.5,4.0,linear
24,69598,3966,3966,0.7708,0.920693,0.5,5.5,4.0,linear
25,65020,2915,2915,0.807253,0.938071,0.5,5.5,4.0,linear
26,61668,2051,2051,0.843056,0.953409,0.5,5.5,4.0,linear
27,58606,1479,1479,0.87705,0.966263,0.5,5.5,4.0,linear
28,56301,996,996,0.906296,0.976238,0.5,5.5,4.0,linear
29,54291,647,647,0.931247,0.984417,0.5,5.5,4.0,linear
30,52633,406,406,0.952116,0.990351,0.5,5.5,4.0,linear
31,51692,245,245,0.967692,0.994045,0.5,5.5,4.0,linear
32,51094,136,136,0.979731,0.996686,0.5,5.5,4.0,linear
33,50599,73,73,0.986895,0.998215,0.5,5.5,4.0,linear
34,50077,41,41,0.992259,0.998985,0.5,5.5,4.0,linear
35,49950,24,24,0.995514,0.99942,0.5,5.5,4.0,linear
36,49872,16,16,0.997596,0.999659,0.5,5.5,4.0,linear
37,49758,9,9,0.998424,0.999819,0.5,5.5,4.0,linear
38,49504,7,7,0.999001,0.999859,0.5,5.5,4.0,linear
39,49471,6,6,0.999363,0.999879,0.5,5.5,4.0,linear
40,49375,2,2,0.999625,0.99996,0.5,5.5,4.0,linear
41,49926,1,1,0.99977,0.99998,0.5,5.5,4.0,linear
42,49740,0,0,0.99991,1.0,0.5,5.5,4.0,linear

