generation,size,female_size,fertile_female_size,rate_dr,rate_has_drive,drive_efficiency,drop_ratio,low_density_growth_rate,density_growth_curve
1,78046,49133,49133,0.0,0.0,0.5,7.5,6.0,linear
2,77696,49004,49004,0.0,0.0,0.5,7.5,6.0,linear
3,79114,49960,49960,0.0,0.0,0.5,7.5,6.0,linear
4,81200,51210,51210,0.0,0.0,0.5,7.5,6.0,linear
5,79314,50407,50407,0.0,0.0,0.5,7.5,6.0,linear
6,76554,49207,49207,0.0,0.0,0.5,7.5,6.0,linear
7,77255,49383,49383,0.0,0.0,0.5,7.5,6.0,linear
8,79586,50348,50348,0.0,0.0,0.5,7.5,6.0,linear
9,79744,50457,50457,0.0,0.0,0.5,7.5,6.0,linear
10,78515,50002,50002,0.0,0.0,0.5,7.5,6.0,linear
11,77588,49514,49514,0.0,0.0,0.5,7.5,6.0,linear
12,124124,50343,50343,0.314975,0.335807,0.5,7.5,6.0,linear
13,144219,47261,47261,0.43982,0.484,0.5,7.5,6.0,linear
14,136907,41198,41198,0.476664,0.559137,0.5,7.5,6.0,linear
15,135119,36008,36008,0.511785,0.633963,0.5,7.5,6.0,linear
16,133892,30385,30385,0.542353,0.700631,0.5,7.5,6.0,linear
17,132307,24496,24496,0.572743,0.761124,0.5,7.5,6.0,linear
18,128866,19037,19037,0.601618,0.807685,0.5,7.5,6.0,linear
19,125256,14962,14962,0.62747,0.841185,0.5,7.5,6.0,linear
20,119972,11911,11911,0.651612,0.864493,0.5,7.5,6.0,linear
21,114415,9515,9515,0.678441,0.883288,0.5,7.5,6.0,linear
22,107681,7589,7589,0.704896,0.900337,0.5,7.5,6.0,linear
23,101894,6082,6082,0.732274,0.9158,0.5,7.5,6.0,linear
24,96589,4835,4835,0.761657,0.9301,0.5,7.5,6.0,linear
25,91772,3714,3714,0.790536,0.942358,0.5,7.5,6.0,linear
26,87151,2921,2921,0.819658,0.952323,0.5,7.5,6.0,linear
27,83293,2181,2181,0.846854,0.962874,0.5,7.5,6.0,linear
28,79854,1582,1582,0.873879,0.971084,0.5,7.5,6.0,linear
29,77085,1158,1158,0.899271,0.979137,0.5,7.5,6.0,linear
30,74914,763,763,0.922482,0.98549,0.5,7.5,6.0,linear
31,72962,496,496,0.9425,0.990478,0.5,7.5,6.0,linear
32,71115,308,308,0.960196,0.994018,0.5,7.5,6.0,linear
33,70064,192,192,0.973861,0.99655,0.5,7.5,6.0,linear
34,68891,118,118,0.983533,0.997855,0.5,7.5,6.0,linear
35,68540,70,70,0.989854,0.998853,0.5,7.5,6.0,linear
36,68184,42,42,0.994041,0.999327,0.5,7.5,6.0,linear
37,67854,16,16,0.996645,0.999706,0.5,7.5,6.0,linear
38,67733,9,9,0.99784,0.999823,0.5,7.5,6.0,linear
39,67702,3,3,0.998885,0.999911,0.5,7.5,6.0,linear
40,67817,1,1,0.999536,0.999985,0.5,7.5,6.0,linear
41,67921,0,0,0.999735,1.0,0.5,7.5,6.0,linear

