generation,size,female_size,fertile_female_size,rate_dr,rate_has_drive,drive_efficiency,drop_ratio,low_density_growth_rate,density_growth_curve
1,78525,49458,49458,0.0,0.0,0.5,6.0,2.0,linear
2,78387,49340,49340,0.0,0.0,0.5,6.0,2.0,linear
3,78099,49364,49364,0.0,0.0,0.5,6.0,2.0,linear
4,78297,49775,49775,0.0,0.0,0.5,6.0,2.0,linear
5,78449,49947,49947,0.0,0.0,0.5,6.0,2.0,linear
6,78667,50139,50139,0.0,0.0,0.5,6.0,2.0,linear
7,78768,50094,50094,0.0,0.0,0.5,6.0,2.0,linear
8,78804,50050,50050,0.0,0.0,0.5,6.0,2.0,linear
9,78761,50019,50019,0.0,0.0,0.5,6.0,2.0,linear
10,78680,50085,50085,0.0,0.0,0.5,6.0,2.0,linear
11,78565,50149,50149,0.0,0.0,0.5,6.0,2.0,linear
12,114710,49914,49914,0.273023,0.293504,0.5,6.0,2.0,linear
13,129673,46758,46758,0.388018,0.433891,0.5,6.0,2.0,linear
14,124444,41364,41364,0.431595,0.50814,0.5,6.0,2.0,linear
15,117496,34886,34886,0.480311,0.587061,0.5,6.0,2.0,linear
16,110580,28351,28351,0.529734,0.659855,0.5,6.0,2.0,linear
17,102058,21584,21584,0.580537,0.727447,0.5,6.0,2.0,linear
18,93904,15511,15511,0.634107,0.787808,0.5,6.0,2.0,linear
19,86280,11056,11056,0.685114,0.833753,0.5,6.0,2.0,linear
20,79516,7753,7753,0.737115,0.8741,0.5,6.0,2.0,linear
21,72863,5118,5118,0.789718,0.908254,0.5,6.0,2.0,linear
22,67263,3373,3373,0.837551,0.934971,0.5,6.0,2.0,linear
23,63237,2140,2140,0.879815,0.956485,0.5,6.0,2.0,linear
24,60261,1342,1342,0.916486,0.971818,0.5,6.0,2.0,linear
25,58458,800,800,0.943187,0.982638,0.5,6.0,2.0,linear
26,56708,454,454,0.963875,0.99007,0.5,6.0,2.0,linear
27,55743,243,243,0.977271,0.994444,0.5,6.0,2.0,linear
28,55052,133,133,0.987432,0.997089,0.5,6.0,2.0,linear
29,54666,75,75,0.992831,0.99834,0.5,6.0,2.0,linear
30,54630,30,30,0.995954,0.999288,0.5,6.0,2.0,linear
31,54262,13,13,0.997937,0.999705,0.5,6.0,2.0,linear
32,54135,8,8,0.998901,0.999815,0.5,6.0,2.0,linear
33,54062,3,3,0.999528,0.999945,0.5,6.0,2.0,linear
34,54011,1,1,0.999815,0.999981,0.5,6.0,2.0,linear
35,54200,1,1,0.999945,0.999982,0.5,6.0,2.0,linear
36,54026,1,1,0.999972,0.999981,0.5,6.0,2.0,linear
37,54161,0,0,0.999991,1.0,0.5,6.0,2.0,linear

