generation,size,female_size,fertile_female_size,rate_dr,rate_has_drive,drive_efficiency,drop_ratio,low_density_growth_rate,density_growth_curve
1,78072,49105,49105,0.0,0.0,0.5,5.5,5.0,linear
2,78166,49177,49177,0.0,0.0,0.5,5.5,5.0,linear
3,80441,50468,50468,0.0,0.0,0.5,5.5,5.0,linear
4,80158,50654,50654,0.0,0.0,0.5,5.5,5.0,linear
5,78321,49791,49791,0.0,0.0,0.5,5.5,5.0,linear
6,78382,50173,50173,0.0,0.0,0.5,5.5,5.0,linear
7,78703,50152,50152,0.0,0.0,0.5,5.5,5.0,linear
8,78442,49967,49967,0.0,0.0,0.5,5.5,5.0,linear
9,78727,49930,49930,0.0,0.0,0.5,5.5,5.0,linear
10,78269,49896,49896,0.0,0.0,0.5,5.5,5.0,linear
11,78466,50126,50126,0.0,0.0,0.5,5.5,5.0,linear
12,111738,50111,50111,0.257753,0.278654,0.5,5.5,5.0,linear
13,125106,47029,47029,0.369555,0.415648,0.5,5.5,5.0,linear
14,120020,41913,41913,0.407417,0.489069,0.5,5.5,5.0,linear
15,116319,36506,36506,0.446602,0.568328,0.5,5.5,5.0,linear
16,114459,31247,31247,0.482324,0.640625,0.5,5.5,5.0,linear
17,112277,25708,25708,0.516086,0.704599,0.5,5.5,5.0,linear
18,109030,20595,20595,0.547032,0.755251,0.5,5.5,5.0,linear
19,104805,16687,16687,0.574301,0.79266,0.5,5.5,5.0,linear
20,99761,13515,13515,0.599622,0.821266,0.5,5.5,5.0,linear
21,94445,10904,10904,0.626055,0.844371,0.5,5.5,5.0,linear
22,88503,8763,8763,0.653531,0.866258,0.5,5.5,5.0,linear
23,82898,6922,6922,0.682102,0.88313,0.5,5.5,5.0,linear
24,77767,5665,5665,0.710836,0.898024,0.5,5.5,5.0,linear
25,73026,4425,4425,0.741257,0.914148,0.5,5.5,5.0,linear
26,68812,3426,3426,0.772617,0.929526,0.5,5.5,5.0,linear
27,65584,2597,2597,0.807307,0.943644,0.5,5.5,5.0,linear
28,61954,1866,1866,0.83876,0.95657,0.5,5.5,5.0,linear
29,59349,1362,1362,0.869963,0.967349,0.5,5.5,5.0,linear
30,56562,986,986,0.897255,0.975748,0.5,5.5,5.0,linear
31,54827,715,715,0.920315,0.982344,0.5,5.5,5.0,linear
32,53626,478,478,0.939363,0.987616,0.5,5.5,5.0,linear
33,52373,312,312,0.956199,0.99207,0.5,5.5,5.0,linear
34,51462,179,179,0.971112,0.995559,0.5,5.5,5.0,linear
35,50584,103,103,0.980075,0.997595,0.5,5.5,5.0,linear
36,50421,58,58,0.987765,0.998739,0.5,5.5,5.0,linear
37,50044,23,23,0.993383,0.999462,0.5,5.5,5.0,linear
38,49838,14,14,0.996294,0.99972,0.5,5.5,5.0,linear
39,49636,6,6,0.998168,0.999879,0.5,5.5,5.0,linear
40,49767,3,3,0.999257,0.99994,0.5,5.5,5.0,linear
41,49567,0,0,0.999455,1.0,0.5,5.5,5.0,linear

