generation,size,female_size,fertile_female_size,rate_dr,rate_has_drive,drive_efficiency,drop_ratio,low_density_growth_rate,density_growth_curve
1,78500,49486,49486,0.0,0.0,0.5,4.0,4.0,linear
2,78446,49358,49358,0.0,0.0,0.5,4.0,4.0,linear
3,79129,49798,49798,0.0,0.0,0.5,4.0,4.0,linear
4,78641,49611,49611,0.0,0.0,0.5,4.0,4.0,linear
5,78728,49990,49990,0.0,0.0,0.5,4.0,4.0,linear
6,78743,49950,49950,0.0,0.0,0.5,4.0,4.0,linear
7,78349,49690,49690,0.0,0.0,0.5,4.0,4.0,linear
8,78459,49630,49630,0.0,0.0,0.5,4.0,4.0,linear
9,78909,49897,49897,0.0,0.0,0.5,4.0,4.0,linear
10,79318,50318,50318,0.0,0.0,0.5,4.0,4.0,linear
11,79354,50656,50656,0.0,0.0,0.5,4.0,4.0,linear
12,102794,50360,50360,0.20486,0.223794,0.5,4.0,4.0,linear
13,111305,47159,47159,0.304883,0.349809,0.5,4.0,4.0,linear
14,106433,42360,42360,0.342191,0.421437,0.5,4.0,4.0,linear
15,103235,37423,37423,0.382698,0.500376,0.5,4.0,4.0,linear
16,99828,32096,32096,0.420937,0.574194,0.5,4.0,4.0,linear
17,96378,26842,26842,0.456775,0.639413,0.5,4.0,4.0,linear
18,92791,22113,22113,0.490584,0.694999,0.5,4.0,4.0,linear
19,88047,17912,17912,0.51966,0.737183,0.5,4.0,4.0,linear
20,83488,14705,14705,0.546077,0.76725,0.5,4.0,4.0,linear
21,78086,11940,11940,0.572852,0.794524,0.5,4.0,4.0,linear
22,72952,9802,9802,0.602113,0.818907,0.5,4.0,4.0,linear
23,67276,7880,7880,0.629207,0.839529,0.5,4.0,4.0,linear
24,62539,6405,6405,0.660808,0.860942,0.5,4.0,4.0,linear
25,58375,5071,5071,0.693699,0.880167,0.5,4.0,4.0,linear
26,54624,3947,3947,0.728958,0.900644,0.5,4.0,4.0,linear
27,51032,2960,2960,0.765355,0.920258,0.5,4.0,4.0,linear
28,47971,2193,2193,0.801453,0.937131,0.5,4.0,4.0,linear
29,45125,1609,1609,0.837231,0.951088,0.5,4.0,4.0,linear
30,42824,1121,1121,0.869611,0.963798,0.5,4.0,4.0,linear
31,41165,741,741,0.899207,0.974327,0.5,4.0,4.0,linear
32,40042,485,485,0.927122,0.983311,0.5,4.0,4.0,linear
33,38691,311,311,0.949112,0.989228,0.5,4.0,4.0,linear
34,37635,203,203,0.965755,0.993221,0.5,4.0,4.0,linear
35,37154,126,126,0.977139,0.995747,0.5,4.0,4.0,linear
36,36839,58,58,0.985789,0.998006,0.5,4.0,4.0,linear
37,36591,35,35,0.991265,0.99883,0.5,4.0,4.0,linear
38,36503,17,17,0.994671,0.999399,0.5,4.0,4.0,linear
39,36274,11,11,0.996971,0.999614,0.5,4.0,4.0,linear
40,36108,3,3,0.998547,0.999917,0.5,4.0,4.0,linear
41,35739,0,0,0.999259,1.0,0.5,4.0,4.0,linear

