generation,size,female_size,fertile_female_size,rate_dr,rate_has_drive,drive_efficiency,drop_ratio,low_density_growth_rate,density_growth_curve
1,78237,49064,49064,0.0,0.0,0.5,7.0,3.0,linear
2,78556,49350,49350,0.0,0.0,0.5,7.0,3.0,linear
3,79270,49850,49850,0.0,0.0,0.5,7.0,3.0,linear
4,78624,49812,49812,0.0,0.0,0.5,7.0,3.0,linear
5,78435,49898,49898,0.0,0.0,0.5,7.0,3.0,linear
6,78737,50352,50352,0.0,0.0,0.5,7.0,3.0,linear
7,78782,50264,50264,0.0,0.0,0.5,7.0,3.0,linear
8,78506,50195,50195,0.0,0.0,0.5,7.0,3.0,linear
9,78317,49999,49999,0.0,0.0,0.5,7.0,3.0,linear
10,78152,49910,49910,0.0,0.0,0.5,7.0,3.0,linear
11,78495,49963,49963,0.0,0.0,0.5,7.0,3.0,linear
12,120615,50165,50165,0.303002,0.324326,0.5,7.0,3.0,linear
13,138867,47034,47034,0.423018,0.468642,0.5,7.0,3.0,linear
14,133488,41525,41525,0.46466,0.5415,0.5,7.0,3.0,linear
15,127289,34922,34922,0.509653,0.619019,0.5,7.0,3.0,linear
16,121583,28371,28371,0.553601,0.69158,0.5,7.0,3.0,linear
17,115403,21720,21720,0.599233,0.759678,0.5,7.0,3.0,linear
18,108710,15867,15867,0.642723,0.812599,0.5,7.0,3.0,linear
19,101271,11507,11507,0.684158,0.852918,0.5,7.0,3.0,linear
20,94843,8267,8267,0.726949,0.885094,0.5,7.0,3.0,linear
21,88238,5776,5776,0.770801,0.912251,0.5,7.0,3.0,linear
22,81942,3863,3863,0.814066,0.935066,0.5,7.0,3.0,linear
23,77211,2625,2625,0.856489,0.954149,0.5,7.0,3.0,linear
24,73164,1705,1705,0.89426,0.968597,0.5,7.0,3.0,linear
25,69626,1101,1101,0.924006,0.978859,0.5,7.0,3.0,linear
26,67754,683,683,0.948064,0.986505,0.5,7.0,3.0,linear
27,66090,393,393,0.966205,0.991966,0.5,7.0,3.0,linear
28,65096,227,227,0.978845,0.995439,0.5,7.0,3.0,linear
29,64375,118,118,0.987371,0.997667,0.5,7.0,3.0,linear
30,63901,65,65,0.992552,0.998799,0.5,7.0,3.0,linear
31,63396,25,25,0.99593,0.999575,0.5,7.0,3.0,linear
32,63330,11,11,0.998193,0.999811,0.5,7.0,3.0,linear
33,63303,2,2,0.999155,0.999968,0.5,7.0,3.0,linear
34,63264,0,0,0.999621,1.0,0.5,7.0,3.0,linear

