generation,size,female_size,fertile_female_size,rate_dr,rate_has_drive,drive_efficiency,drop_ratio,low_density_growth_rate,density_growth_curve
1,78190,49415,49415,0.0,0.0,0.5,9.5,6.0,linear
2,78144,49306,49306,0.0,0.0,0.5,9.5,6.0,linear
3,80325,50616,50616,0.0,0.0,0.5,9.5,6.0,linear
4,80251,50719,50719,0.0,0.0,0.5,9.5,6.0,linear
5,79079,50415,50415,0.0,0.0,0.5,9.5,6.0,linear
6,78271,50011,50011,0.0,0.0,0.5,9.5,6.0,linear
7,78366,49761,49761,0.0,0.0,0.5,9.5,6.0,linear
8,78812,50115,50115,0.0,0.0,0.5,9.5,6.0,linear
9,78765,49957,49957,0.0,0.0,0.5,9.5,6.0,linear
10,78287,49802,49802,0.0,0.0,0.5,9.5,6.0,linear
11,78480,49836,49836,0.0,0.0,0.5,9.5,6.0,linear
12,136158,50162,50162,0.368122,0.389662,0.5,9.5,6.0,linear
13,161154,46679,46679,0.49547,0.538457,0.5,9.5,6.0,linear
14,154989,40772,40772,0.530712,0.609378,0.5,9.5,6.0,linear
15,152046,34885,34885,0.5635,0.681173,0.5,9.5,6.0,linear
16,150708,28895,28895,0.59426,0.747127,0.5,9.5,6.0,linear
17,149169,22683,22683,0.62563,0.80572,0.5,9.5,6.0,linear
18,145404,16983,16983,0.654003,0.849575,0.5,9.5,6.0,linear
19,141051,12847,12847,0.682175,0.879502,0.5,9.5,6.0,linear
20,134474,9884,9884,0.709176,0.901028,0.5,9.5,6.0,linear
21,127381,7471,7471,0.738929,0.918165,0.5,9.5,6.0,linear
22,120586,5621,5621,0.771056,0.933527,0.5,9.5,6.0,linear
23,113990,4270,4270,0.800893,0.94553,0.5,9.5,6.0,linear
24,108367,3310,3310,0.830366,0.956022,0.5,9.5,6.0,linear
25,103462,2482,2482,0.858814,0.965936,0.5,9.5,6.0,linear
26,99376,1832,1832,0.884907,0.973984,0.5,9.5,6.0,linear
27,96256,1273,1273,0.909,0.981625,0.5,9.5,6.0,linear
28,93984,842,842,0.931095,0.987724,0.5,9.5,6.0,linear
29,91868,601,601,0.948957,0.991607,0.5,9.5,6.0,linear
30,89962,368,368,0.963828,0.99492,0.5,9.5,6.0,linear
31,88701,205,205,0.975309,0.996978,0.5,9.5,6.0,linear
32,87468,106,106,0.984468,0.998389,0.5,9.5,6.0,linear
33,86725,50,50,0.991078,0.999207,0.5,9.5,6.0,linear
34,85887,24,24,0.995322,0.999593,0.5,9.5,6.0,linear
35,86102,16,16,0.997436,0.999756,0.5,9.5,6.0,linear
36,85811,9,9,0.998643,0.999872,0.5,9.5,6.0,linear
37,85918,7,7,0.99911,0.999907,0.5,9.5,6.0,linear
38,86044,5,5,0.999576,0.999942,0.5,9.5,6.0,linear
39,85963,0,0,0.999785,1.0,0.5,9.5,6.0,linear

