generation,size,female_size,fertile_female_size,rate_dr,rate_has_drive,drive_efficiency,drop_ratio,low_density_growth_rate,density_growth_curve
1,78659,49510,49510,0.0,0.0,0.5,8.5,9.0,linear
2,78217,49083,49083,0.0,0.0,0.5,8.5,9.0,linear
3,81334,50968,50968,0.0,0.0,0.5,8.5,9.0,linear
4,81754,51699,51699,0.0,0.0,0.5,8.5,9.0,linear
5,75505,48861,48861,0.0,0.0,0.5,8.5,9.0,linear
6,74453,48086,48086,0.0,0.0,0.5,8.5,9.0,linear
7,79093,50039,50039,0.0,0.0,0.5,8.5,9.0,linear
8,82847,51708,51708,0.0,0.0,0.5,8.5,9.0,linear
9,78718,50058,50058,0.0,0.0,0.5,8.5,9.0,linear
10,75197,48540,48540,0.0,0.0,0.5,8.5,9.0,linear
11,78071,50035,50035,0.0,0.0,0.5,8.5,9.0,linear
12,134443,52181,52181,0.340826,0.360201,0.5,8.5,9.0,linear
13,151643,46541,46541,0.477327,0.51887,0.5,8.5,9.0,linear
14,141997,39364,39364,0.506608,0.598535,0.5,8.5,9.0,linear
15,145991,35788,35788,0.529725,0.664851,0.5,8.5,9.0,linear
16,149592,30857,30857,0.553636,0.725783,0.5,8.5,9.0,linear
17,149849,25108,25108,0.577534,0.780863,0.5,8.5,9.0,linear
18,148956,20273,20273,0.600314,0.823176,0.5,8.5,9.0,linear
19,147499,16878,16878,0.616455,0.849126,0.5,8.5,9.0,linear
20,144175,14280,14280,0.632133,0.8671,0.5,8.5,9.0,linear
21,139135,11732,11732,0.648434,0.88309,0.5,8.5,9.0,linear
22,134111,9846,9846,0.667259,0.895737,0.5,8.5,9.0,linear
23,128339,8500,8500,0.685976,0.905944,0.5,8.5,9.0,linear
24,123075,7230,7230,0.703793,0.914886,0.5,8.5,9.0,linear
25,117876,6213,6213,0.722553,0.922431,0.5,8.5,9.0,linear
26,112813,5316,5316,0.742028,0.931493,0.5,8.5,9.0,linear
27,108879,4410,4410,0.762147,0.940642,0.5,8.5,9.0,linear
28,105129,3636,3636,0.783576,0.949455,0.5,8.5,9.0,linear
29,100948,2895,2895,0.804508,0.957599,0.5,8.5,9.0,linear
30,97487,2361,2361,0.828838,0.965399,0.5,8.5,9.0,linear
31,93388,1759,1759,0.851906,0.97282,0.5,8.5,9.0,linear
32,90668,1312,1312,0.876487,0.978477,0.5,8.5,9.0,linear
33,87671,979,979,0.900662,0.983256,0.5,8.5,9.0,linear
34,85122,736,736,0.919819,0.987357,0.5,8.5,9.0,linear
35,83098,516,516,0.937477,0.991105,0.5,8.5,9.0,linear
36,81750,349,349,0.952609,0.993748,0.5,8.5,9.0,linear
37,80356,250,250,0.965621,0.995578,0.5,8.5,9.0,linear
38,79202,152,152,0.975999,0.997409,0.5,8.5,9.0,linear
39,78286,81,81,0.984306,0.998697,0.5,8.5,9.0,linear
40,77737,43,43,0.990549,0.999321,0.5,8.5,9.0,linear
41,77306,24,24,0.994004,0.999626,0.5,8.5,9.0,linear
42,77196,14,14,0.996734,0.99978,0.5,8.5,9.0,linear
43,76873,5,5,0.998135,0.999922,0.5,8.5,9.0,linear
44,76881,0,0,0.999109,1.0,0.5,8.5,9.0,linear

