generation,size,female_size,fertile_female_size,rate_dr,rate_has_drive,drive_efficiency,drop_ratio,low_density_growth_rate,density_growth_curve
1,78305,49041,49041,0.0,0.0,0.5,8.0,7.0,linear
2,78443,49348,49348,0.0,0.0,0.5,8.0,7.0,linear
3,79237,50146,50146,0.0,0.0,0.5,8.0,7.0,linear
4,79056,50106,50106,0.0,0.0,0.5,8.0,7.0,linear
5,78974,49931,49931,0.0,0.0,0.5,8.0,7.0,linear
6,78701,49739,49739,0.0,0.0,0.5,8.0,7.0,linear
7,79031,50125,50125,0.0,0.0,0.5,8.0,7.0,linear
8,79686,50540,50540,0.0,0.0,0.5,8.0,7.0,linear
9,78089,49762,49762,0.0,0.0,0.5,8.0,7.0,linear
10,76986,49120,49120,0.0,0.0,0.5,8.0,7.0,linear
11,78732,49935,49935,0.0,0.0,0.5,8.0,7.0,linear
12,127978,50424,50424,0.331447,0.352933,0.5,8.0,7.0,linear
13,147502,46603,46603,0.456828,0.502689,0.5,8.0,7.0,linear
14,141088,40585,40585,0.49151,0.576895,0.5,8.0,7.0,linear
15,139920,35488,35488,0.521643,0.648073,0.5,8.0,7.0,linear
16,140702,30167,30167,0.551099,0.71522,0.5,8.0,7.0,linear
17,140362,24586,24586,0.578914,0.77279,0.5,8.0,7.0,linear
18,137837,19366,19366,0.604515,0.817476,0.5,8.0,7.0,linear
19,134988,15601,15601,0.627027,0.848886,0.5,8.0,7.0,linear
20,130049,12685,12685,0.648099,0.869708,0.5,8.0,7.0,linear
21,124258,10194,10194,0.671035,0.886889,0.5,8.0,7.0,linear
22,118270,8310,8310,0.694018,0.901637,0.5,8.0,7.0,linear
23,112651,6781,6781,0.718709,0.913027,0.5,8.0,7.0,linear
24,106858,5572,5572,0.744579,0.924501,0.5,8.0,7.0,linear
25,101242,4487,4487,0.768031,0.935637,0.5,8.0,7.0,linear
26,96695,3556,3556,0.794817,0.946549,0.5,8.0,7.0,linear
27,92575,2746,2746,0.8203,0.95671,0.5,8.0,7.0,linear
28,88873,2062,2062,0.848202,0.965676,0.5,8.0,7.0,linear
29,85437,1554,1554,0.87326,0.973174,0.5,8.0,7.0,linear
30,82671,1156,1156,0.897841,0.979663,0.5,8.0,7.0,linear
31,80305,864,864,0.919534,0.984968,0.5,8.0,7.0,linear
32,78394,579,579,0.936994,0.989466,0.5,8.0,7.0,linear
33,76835,417,417,0.95307,0.992877,0.5,8.0,7.0,linear
34,75406,244,244,0.966032,0.995781,0.5,8.0,7.0,linear
35,74565,149,149,0.977294,0.997392,0.5,8.0,7.0,linear
36,73558,82,82,0.985271,0.998503,0.5,8.0,7.0,linear
37,73104,42,42,0.990908,0.999278,0.5,8.0,7.0,linear
38,72582,24,24,0.994272,0.99956,0.5,8.0,7.0,linear
39,72131,10,10,0.997078,0.999778,0.5,8.0,7.0,linear
40,72328,4,4,0.998342,0.999903,0.5,8.0,7.0,linear
41,72317,3,3,0.999019,0.999945,0.5,8.0,7.0,linear
42,72208,0,0,0.999619,1.0,0.5,8.0,7.0,linear

