generation,size,female_size,fertile_female_size,rate_dr,rate_has_drive,drive_efficiency,drop_ratio,low_density_growth_rate,density_growth_curve
1,78427,49208,49208,0.0,0.0,0.5,10.0,7.0,linear
2,78110,49089,49089,0.0,0.0,0.5,10.0,7.0,linear
3,80147,50369,50369,0.0,0.0,0.5,10.0,7.0,linear
4,81276,51327,51327,0.0,0.0,0.5,10.0,7.0,linear
5,80526,51223,51223,0.0,0.0,0.5,10.0,7.0,linear
6,76737,49489,49489,0.0,0.0,0.5,10.0,7.0,linear
7,75523,48721,48721,0.0,0.0,0.5,10.0,7.0,linear
8,78646,49811,49811,0.0,0.0,0.5,10.0,7.0,linear
9,80098,50322,50322,0.0,0.0,0.5,10.0,7.0,linear
10,80168,50508,50508,0.0,0.0,0.5,10.0,7.0,linear
11,77905,49839,49839,0.0,0.0,0.5,10.0,7.0,linear
12,137429,49686,49686,0.38032,0.402206,0.5,10.0,7.0,linear
13,166408,47008,47008,0.505214,0.547913,0.5,10.0,7.0,linear
14,160445,41235,41235,0.537631,0.615202,0.5,10.0,7.0,linear
15,157495,35186,35186,0.567771,0.686318,0.5,10.0,7.0,linear
16,157704,29446,29446,0.596373,0.750493,0.5,10.0,7.0,linear
17,156785,23606,23606,0.622664,0.805754,0.5,10.0,7.0,linear
18,155106,18082,18082,0.64896,0.849549,0.5,10.0,7.0,linear
19,151306,13977,13977,0.674434,0.879995,0.5,10.0,7.0,linear
20,145363,10759,10759,0.698727,0.901253,0.5,10.0,7.0,linear
21,138618,8380,8380,0.724837,0.916564,0.5,10.0,7.0,linear
22,131416,6491,6491,0.752172,0.929466,0.5,10.0,7.0,linear
23,124509,5092,5092,0.779234,0.940105,0.5,10.0,7.0,linear
24,118387,4025,4025,0.806801,0.950257,0.5,10.0,7.0,linear
25,113424,3069,3069,0.83535,0.960517,0.5,10.0,7.0,linear
26,108673,2288,2288,0.858717,0.969128,0.5,10.0,7.0,linear
27,105218,1667,1667,0.883816,0.976801,0.5,10.0,7.0,linear
28,102072,1196,1196,0.907427,0.983133,0.5,10.0,7.0,linear
29,99411,858,858,0.929128,0.987527,0.5,10.0,7.0,linear
30,96589,607,607,0.947369,0.991174,0.5,10.0,7.0,linear
31,95003,410,410,0.961594,0.994246,0.5,10.0,7.0,linear
32,93606,252,252,0.972167,0.996284,0.5,10.0,7.0,linear
33,92529,149,149,0.981162,0.997926,0.5,10.0,7.0,linear
34,91902,80,80,0.988282,0.99895,0.5,10.0,7.0,linear
35,91039,56,56,0.992456,0.999267,0.5,10.0,7.0,linear
36,90954,31,31,0.995122,0.999638,0.5,10.0,7.0,linear
37,90132,15,15,0.997064,0.999812,0.5,10.0,7.0,linear
38,90064,11,11,0.998474,0.999867,0.5,10.0,7.0,linear
39,90084,3,3,0.999079,0.999967,0.5,10.0,7.0,linear
40,90191,0,0,0.999546,1.0,0.5,10.0,7.0,linear

