generation,size,female_size,fertile_female_size,rate_dr,rate_has_drive,drive_efficiency,drop_ratio,low_density_growth_rate,density_growth_curve
1,78051,49136,49136,0.0,0.0,0.5,7.5,3.0,linear
2,78447,49272,49272,0.0,0.0,0.5,7.5,3.0,linear
3,78689,49824,49824,0.0,0.0,0.5,7.5,3.0,linear
4,79290,50099,50099,0.0,0.0,0.5,7.5,3.0,linear
5,79067,50177,50177,0.0,0.0,0.5,7.5,3.0,linear
6,78712,50126,50126,0.0,0.0,0.5,7.5,3.0,linear
7,78439,50018,50018,0.0,0.0,0.5,7.5,3.0,linear
8,78274,49837,49837,0.0,0.0,0.5,7.5,3.0,linear
9,78262,49839,49839,0.0,0.0,0.5,7.5,3.0,linear
10,78504,49899,49899,0.0,0.0,0.5,7.5,3.0,linear
11,78486,49805,49805,0.0,0.0,0.5,7.5,3.0,linear
12,123895,49887,49887,0.318046,0.339216,0.5,7.5,3.0,linear
13,143362,46876,46876,0.439457,0.484835,0.5,7.5,3.0,linear
14,137495,41276,41276,0.482417,0.558208,0.5,7.5,3.0,linear
15,131194,34491,34491,0.526715,0.635983,0.5,7.5,3.0,linear
16,125332,27596,27596,0.569653,0.705874,0.5,7.5,3.0,linear
17,119018,21277,21277,0.613303,0.770108,0.5,7.5,3.0,linear
18,112556,15380,15380,0.658611,0.824028,0.5,7.5,3.0,linear
19,105543,11073,11073,0.70128,0.863227,0.5,7.5,3.0,linear
20,98208,7892,7892,0.744728,0.895301,0.5,7.5,3.0,linear
21,91692,5441,5441,0.787212,0.920224,0.5,7.5,3.0,linear
22,85681,3666,3666,0.829275,0.941493,0.5,7.5,3.0,linear
23,80856,2490,2490,0.868634,0.95833,0.5,7.5,3.0,linear
24,77017,1643,1643,0.903135,0.971424,0.5,7.5,3.0,linear
25,73915,1057,1057,0.929752,0.981338,0.5,7.5,3.0,linear
26,72134,641,641,0.951725,0.988371,0.5,7.5,3.0,linear
27,70829,397,397,0.968189,0.992798,0.5,7.5,3.0,linear
28,69636,227,227,0.979734,0.995732,0.5,7.5,3.0,linear
29,68884,135,135,0.98743,0.997433,0.5,7.5,3.0,linear
30,68500,85,85,0.992521,0.998516,0.5,7.5,3.0,linear
31,68058,44,44,0.99555,0.999208,0.5,7.5,3.0,linear
32,67565,21,21,0.997486,0.99963,0.5,7.5,3.0,linear
33,67752,12,12,0.998525,0.999823,0.5,7.5,3.0,linear
34,67664,4,4,0.999239,0.999941,0.5,7.5,3.0,linear
35,67852,2,2,0.999735,0.999971,0.5,7.5,3.0,linear
36,67544,0,0,0.999889,1.0,0.5,7.5,3.0,linear

