generation,size,female_size,fertile_female_size,rate_dr,rate_has_drive,drive_efficiency,drop_ratio,low_density_growth_rate,density_growth_curve
1,78197,49085,49085,0.0,0.0,0.5,8.0,5.0,linear
2,78517,49311,49311,0.0,0.0,0.5,8.0,5.0,linear
3,79274,49957,49957,0.0,0.0,0.5,8.0,5.0,linear
4,79435,50076,50076,0.0,0.0,0.5,8.0,5.0,linear
5,78858,49971,49971,0.0,0.0,0.5,8.0,5.0,linear
6,78565,50011,50011,0.0,0.0,0.5,8.0,5.0,linear
7,78385,50108,50108,0.0,0.0,0.5,8.0,5.0,linear
8,78493,50252,50252,0.0,0.0,0.5,8.0,5.0,linear
9,78281,49953,49953,0.0,0.0,0.5,8.0,5.0,linear
10,77930,49714,49714,0.0,0.0,0.5,8.0,5.0,linear
11,78684,50081,50081,0.0,0.0,0.5,8.0,5.0,linear
12,126059,49865,49865,0.330668,0.352469,0.5,8.0,5.0,linear
13,147868,46777,46777,0.45492,0.50099,0.5,8.0,5.0,linear
14,142297,41112,41112,0.493362,0.574171,0.5,8.0,5.0,linear
15,138031,34995,34995,0.53091,0.649495,0.5,8.0,5.0,linear
16,135612,29084,29084,0.565634,0.717226,0.5,8.0,5.0,linear
17,132381,23024,23024,0.599319,0.77701,0.5,8.0,5.0,linear
18,128098,17484,17484,0.630447,0.824124,0.5,8.0,5.0,linear
19,123619,13446,13446,0.660699,0.856953,0.5,8.0,5.0,linear
20,117533,10399,10399,0.690531,0.880664,0.5,8.0,5.0,linear
21,110201,7943,7943,0.720848,0.900415,0.5,8.0,5.0,linear
22,104006,6051,6051,0.754388,0.918558,0.5,8.0,5.0,linear
23,97972,4553,4553,0.786144,0.934053,0.5,8.0,5.0,linear
24,93178,3412,3412,0.818841,0.948798,0.5,8.0,5.0,linear
25,88761,2491,2491,0.850865,0.960979,0.5,8.0,5.0,linear
26,84533,1748,1748,0.879459,0.970905,0.5,8.0,5.0,linear
27,81459,1218,1218,0.904904,0.979147,0.5,8.0,5.0,linear
28,79670,822,822,0.929128,0.985693,0.5,8.0,5.0,linear
29,77476,538,538,0.948591,0.990488,0.5,8.0,5.0,linear
30,75687,328,328,0.964524,0.994498,0.5,8.0,5.0,linear
31,74643,183,183,0.976109,0.996985,0.5,8.0,5.0,linear
32,73867,89,89,0.985151,0.998509,0.5,8.0,5.0,linear
33,73044,44,44,0.991834,0.999277,0.5,8.0,5.0,linear
34,72868,20,20,0.995324,0.999685,0.5,8.0,5.0,linear
35,72788,12,12,0.99768,0.999808,0.5,8.0,5.0,linear
36,72457,1,1,0.999082,0.999986,0.5,8.0,5.0,linear
37,72279,0,0,0.999654,1.0,0.5,8.0,5.0,linear

