generation,size,female_size,fertile_female_size,rate_dr,rate_has_drive,drive_efficiency,drop_ratio,low_density_growth_rate,density_growth_curve
1,78605,49393,49393,0.0,0.0,0.0,13.0,6.0,linear
2,78814,49458,49458,0.0,0.0,0.0,13.0,6.0,linear
3,79215,50029,50029,0.0,0.0,0.0,13.0,6.0,linear
4,78487,49901,49901,0.0,0.0,0.0,13.0,6.0,linear
5,77708,49787,49787,0.0,0.0,0.0,13.0,6.0,linear
6,78399,49942,49942,0.0,0.0,0.0,13.0,6.0,linear
7,79252,50344,50344,0.0,0.0,0.0,13.0,6.0,linear
8,77999,49720,49720,0.0,0.0,0.0,13.0,6.0,linear
9,77692,49748,49748,0.0,0.0,0.0,13.0,6.0,linear
10,78400,49776,49776,0.0,0.0,0.0,13.0,6.0,linear
11,78279,49621,49621,0.0,0.0,0.0,13.0,6.0,linear
12,157553,50235,50235,0.440596,0.460449,0.0,13.0,6.0,linear
13,192844,46618,46618,0.569764,0.610218,0.0,13.0,6.0,linear
14,186676,40379,40379,0.601343,0.673454,0.0,13.0,6.0,linear
15,182823,34053,34053,0.629767,0.73671,0.0,13.0,6.0,linear
16,181703,27669,27669,0.657951,0.794351,0.0,13.0,6.0,linear
17,179669,21388,21388,0.684274,0.843144,0.0,13.0,6.0,linear
18,176904,15877,15877,0.711777,0.880147,0.0,13.0,6.0,linear
19,170922,11860,11860,0.736918,0.904454,0.0,13.0,6.0,linear
20,164844,9184,9184,0.764404,0.920946,0.0,13.0,6.0,linear
21,156592,6916,6916,0.789608,0.933035,0.0,13.0,6.0,linear
22,150338,5422,5422,0.817278,0.944974,0.0,13.0,6.0,linear
23,144618,4264,4264,0.842044,0.954612,0.0,13.0,6.0,linear
24,139506,3330,3330,0.867429,0.963014,0.0,13.0,6.0,linear
25,134867,2599,2599,0.888377,0.970123,0.0,13.0,6.0,linear
26,131472,2003,2003,0.908869,0.97695,0.0,13.0,6.0,linear
27,128557,1501,1501,0.925288,0.982378,0.0,13.0,6.0,linear
28,126025,1120,1120,0.941988,0.986543,0.0,13.0,6.0,linear
29,123685,818,818,0.955298,0.990428,0.0,13.0,6.0,linear
30,122160,528,528,0.966804,0.993749,0.0,13.0,6.0,linear
31,120431,345,345,0.976048,0.995841,0.0,13.0,6.0,linear
32,119436,222,222,0.983437,0.99757,0.0,13.0,6.0,linear
33,118660,127,127,0.98913,0.998719,0.0,13.0,6.0,linear
34,118818,68,68,0.993016,0.999279,0.0,13.0,6.0,linear
35,118059,38,38,0.996022,0.999636,0.0,13.0,6.0,linear
36,117323,20,20,0.997472,0.999779,0.0,13.0,6.0,linear
37,117385,7,7,0.998693,0.999889,0.0,13.0,6.0,linear
38,117439,3,3,0.999361,0.999957,0.0,13.0,6.0,linear
39,117517,2,2,0.999655,0.999966,0.0,13.0,6.0,linear
40,117127,2,2,0.999889,0.999983,0.0,13.0,6.0,linear
41,117167,0,0,0.999915,1.0,0.0,13.0,6.0,linear

