generation,size,female_size,fertile_female_size,rate_dr,rate_has_drive,drive_efficiency,drop_ratio,low_density_growth_rate,density_growth_curve
1,78506,49442,49442,0.0,0.0,0.0,16.0,9.0,linear
2,78520,49290,49290,0.0,0.0,0.0,16.0,9.0,linear
3,80363,50365,50365,0.0,0.0,0.0,16.0,9.0,linear
4,80396,50747,50747,0.0,0.0,0.0,16.0,9.0,linear
5,77397,49312,49312,0.0,0.0,0.0,16.0,9.0,linear
6,77037,49263,49263,0.0,0.0,0.0,16.0,9.0,linear
7,81190,51249,51249,0.0,0.0,0.0,16.0,9.0,linear
8,79281,50263,50263,0.0,0.0,0.0,16.0,9.0,linear
9,74529,48022,48022,0.0,0.0,0.0,16.0,9.0,linear
10,77999,49835,49835,0.0,0.0,0.0,16.0,9.0,linear
11,82889,52138,52138,0.0,0.0,0.0,16.0,9.0,linear
12,176322,50473,50473,0.499932,0.516523,0.0,16.0,9.0,linear
13,214584,44224,44224,0.62432,0.663945,0.0,16.0,9.0,linear
14,212007,39058,39058,0.639235,0.714527,0.0,16.0,9.0,linear
15,215966,34779,34779,0.655969,0.763844,0.0,16.0,9.0,linear
16,217064,28767,28767,0.675076,0.813305,0.0,16.0,9.0,linear
17,216300,22702,22702,0.695645,0.859436,0.0,16.0,9.0,linear
18,214604,17411,17411,0.714775,0.891879,0.0,16.0,9.0,linear
19,211429,13619,13619,0.731174,0.910791,0.0,16.0,9.0,linear
20,206698,10734,10734,0.75099,0.925073,0.0,16.0,9.0,linear
21,200215,8570,8570,0.770574,0.933333,0.0,16.0,9.0,linear
22,192838,7181,7181,0.789343,0.940459,0.0,16.0,9.0,linear
23,186746,6125,6125,0.807647,0.946571,0.0,16.0,9.0,linear
24,181771,5341,5341,0.82461,0.952782,0.0,16.0,9.0,linear
25,177492,4597,4597,0.840376,0.958002,0.0,16.0,9.0,linear
26,173311,3942,3942,0.855914,0.963668,0.0,16.0,9.0,linear
27,169582,3312,3312,0.870968,0.969332,0.0,16.0,9.0,linear
28,166075,2692,2692,0.885589,0.974418,0.0,16.0,9.0,linear
29,163539,2267,2267,0.899331,0.978673,0.0,16.0,9.0,linear
30,160526,1703,1703,0.913735,0.983524,0.0,16.0,9.0,linear
31,157825,1308,1308,0.928333,0.987233,0.0,16.0,9.0,linear
32,155282,990,990,0.942082,0.990276,0.0,16.0,9.0,linear
33,152564,741,741,0.954563,0.992698,0.0,16.0,9.0,linear
34,150703,532,532,0.965371,0.994807,0.0,16.0,9.0,linear
35,149338,364,364,0.973645,0.996595,0.0,16.0,9.0,linear
36,147872,242,242,0.980259,0.997751,0.0,16.0,9.0,linear
37,146682,166,166,0.985846,0.998567,0.0,16.0,9.0,linear
38,146152,91,91,0.98992,0.999246,0.0,16.0,9.0,linear
39,145410,46,46,0.993464,0.999637,0.0,16.0,9.0,linear
40,144978,27,27,0.996185,0.999807,0.0,16.0,9.0,linear
41,144801,11,11,0.997699,0.999924,0.0,16.0,9.0,linear
42,144510,2,2,0.998935,0.999986,0.0,16.0,9.0,linear
43,144690,0,0,0.999544,1.0,0.0,16.0,9.0,linear

