generation,size,female_size,fertile_female_size,rate_dr,rate_has_drive,drive_efficiency,drop_ratio,low_density_growth_rate,density_growth_curve
1,78570,49459,49459,0.0,0.0,0.0,18.0,5.0,linear
2,78674,49481,49481,0.0,0.0,0.0,18.0,5.0,linear
3,79280,50171,50171,0.0,0.0,0.0,18.0,5.0,linear
4,79436,50369,50369,0.0,0.0,0.0,18.0,5.0,linear
5,78552,50089,50089,0.0,0.0,0.0,18.0,5.0,linear
6,77844,49711,49711,0.0,0.0,0.0,18.0,5.0,linear
7,77529,49665,49665,0.0,0.0,0.0,18.0,5.0,linear
8,78180,49926,49926,0.0,0.0,0.0,18.0,5.0,linear
9,78217,49810,49810,0.0,0.0,0.0,18.0,5.0,linear
10,78203,49723,49723,0.0,0.0,0.0,18.0,5.0,linear
11,79111,50175,50175,0.0,0.0,0.0,18.0,5.0,linear
12,187343,50263,50263,0.520665,0.538939,0.0,18.0,5.0,linear
13,237306,45995,45995,0.647656,0.681373,0.0,18.0,5.0,linear
14,229400,39387,39387,0.67574,0.736982,0.0,18.0,5.0,linear
15,226500,32756,32756,0.703399,0.791242,0.0,18.0,5.0,linear
16,223275,26007,26007,0.729352,0.840659,0.0,18.0,5.0,linear
17,220204,19374,19374,0.75719,0.88448,0.0,18.0,5.0,linear
18,214656,13505,13505,0.785197,0.916942,0.0,18.0,5.0,linear
19,207854,9420,9420,0.815189,0.940218,0.0,18.0,5.0,linear
20,200023,6579,6579,0.844483,0.955161,0.0,18.0,5.0,linear
21,192336,4481,4481,0.873606,0.966465,0.0,18.0,5.0,linear
22,184829,3097,3097,0.901191,0.975047,0.0,18.0,5.0,linear
23,178849,2151,2151,0.92476,0.981868,0.0,18.0,5.0,linear
24,174439,1543,1543,0.944804,0.987096,0.0,18.0,5.0,linear
25,170968,1076,1076,0.959195,0.991195,0.0,18.0,5.0,linear
26,168516,701,701,0.971081,0.994324,0.0,18.0,5.0,linear
27,166637,415,415,0.979683,0.996442,0.0,18.0,5.0,linear
28,165461,255,255,0.987024,0.997952,0.0,18.0,5.0,linear
29,164598,150,150,0.99171,0.998814,0.0,18.0,5.0,linear
30,163762,87,87,0.994975,0.999312,0.0,18.0,5.0,linear
31,163130,46,46,0.996982,0.999663,0.0,18.0,5.0,linear
32,162922,20,20,0.998176,0.999847,0.0,18.0,5.0,linear
33,162890,11,11,0.999018,0.999908,0.0,18.0,5.0,linear
34,162514,4,4,0.999514,0.999975,0.0,18.0,5.0,linear
35,162953,4,4,0.99973,0.999975,0.0,18.0,5.0,linear
36,162545,1,1,0.999892,0.999994,0.0,18.0,5.0,linear
37,162050,0,0,0.99996,1.0,0.0,18.0,5.0,linear

