generation,size,female_size,fertile_female_size,rate_dr,rate_has_drive,drive_efficiency,drop_ratio,low_density_growth_rate,density_growth_curve
1,78573,49720,49720,0.0,0.0,0.0,16.0,2.0,linear
2,78955,49702,49702,0.0,0.0,0.0,16.0,2.0,linear
3,78988,49690,49690,0.0,0.0,0.0,16.0,2.0,linear
4,78557,49642,49642,0.0,0.0,0.0,16.0,2.0,linear
5,78352,49884,49884,0.0,0.0,0.0,16.0,2.0,linear
6,78339,49934,49934,0.0,0.0,0.0,16.0,2.0,linear
7,78612,50138,50138,0.0,0.0,0.0,16.0,2.0,linear
8,78742,50283,50283,0.0,0.0,0.0,16.0,2.0,linear
9,78640,50115,50115,0.0,0.0,0.0,16.0,2.0,linear
10,78698,50236,50236,0.0,0.0,0.0,16.0,2.0,linear
11,78576,49958,49958,0.0,0.0,0.0,16.0,2.0,linear
12,174454,49812,49812,0.491843,0.510505,0.0,16.0,2.0,linear
13,219338,46109,46109,0.619055,0.654802,0.0,16.0,2.0,linear
14,213114,39621,39621,0.656974,0.71438,0.0,16.0,2.0,linear
15,204980,32143,32143,0.700066,0.776143,0.0,16.0,2.0,linear
16,196478,24540,24540,0.743774,0.832853,0.0,16.0,2.0,linear
17,186840,17090,17090,0.78884,0.882466,0.0,16.0,2.0,linear
18,177891,10974,10974,0.832239,0.921288,0.0,16.0,2.0,linear
19,170123,6844,6844,0.873749,0.948609,0.0,16.0,2.0,linear
20,162483,4167,4167,0.909036,0.967213,0.0,16.0,2.0,linear
21,156125,2430,2430,0.938107,0.980021,0.0,16.0,2.0,linear
22,151783,1416,1416,0.959927,0.988157,0.0,16.0,2.0,linear
23,149080,807,807,0.974985,0.993352,0.0,16.0,2.0,linear
24,147835,453,453,0.985146,0.996248,0.0,16.0,2.0,linear
25,146103,239,239,0.991797,0.998069,0.0,16.0,2.0,linear
26,145112,96,96,0.995608,0.999202,0.0,16.0,2.0,linear
27,144833,46,46,0.997685,0.999627,0.0,16.0,2.0,linear
28,144534,21,21,0.998869,0.999813,0.0,16.0,2.0,linear
29,144976,10,10,0.999517,0.999917,0.0,16.0,2.0,linear
30,144551,6,6,0.999734,0.999945,0.0,16.0,2.0,linear
31,144396,2,2,0.999875,0.999979,0.0,16.0,2.0,linear
32,144126,1,1,0.999934,0.999986,0.0,16.0,2.0,linear
33,144201,0,0,0.999965,0.999993,0.0,16.0,2.0,linear

