generation,size,female_size,fertile_female_size,rate_dr,rate_has_drive,drive_efficiency,drop_ratio,low_density_growth_rate,density_growth_curve
1,78216,49259,49259,0.0,0.0,0.0,17.0,2.0,linear
2,78605,49343,49343,0.0,0.0,0.0,17.0,2.0,linear
3,78011,49290,49290,0.0,0.0,0.0,17.0,2.0,linear
4,78034,49501,49501,0.0,0.0,0.0,17.0,2.0,linear
5,78586,50040,50040,0.0,0.0,0.0,17.0,2.0,linear
6,78584,50044,50044,0.0,0.0,0.0,17.0,2.0,linear
7,78893,50253,50253,0.0,0.0,0.0,17.0,2.0,linear
8,78628,49934,49934,0.0,0.0,0.0,17.0,2.0,linear
9,78836,49811,49811,0.0,0.0,0.0,17.0,2.0,linear
10,78405,49821,49821,0.0,0.0,0.0,17.0,2.0,linear
11,78566,49965,49965,0.0,0.0,0.0,17.0,2.0,linear
12,181232,49889,49889,0.508068,0.527179,0.0,17.0,2.0,linear
13,228462,45752,45752,0.63451,0.67042,0.0,17.0,2.0,linear
14,221305,39377,39377,0.67242,0.729256,0.0,17.0,2.0,linear
15,213342,31922,31922,0.712701,0.788259,0.0,17.0,2.0,linear
16,204922,24126,24126,0.755015,0.841756,0.0,17.0,2.0,linear
17,196082,16860,16860,0.798699,0.889133,0.0,17.0,2.0,linear
18,187175,10732,10732,0.842361,0.927341,0.0,17.0,2.0,linear
19,178503,6504,6504,0.88199,0.953834,0.0,17.0,2.0,linear
20,171052,3799,3799,0.916384,0.971717,0.0,17.0,2.0,linear
21,165339,2152,2152,0.944542,0.983134,0.0,17.0,2.0,linear
22,160859,1159,1159,0.965448,0.990681,0.0,17.0,2.0,linear
23,158131,611,611,0.979871,0.995083,0.0,17.0,2.0,linear
24,156229,332,332,0.988817,0.997444,0.0,17.0,2.0,linear
25,154761,170,170,0.993772,0.998731,0.0,17.0,2.0,linear
26,154490,82,82,0.99697,0.999412,0.0,17.0,2.0,linear
27,153756,32,32,0.998498,0.999785,0.0,17.0,2.0,linear
28,153684,5,5,0.999226,0.999961,0.0,17.0,2.0,linear
29,153443,1,1,0.999681,0.999993,0.0,17.0,2.0,linear
30,153292,0,0,0.999866,1.0,0.0,17.0,2.0,linear

