generation,size,female_size,fertile_female_size,rate_dr,rate_has_drive,drive_efficiency,drop_ratio,low_density_growth_rate,density_growth_curve
1,78113,49206,49206,0.0,0.0,0.0,4.0,3.0,linear
2,78337,49250,49250,0.0,0.0,0.0,4.0,3.0,linear
3,78647,49647,49647,0.0,0.0,0.0,4.0,3.0,linear
4,78832,49856,49856,0.0,0.0,0.0,4.0,3.0,linear
5,78791,50163,50163,0.0,0.0,0.0,4.0,3.0,linear
6,79109,50385,50385,0.0,0.0,0.0,4.0,3.0,linear
7,78891,50343,50343,0.0,0.0,0.0,4.0,3.0,linear
8,78434,50100,50100,0.0,0.0,0.0,4.0,3.0,linear
9,78477,50003,50003,0.0,0.0,0.0,4.0,3.0,linear
10,77818,49550,49550,0.0,0.0,0.0,4.0,3.0,linear
11,78369,49753,49753,0.0,0.0,0.0,4.0,3.0,linear
12,102869,49998,49998,0.203297,0.223589,0.0,4.0,3.0,linear
13,112491,47552,47552,0.303119,0.349493,0.0,4.0,3.0,linear
14,107094,42706,42706,0.344595,0.424155,0.0,4.0,3.0,linear
15,102095,37142,37142,0.385272,0.499337,0.0,4.0,3.0,linear
16,97436,31549,31549,0.423739,0.566119,0.0,4.0,3.0,linear
17,92669,25768,25768,0.463598,0.631235,0.0,4.0,3.0,linear
18,87368,20758,20758,0.49872,0.682087,0.0,4.0,3.0,linear
19,81670,16748,16748,0.530333,0.721957,0.0,4.0,3.0,linear
20,76186,13583,13583,0.561698,0.753424,0.0,4.0,3.0,linear
21,70451,11137,11137,0.592911,0.780245,0.0,4.0,3.0,linear
22,65617,8994,8994,0.625601,0.804413,0.0,4.0,3.0,linear
23,60821,7317,7317,0.658279,0.827268,0.0,4.0,3.0,linear
24,56756,5954,5954,0.69127,0.847829,0.0,4.0,3.0,linear
25,53222,4750,4750,0.723915,0.870981,0.0,4.0,3.0,linear
26,50513,3748,3748,0.758432,0.89237,0.0,4.0,3.0,linear
27,47821,2826,2826,0.792917,0.91413,0.0,4.0,3.0,linear
28,45591,2167,2167,0.827145,0.932307,0.0,4.0,3.0,linear
29,43322,1584,1584,0.860271,0.949467,0.0,4.0,3.0,linear
30,41549,1107,1107,0.892055,0.963538,0.0,4.0,3.0,linear
31,39966,734,734,0.918776,0.974595,0.0,4.0,3.0,linear
32,38665,492,492,0.940276,0.982711,0.0,4.0,3.0,linear
33,37972,332,332,0.9581,0.988113,0.0,4.0,3.0,linear
34,37469,211,211,0.969931,0.992391,0.0,4.0,3.0,linear
35,37053,130,130,0.980354,0.99548,0.0,4.0,3.0,linear
36,36644,69,69,0.988195,0.997748,0.0,4.0,3.0,linear
37,36407,31,31,0.993671,0.999069,0.0,4.0,3.0,linear
38,36381,10,10,0.99653,0.999726,0.0,4.0,3.0,linear
39,36292,3,3,0.998334,0.999917,0.0,4.0,3.0,linear
40,36188,0,0,0.999282,1.0,0.0,4.0,3.0,linear

