generation,size,female_size,fertile_female_size,rate_dr,rate_has_drive,drive_efficiency,drop_ratio,low_density_growth_rate,density_growth_curve
1,78406,49130,49130,0.0,0.0,0.0,9.0,2.0,linear
2,78161,48855,48855,0.0,0.0,0.0,9.0,2.0,linear
3,77890,48929,48929,0.0,0.0,0.0,9.0,2.0,linear
4,78330,49422,49422,0.0,0.0,0.0,9.0,2.0,linear
5,78509,49657,49657,0.0,0.0,0.0,9.0,2.0,linear
6,78593,49822,49822,0.0,0.0,0.0,9.0,2.0,linear
7,78864,50238,50238,0.0,0.0,0.0,9.0,2.0,linear
8,78733,50105,50105,0.0,0.0,0.0,9.0,2.0,linear
9,78664,50154,50154,0.0,0.0,0.0,9.0,2.0,linear
10,78679,50238,50238,0.0,0.0,0.0,9.0,2.0,linear
11,78467,50027,50027,0.0,0.0,0.0,9.0,2.0,linear
12,133354,50252,50252,0.357592,0.378331,0.0,9.0,2.0,linear
13,156858,46950,46950,0.482031,0.525794,0.0,9.0,2.0,linear
14,150918,41079,41079,0.524578,0.595717,0.0,9.0,2.0,linear
15,143771,33978,33978,0.572599,0.66973,0.0,9.0,2.0,linear
16,135386,26691,26691,0.620959,0.737617,0.0,9.0,2.0,linear
17,126957,19724,19724,0.67243,0.800125,0.0,9.0,2.0,linear
18,118730,13603,13603,0.725021,0.852737,0.0,9.0,2.0,linear
19,110753,9150,9150,0.77417,0.892,0.0,9.0,2.0,linear
20,103534,6014,6014,0.820799,0.922007,0.0,9.0,2.0,linear
21,97614,3900,3900,0.8645,0.945167,0.0,9.0,2.0,linear
22,92021,2554,2554,0.901309,0.962172,0.0,9.0,2.0,linear
23,88569,1600,1600,0.930554,0.974704,0.0,9.0,2.0,linear
24,86276,1052,1052,0.952827,0.98377,0.0,9.0,2.0,linear
25,84324,659,659,0.968518,0.989989,0.0,9.0,2.0,linear
26,83127,381,381,0.980535,0.994178,0.0,9.0,2.0,linear
27,82820,202,202,0.988021,0.996974,0.0,9.0,2.0,linear
28,82020,117,117,0.992967,0.998274,0.0,9.0,2.0,linear
29,81515,60,60,0.9961,0.99918,0.0,9.0,2.0,linear
30,81634,22,22,0.998066,0.999694,0.0,9.0,2.0,linear
31,81554,11,11,0.999062,0.999853,0.0,9.0,2.0,linear
32,81639,2,2,0.999541,0.999976,0.0,9.0,2.0,linear
33,81231,0,0,0.999821,1.0,0.0,9.0,2.0,linear

