generation,size,female_size,fertile_female_size,rate_dr,rate_has_drive,drive_efficiency,drop_ratio,low_density_growth_rate,density_growth_curve
1,78633,49395,49395,0.0,0.0,0.0,19.0,6.0,linear
2,77992,49288,49288,0.0,0.0,0.0,19.0,6.0,linear
3,80156,50458,50458,0.0,0.0,0.0,19.0,6.0,linear
4,80114,50731,50731,0.0,0.0,0.0,19.0,6.0,linear
5,78116,49888,49888,0.0,0.0,0.0,19.0,6.0,linear
6,77797,49734,49734,0.0,0.0,0.0,19.0,6.0,linear
7,78210,49998,49998,0.0,0.0,0.0,19.0,6.0,linear
8,78886,50226,50226,0.0,0.0,0.0,19.0,6.0,linear
9,78788,49973,49973,0.0,0.0,0.0,19.0,6.0,linear
10,78107,49797,49797,0.0,0.0,0.0,19.0,6.0,linear
11,78359,49897,49897,0.0,0.0,0.0,19.0,6.0,linear
12,193866,50648,50648,0.53222,0.549972,0.0,19.0,6.0,linear
13,246437,46449,46449,0.658025,0.691542,0.0,19.0,6.0,linear
14,238989,39520,39520,0.685363,0.746761,0.0,19.0,6.0,linear
15,236119,32815,32815,0.70891,0.798794,0.0,19.0,6.0,linear
16,234689,26389,26389,0.73057,0.845482,0.0,19.0,6.0,linear
17,232627,19695,19695,0.75532,0.888031,0.0,19.0,6.0,linear
18,227676,13881,13881,0.780164,0.919514,0.0,19.0,6.0,linear
19,222797,9875,9875,0.807157,0.940108,0.0,19.0,6.0,linear
20,214594,7092,7092,0.833304,0.953602,0.0,19.0,6.0,linear
21,206389,5020,5020,0.861048,0.964224,0.0,19.0,6.0,linear
22,198474,3544,3544,0.888745,0.97297,0.0,19.0,6.0,linear
23,191732,2674,2674,0.911542,0.978987,0.0,19.0,6.0,linear
24,186849,2002,2002,0.929961,0.984164,0.0,19.0,6.0,linear
25,183205,1407,1407,0.945866,0.98877,0.0,19.0,6.0,linear
26,180171,980,980,0.95911,0.99211,0.0,19.0,6.0,linear
27,177584,673,673,0.969939,0.994604,0.0,19.0,6.0,linear
28,176208,459,459,0.978745,0.996598,0.0,19.0,6.0,linear
29,174620,264,264,0.985355,0.997957,0.0,19.0,6.0,linear
30,173626,165,165,0.990382,0.998785,0.0,19.0,6.0,linear
31,172547,96,96,0.993793,0.999209,0.0,19.0,6.0,linear
32,172047,70,70,0.996139,0.999397,0.0,19.0,6.0,linear
33,171944,45,45,0.997564,0.999582,0.0,19.0,6.0,linear
34,171827,36,36,0.998387,0.999738,0.0,19.0,6.0,linear
35,172180,25,25,0.998854,0.999832,0.0,19.0,6.0,linear
36,171921,15,15,0.999189,0.999907,0.0,19.0,6.0,linear
37,171468,7,7,0.999458,0.999959,0.0,19.0,6.0,linear
38,171811,2,2,0.999703,0.999988,0.0,19.0,6.0,linear
39,171170,1,1,0.999886,0.999994,0.0,19.0,6.0,linear
40,171197,0,0,0.99998,1.0,0.0,19.0,6.0,linear

