generation,size,female_size,fertile_female_size,rate_dr,rate_has_drive,drive_efficiency,drop_ratio,low_density_growth_rate,density_growth_curve
1,78691,49302,49302,0.0,0.0,0.0,12.0,3.0,linear
2,78372,49201,49201,0.0,0.0,0.0,12.0,3.0,linear
3,78554,49436,49436,0.0,0.0,0.0,12.0,3.0,linear
4,78839,49743,49743,0.0,0.0,0.0,12.0,3.0,linear
5,79021,50019,50019,0.0,0.0,0.0,12.0,3.0,linear
6,79012,50139,50139,0.0,0.0,0.0,12.0,3.0,linear
7,78925,49983,49983,0.0,0.0,0.0,12.0,3.0,linear
8,78564,49830,49830,0.0,0.0,0.0,12.0,3.0,linear
9,78381,49894,49894,0.0,0.0,0.0,12.0,3.0,linear
10,78755,50127,50127,0.0,0.0,0.0,12.0,3.0,linear
11,78726,50106,50106,0.0,0.0,0.0,12.0,3.0,linear
12,150847,50091,50091,0.422962,0.442488,0.0,12.0,3.0,linear
13,183186,46457,46457,0.552273,0.592776,0.0,12.0,3.0,linear
14,176941,40366,40366,0.590904,0.657829,0.0,12.0,3.0,linear
15,170436,33170,33170,0.631734,0.725404,0.0,12.0,3.0,linear
16,164522,26203,26203,0.672011,0.786917,0.0,12.0,3.0,linear
17,157814,19525,19525,0.711887,0.840313,0.0,12.0,3.0,linear
18,151115,13724,13724,0.751317,0.882309,0.0,12.0,3.0,linear
19,143717,9357,9357,0.791462,0.914964,0.0,12.0,3.0,linear
20,136425,6362,6362,0.830448,0.938462,0.0,12.0,3.0,linear
21,129611,4246,4246,0.866722,0.955415,0.0,12.0,3.0,linear
22,123677,2732,2732,0.900389,0.968862,0.0,12.0,3.0,linear
23,119320,1789,1789,0.927954,0.978839,0.0,12.0,3.0,linear
24,115713,1167,1167,0.949757,0.985906,0.0,12.0,3.0,linear
25,113016,761,761,0.965039,0.990844,0.0,12.0,3.0,linear
26,111624,474,474,0.97697,0.994499,0.0,12.0,3.0,linear
27,110453,282,282,0.984811,0.996758,0.0,12.0,3.0,linear
28,109788,152,152,0.990765,0.998404,0.0,12.0,3.0,linear
29,109276,81,81,0.99455,0.999206,0.0,12.0,3.0,linear
30,108995,40,40,0.997012,0.999624,0.0,12.0,3.0,linear
31,108696,20,20,0.998396,0.999816,0.0,12.0,3.0,linear
32,108695,8,8,0.999122,0.999926,0.0,12.0,3.0,linear
33,108374,2,2,0.999585,0.999982,0.0,12.0,3.0,linear
34,108204,1,1,0.999774,0.999991,0.0,12.0,3.0,linear
35,108291,1,1,0.999903,0.999991,0.0,12.0,3.0,linear
36,108434,0,0,0.999972,1.0,0.0,12.0,3.0,linear

