generation,size,female_size,fertile_female_size,rate_dr,rate_has_drive,drive_efficiency,drop_ratio,low_density_growth_rate,density_growth_curve
1,78464,49447,49447,0.0,0.0,0.0,2.0,2.0,linear
2,78070,49185,49185,0.0,0.0,0.0,2.0,2.0,linear
3,78535,49557,49557,0.0,0.0,0.0,2.0,2.0,linear
4,78078,49524,49524,0.0,0.0,0.0,2.0,2.0,linear
5,78348,49892,49892,0.0,0.0,0.0,2.0,2.0,linear
6,78184,49980,49980,0.0,0.0,0.0,2.0,2.0,linear
7,77946,49782,49782,0.0,0.0,0.0,2.0,2.0,linear
8,78336,49882,49882,0.0,0.0,0.0,2.0,2.0,linear
9,78221,49553,49553,0.0,0.0,0.0,2.0,2.0,linear
10,78157,49519,49519,0.0,0.0,0.0,2.0,2.0,linear
11,78210,49570,49570,0.0,0.0,0.0,2.0,2.0,linear
12,90151,49435,49435,0.1168,0.132079,0.0,2.0,2.0,linear
13,94777,48024,48024,0.18371,0.221389,0.0,2.0,2.0,linear
14,91378,44724,44724,0.215449,0.281219,0.0,2.0,2.0,linear
15,86996,40156,40156,0.251845,0.346352,0.0,2.0,2.0,linear
16,81893,35263,35263,0.286309,0.405204,0.0,2.0,2.0,linear
17,75469,30080,30080,0.3194,0.460494,0.0,2.0,2.0,linear
18,69932,25538,25538,0.350711,0.507831,0.0,2.0,2.0,linear
19,63745,21306,21306,0.37839,0.546707,0.0,2.0,2.0,linear
20,58773,17869,17869,0.40658,0.581808,0.0,2.0,2.0,linear
21,53517,14865,14865,0.434199,0.612494,0.0,2.0,2.0,linear
22,48834,12554,12554,0.465877,0.643738,0.0,2.0,2.0,linear
23,44011,10448,10448,0.496305,0.673461,0.0,2.0,2.0,linear
24,40461,8590,8590,0.532823,0.708545,0.0,2.0,2.0,linear
25,36952,6961,6961,0.570468,0.742178,0.0,2.0,2.0,linear
26,33315,5440,5440,0.606945,0.77123,0.0,2.0,2.0,linear
27,30679,4288,4288,0.650138,0.804207,0.0,2.0,2.0,linear
28,28068,3342,3342,0.693946,0.835772,0.0,2.0,2.0,linear
29,26017,2464,2464,0.73586,0.864805,0.0,2.0,2.0,linear
30,24335,1819,1819,0.77959,0.894923,0.0,2.0,2.0,linear
31,22763,1302,1302,0.824314,0.919048,0.0,2.0,2.0,linear
32,21578,922,922,0.864394,0.941164,0.0,2.0,2.0,linear
33,20539,609,609,0.8992,0.960725,0.0,2.0,2.0,linear
34,19764,368,368,0.929468,0.974642,0.0,2.0,2.0,linear
35,19407,226,226,0.953779,0.984753,0.0,2.0,2.0,linear
36,18683,120,120,0.970939,0.991818,0.0,2.0,2.0,linear
37,18611,72,72,0.982232,0.995297,0.0,2.0,2.0,linear
38,18409,36,36,0.988816,0.997677,0.0,2.0,2.0,linear
39,18050,18,18,0.993838,0.998729,0.0,2.0,2.0,linear
40,17925,9,9,0.996768,0.999443,0.0,2.0,2.0,linear
41,18063,4,4,0.998285,0.999723,0.0,2.0,2.0,linear
42,17990,1,1,0.999278,0.999889,0.0,2.0,2.0,linear
43,17979,0,0,0.99975,1.0,0.0,2.0,2.0,linear

