generation,size,female_size,fertile_female_size,rate_dr,rate_has_drive,drive_efficiency,drop_ratio,low_density_growth_rate,density_growth_curve
1,78321,49209,49209,0.0,0.0,0.0,18.0,8.0,linear
2,78251,49295,49295,0.0,0.0,0.0,18.0,8.0,linear
3,80207,50499,50499,0.0,0.0,0.0,18.0,8.0,linear
4,80836,51038,51038,0.0,0.0,0.0,18.0,8.0,linear
5,78336,49938,49938,0.0,0.0,0.0,18.0,8.0,linear
6,75655,48651,48651,0.0,0.0,0.0,18.0,8.0,linear
7,78392,49781,49781,0.0,0.0,0.0,18.0,8.0,linear
8,81091,50963,50963,0.0,0.0,0.0,18.0,8.0,linear
9,79062,50096,50096,0.0,0.0,0.0,18.0,8.0,linear
10,77423,49600,49600,0.0,0.0,0.0,18.0,8.0,linear
11,77975,49919,49919,0.0,0.0,0.0,18.0,8.0,linear
12,188484,50638,50638,0.51711,0.535526,0.0,18.0,8.0,linear
13,237908,46379,46379,0.64604,0.679557,0.0,18.0,8.0,linear
14,229473,39210,39210,0.667889,0.735676,0.0,18.0,8.0,linear
15,229865,33753,33753,0.687056,0.787209,0.0,18.0,8.0,linear
16,231214,27886,27886,0.705235,0.833999,0.0,18.0,8.0,linear
17,230948,21697,21697,0.724308,0.875338,0.0,18.0,8.0,linear
18,228793,16000,16000,0.745584,0.907276,0.0,18.0,8.0,linear
19,224606,11932,11932,0.766681,0.927052,0.0,18.0,8.0,linear
20,218564,9277,9277,0.786877,0.938663,0.0,18.0,8.0,linear
21,210704,7165,7165,0.808984,0.948128,0.0,18.0,8.0,linear
22,202818,5631,5631,0.832923,0.955942,0.0,18.0,8.0,linear
23,196237,4535,4535,0.85518,0.963042,0.0,18.0,8.0,linear
24,190284,3702,3702,0.874351,0.969517,0.0,18.0,8.0,linear
25,185581,2931,2931,0.892922,0.975677,0.0,18.0,8.0,linear
26,181852,2237,2237,0.908771,0.980714,0.0,18.0,8.0,linear
27,178363,1691,1691,0.924449,0.98553,0.0,18.0,8.0,linear
28,175172,1269,1269,0.939147,0.989044,0.0,18.0,8.0,linear
29,172720,936,936,0.952339,0.992003,0.0,18.0,8.0,linear
30,170069,666,666,0.963212,0.994298,0.0,18.0,8.0,linear
31,168293,462,462,0.972446,0.996101,0.0,18.0,8.0,linear
32,166630,300,300,0.979871,0.997346,0.0,18.0,8.0,linear
33,165484,183,183,0.986396,0.998375,0.0,18.0,8.0,linear
34,164068,118,118,0.990996,0.999036,0.0,18.0,8.0,linear
35,163313,82,82,0.994037,0.999396,0.0,18.0,8.0,linear
36,163472,43,43,0.996019,0.999683,0.0,18.0,8.0,linear
37,163071,29,29,0.997556,0.99981,0.0,18.0,8.0,linear
38,162769,11,11,0.998554,0.999932,0.0,18.0,8.0,linear
39,162241,4,4,0.999177,0.999975,0.0,18.0,8.0,linear
40,162499,2,2,0.999603,0.999988,0.0,18.0,8.0,linear
41,162018,0,0,0.999855,1.0,0.0,18.0,8.0,linear

