generation,size,female_size,fertile_female_size,rate_dr,rate_has_drive,drive_efficiency,drop_ratio,low_density_growth_rate,density_growth_curve
1,78016,49118,49118,0.0,0.0,0.0,14.0,7.0,linear
2,78087,49127,49127,0.0,0.0,0.0,14.0,7.0,linear
3,79755,50248,50248,0.0,0.0,0.0,14.0,7.0,linear
4,81128,51323,51323,0.0,0.0,0.0,14.0,7.0,linear
5,79378,50585,50585,0.0,0.0,0.0,14.0,7.0,linear
6,76813,49518,49518,0.0,0.0,0.0,14.0,7.0,linear
7,78187,50170,50170,0.0,0.0,0.0,14.0,7.0,linear
8,78753,50260,50260,0.0,0.0,0.0,14.0,7.0,linear
9,77584,49474,49474,0.0,0.0,0.0,14.0,7.0,linear
10,77583,49510,49510,0.0,0.0,0.0,14.0,7.0,linear
11,80010,50615,50615,0.0,0.0,0.0,14.0,7.0,linear
12,165456,51482,51482,0.457769,0.475863,0.0,14.0,7.0,linear
13,200528,46369,46369,0.593766,0.629946,0.0,14.0,7.0,linear
14,192205,39351,39351,0.621527,0.6945,0.0,14.0,7.0,linear
15,192257,33411,33411,0.645122,0.752351,0.0,14.0,7.0,linear
16,192742,27257,27257,0.666324,0.806062,0.0,14.0,7.0,linear
17,192541,21194,21194,0.689665,0.852632,0.0,14.0,7.0,linear
18,188870,15789,15789,0.712891,0.88717,0.0,14.0,7.0,linear
19,185001,12162,12162,0.736112,0.909647,0.0,14.0,7.0,linear
20,178853,9519,9519,0.759869,0.924367,0.0,14.0,7.0,linear
21,171196,7331,7331,0.783539,0.934601,0.0,14.0,7.0,linear
22,164130,5909,5909,0.806765,0.942954,0.0,14.0,7.0,linear
23,158145,4776,4776,0.830409,0.95142,0.0,14.0,7.0,linear
24,152960,3891,3891,0.851051,0.958949,0.0,14.0,7.0,linear
25,148766,3181,3181,0.871435,0.966366,0.0,14.0,7.0,linear
26,145107,2551,2551,0.890892,0.97304,0.0,14.0,7.0,linear
27,141736,1984,1984,0.90897,0.97894,0.0,14.0,7.0,linear
28,138447,1470,1470,0.925719,0.984635,0.0,14.0,7.0,linear
29,136035,1057,1057,0.94031,0.988405,0.0,14.0,7.0,linear
30,133730,779,779,0.953892,0.991869,0.0,14.0,7.0,linear
31,131994,514,514,0.965197,0.994438,0.0,14.0,7.0,linear
32,130383,369,369,0.974553,0.99593,0.0,14.0,7.0,linear
33,129342,267,267,0.981589,0.997133,0.0,14.0,7.0,linear
34,128262,155,155,0.98712,0.99836,0.0,14.0,7.0,linear
35,127880,95,95,0.991394,0.999043,0.0,14.0,7.0,linear
36,127183,68,68,0.994693,0.999419,0.0,14.0,7.0,linear
37,126889,33,33,0.996494,0.999717,0.0,14.0,7.0,linear
38,126663,14,14,0.997938,0.999882,0.0,14.0,7.0,linear
39,126681,10,10,0.998809,0.999921,0.0,14.0,7.0,linear
40,126613,4,4,0.999317,0.999968,0.0,14.0,7.0,linear
41,126471,2,2,0.999688,0.999984,0.0,14.0,7.0,linear
42,126147,0,0,0.999905,1.0,0.0,14.0,7.0,linear

