generation,size,female_size,fertile_female_size,rate_dr,rate_has_drive,drive_efficiency,drop_ratio,low_density_growth_rate,density_growth_curve
1,77983,49086,49086,0.0,0.0,0.0,19.0,7.0,linear
2,78056,48945,48945,0.0,0.0,0.0,19.0,7.0,linear
3,80503,50331,50331,0.0,0.0,0.0,19.0,7.0,linear
4,81507,51183,51183,0.0,0.0,0.0,19.0,7.0,linear
5,78458,50077,50077,0.0,0.0,0.0,19.0,7.0,linear
6,77221,49577,49577,0.0,0.0,0.0,19.0,7.0,linear
7,77234,49647,49647,0.0,0.0,0.0,19.0,7.0,linear
8,78273,49772,49772,0.0,0.0,0.0,19.0,7.0,linear
9,78513,49615,49615,0.0,0.0,0.0,19.0,7.0,linear
10,79093,49936,49936,0.0,0.0,0.0,19.0,7.0,linear
11,80564,50922,50922,0.0,0.0,0.0,19.0,7.0,linear
12,193503,50507,50507,0.537671,0.554406,0.0,19.0,7.0,linear
13,244350,45545,45545,0.661793,0.695385,0.0,19.0,7.0,linear
14,238614,39090,39090,0.684082,0.74616,0.0,19.0,7.0,linear
15,237687,33329,33329,0.701643,0.795,0.0,19.0,7.0,linear
16,238135,27344,27344,0.721163,0.84059,0.0,19.0,7.0,linear
17,237179,20829,20829,0.74278,0.882423,0.0,19.0,7.0,linear
18,233476,15058,15058,0.765588,0.913511,0.0,19.0,7.0,linear
19,228660,11184,11184,0.789202,0.933336,0.0,19.0,7.0,linear
20,221179,8266,8266,0.812975,0.947198,0.0,19.0,7.0,linear
21,213112,6019,6019,0.838116,0.957591,0.0,19.0,7.0,linear
22,205680,4505,4505,0.863185,0.966137,0.0,19.0,7.0,linear
23,198740,3419,3419,0.885911,0.972965,0.0,19.0,7.0,linear
24,193732,2752,2752,0.906904,0.978406,0.0,19.0,7.0,linear
25,188262,2034,2034,0.923563,0.983753,0.0,19.0,7.0,linear
26,184403,1430,1430,0.938817,0.988276,0.0,19.0,7.0,linear
27,181806,967,967,0.953507,0.992138,0.0,19.0,7.0,linear
28,179275,662,662,0.965695,0.994758,0.0,19.0,7.0,linear
29,176734,408,408,0.975907,0.996676,0.0,19.0,7.0,linear
30,174919,269,269,0.983697,0.997773,0.0,19.0,7.0,linear
31,173621,179,179,0.989151,0.998557,0.0,19.0,7.0,linear
32,173061,105,105,0.992796,0.999125,0.0,19.0,7.0,linear
33,172545,70,70,0.995447,0.999399,0.0,19.0,7.0,linear
34,172561,43,43,0.997126,0.999624,0.0,19.0,7.0,linear
35,172047,36,36,0.99813,0.999715,0.0,19.0,7.0,linear
36,171965,17,17,0.998829,0.999872,0.0,19.0,7.0,linear
37,171304,9,9,0.999294,0.999942,0.0,19.0,7.0,linear
38,171255,6,6,0.999641,0.999959,0.0,19.0,7.0,linear
39,171781,5,5,0.999767,0.999971,0.0,19.0,7.0,linear
40,171413,3,3,0.999848,0.999983,0.0,19.0,7.0,linear
41,171573,1,1,0.999883,0.999994,0.0,19.0,7.0,linear
42,171443,0,0,0.999921,1.0,0.0,19.0,7.0,linear

