generation,size,female_size,fertile_female_size,rate_dr,rate_has_drive,drive_efficiency,drop_ratio,low_density_growth_rate,density_growth_curve
1,78554,49664,49664,0.0,0.0,0.0,19.0,4.0,linear
2,78361,49535,49535,0.0,0.0,0.0,19.0,4.0,linear
3,78819,49992,49992,0.0,0.0,0.0,19.0,4.0,linear
4,78714,49738,49738,0.0,0.0,0.0,19.0,4.0,linear
5,78626,49749,49749,0.0,0.0,0.0,19.0,4.0,linear
6,78677,49853,49853,0.0,0.0,0.0,19.0,4.0,linear
7,78625,49978,49978,0.0,0.0,0.0,19.0,4.0,linear
8,78700,49969,49969,0.0,0.0,0.0,19.0,4.0,linear
9,78229,49763,49763,0.0,0.0,0.0,19.0,4.0,linear
10,78370,49798,49798,0.0,0.0,0.0,19.0,4.0,linear
11,78228,49912,49912,0.0,0.0,0.0,19.0,4.0,linear
12,192890,50104,50104,0.534332,0.552437,0.0,19.0,4.0,linear
13,245858,46034,46034,0.659247,0.692803,0.0,19.0,4.0,linear
14,238919,39457,39457,0.6894,0.746692,0.0,19.0,4.0,linear
15,233320,32441,32441,0.718153,0.799573,0.0,19.0,4.0,linear
16,229545,25506,25506,0.748714,0.849536,0.0,19.0,4.0,linear
17,224504,18527,18527,0.780092,0.893569,0.0,19.0,4.0,linear
18,217520,12358,12358,0.811556,0.926403,0.0,19.0,4.0,linear
19,210824,8387,8387,0.844357,0.948791,0.0,19.0,4.0,linear
20,202230,5503,5503,0.874717,0.964014,0.0,19.0,4.0,linear
21,194678,3479,3479,0.90468,0.975482,0.0,19.0,4.0,linear
22,188166,2245,2245,0.930525,0.983233,0.0,19.0,4.0,linear
23,183091,1459,1459,0.951028,0.98871,0.0,19.0,4.0,linear
24,178899,945,945,0.966225,0.992596,0.0,19.0,4.0,linear
25,176196,582,582,0.977546,0.995625,0.0,19.0,4.0,linear
26,174659,358,358,0.985193,0.997279,0.0,19.0,4.0,linear
27,173485,199,199,0.990792,0.998549,0.0,19.0,4.0,linear
28,172719,106,106,0.994253,0.999244,0.0,19.0,4.0,linear
29,172130,61,61,0.996881,0.999582,0.0,19.0,4.0,linear
30,171501,31,31,0.998255,0.999814,0.0,19.0,4.0,linear
31,171549,11,11,0.999108,0.999918,0.0,19.0,4.0,linear
32,171377,6,6,0.999525,0.999959,0.0,19.0,4.0,linear
33,171509,3,3,0.999767,0.999977,0.0,19.0,4.0,linear
34,171238,1,1,0.99986,0.999988,0.0,19.0,4.0,linear
35,171244,1,1,0.99995,0.999994,0.0,19.0,4.0,linear
36,171667,0,0,0.999974,1.0,0.0,19.0,4.0,linear

