generation,size,female_size,fertile_female_size,rate_dr,rate_has_drive,drive_efficiency,drop_ratio,low_density_growth_rate,density_growth_curve
1,77387,48653,48653,0.0,0.0,0.0,10.0,5.0,linear
2,77694,48779,48779,0.0,0.0,0.0,10.0,5.0,linear
3,79691,50183,50183,0.0,0.0,0.0,10.0,5.0,linear
4,80500,50653,50653,0.0,0.0,0.0,10.0,5.0,linear
5,78478,49927,49927,0.0,0.0,0.0,10.0,5.0,linear
6,78274,50037,50037,0.0,0.0,0.0,10.0,5.0,linear
7,78837,50155,50155,0.0,0.0,0.0,10.0,5.0,linear
8,78544,50018,50018,0.0,0.0,0.0,10.0,5.0,linear
9,78723,50100,50100,0.0,0.0,0.0,10.0,5.0,linear
10,78264,49967,49967,0.0,0.0,0.0,10.0,5.0,linear
11,78877,50294,50294,0.0,0.0,0.0,10.0,5.0,linear
12,139137,50414,50414,0.380383,0.400714,0.0,10.0,5.0,linear
13,165495,46416,46416,0.510471,0.552739,0.0,10.0,5.0,linear
14,158298,39949,39949,0.544941,0.621516,0.0,10.0,5.0,linear
15,154627,33937,33937,0.578631,0.690351,0.0,10.0,5.0,linear
16,152963,27905,27905,0.61085,0.753716,0.0,10.0,5.0,linear
17,150057,21738,21738,0.643727,0.808828,0.0,10.0,5.0,linear
18,145324,16263,16263,0.674751,0.851732,0.0,10.0,5.0,linear
19,140151,12324,12324,0.70435,0.879416,0.0,10.0,5.0,linear
20,133216,9587,9587,0.731698,0.89836,0.0,10.0,5.0,linear
21,126529,7466,7466,0.760297,0.91294,0.0,10.0,5.0,linear
22,120851,5935,5935,0.79024,0.926473,0.0,10.0,5.0,linear
23,115272,4702,4702,0.816806,0.939086,0.0,10.0,5.0,linear
24,111015,3756,3756,0.842723,0.949405,0.0,10.0,5.0,linear
25,107022,2915,2915,0.866173,0.959599,0.0,10.0,5.0,linear
26,103878,2208,2208,0.889737,0.968671,0.0,10.0,5.0,linear
27,100492,1600,1600,0.909703,0.976228,0.0,10.0,5.0,linear
28,98632,1181,1181,0.928652,0.981997,0.0,10.0,5.0,linear
29,96651,806,806,0.945116,0.987318,0.0,10.0,5.0,linear
30,95189,575,575,0.959767,0.991129,0.0,10.0,5.0,linear
31,93693,377,377,0.970714,0.994185,0.0,10.0,5.0,linear
32,92490,238,238,0.979624,0.996397,0.0,10.0,5.0,linear
33,92417,153,153,0.986512,0.997732,0.0,10.0,5.0,linear
34,91289,97,97,0.991044,0.99867,0.0,10.0,5.0,linear
35,90715,52,52,0.99469,0.99934,0.0,10.0,5.0,linear
36,90423,20,20,0.996963,0.999669,0.0,10.0,5.0,linear
37,90481,10,10,0.998222,0.999834,0.0,10.0,5.0,linear
38,90545,4,4,0.999139,0.999901,0.0,10.0,5.0,linear
39,90313,3,3,0.999612,0.999945,0.0,10.0,5.0,linear
40,90565,2,2,0.99984,0.999978,0.0,10.0,5.0,linear
41,89989,2,2,0.9999,0.999978,0.0,10.0,5.0,linear
42,90384,2,2,0.999945,0.999978,0.0,10.0,5.0,linear
43,90432,0,0,0.999978,1.0,0.0,10.0,5.0,linear

