generation,size,female_size,fertile_female_size,rate_dr,rate_has_drive,drive_efficiency,drop_ratio,low_density_growth_rate,density_growth_curve
1,78445,49334,49334,0.0,0.0,0.0,17.0,2.0,linear
2,78541,49526,49526,0.0,0.0,0.0,17.0,2.0,linear
3,78389,49526,49526,0.0,0.0,0.0,17.0,2.0,linear
4,78447,49778,49778,0.0,0.0,0.0,17.0,2.0,linear
5,78504,49770,49770,0.0,0.0,0.0,17.0,2.0,linear
6,78583,49777,49777,0.0,0.0,0.0,17.0,2.0,linear
7,78032,49615,49615,0.0,0.0,0.0,17.0,2.0,linear
8,78235,49802,49802,0.0,0.0,0.0,17.0,2.0,linear
9,77943,49625,49625,0.0,0.0,0.0,17.0,2.0,linear
10,78671,50101,50101,0.0,0.0,0.0,17.0,2.0,linear
11,78530,49964,49964,0.0,0.0,0.0,17.0,2.0,linear
12,180880,50042,50042,0.505655,0.523827,0.0,17.0,2.0,linear
13,227803,46295,46295,0.632212,0.667344,0.0,17.0,2.0,linear
14,221588,39656,39656,0.669753,0.726283,0.0,17.0,2.0,linear
15,213667,32206,32206,0.710612,0.785326,0.0,17.0,2.0,linear
16,205002,24243,24243,0.753931,0.841086,0.0,17.0,2.0,linear
17,196769,17116,17116,0.797746,0.888883,0.0,17.0,2.0,linear
18,187406,10863,10863,0.840904,0.927102,0.0,17.0,2.0,linear
19,179661,6683,6683,0.881088,0.953413,0.0,17.0,2.0,linear
20,171825,3941,3941,0.915163,0.970953,0.0,17.0,2.0,linear
21,164777,2231,2231,0.943446,0.982249,0.0,17.0,2.0,linear
22,160798,1217,1217,0.964473,0.989925,0.0,17.0,2.0,linear
23,157886,704,704,0.978941,0.994251,0.0,17.0,2.0,linear
24,155896,381,381,0.987979,0.996878,0.0,17.0,2.0,linear
25,154634,234,234,0.993091,0.998214,0.0,17.0,2.0,linear
26,154090,109,109,0.99621,0.999197,0.0,17.0,2.0,linear
27,153695,50,50,0.997845,0.999649,0.0,17.0,2.0,linear
28,154184,27,27,0.998937,0.999818,0.0,17.0,2.0,linear
29,153734,10,10,0.999447,0.999935,0.0,17.0,2.0,linear
30,153445,7,7,0.999752,0.999954,0.0,17.0,2.0,linear
31,153135,3,3,0.999879,0.99998,0.0,17.0,2.0,linear
32,153282,2,2,0.999961,0.999987,0.0,17.0,2.0,linear
33,153939,0,0,0.999997,1.0,0.0,17.0,2.0,linear

