generation,size,female_size,fertile_female_size,rate_dr,rate_has_drive,drive_efficiency,drop_ratio,low_density_growth_rate,density_growth_curve
1,77832,48991,48991,0.0,0.0,0.0,13.0,5.0,linear
2,77744,48913,48913,0.0,0.0,0.0,13.0,5.0,linear
3,79392,49827,49827,0.0,0.0,0.0,13.0,5.0,linear
4,80460,50658,50658,0.0,0.0,0.0,13.0,5.0,linear
5,78669,49953,49953,0.0,0.0,0.0,13.0,5.0,linear
6,77769,49618,49618,0.0,0.0,0.0,13.0,5.0,linear
7,78368,49985,49985,0.0,0.0,0.0,13.0,5.0,linear
8,79837,50620,50620,0.0,0.0,0.0,13.0,5.0,linear
9,79418,50353,50353,0.0,0.0,0.0,13.0,5.0,linear
10,78846,50195,50195,0.0,0.0,0.0,13.0,5.0,linear
11,79036,50437,50437,0.0,0.0,0.0,13.0,5.0,linear
12,156178,49618,49618,0.445528,0.465073,0.0,13.0,5.0,linear
13,190910,45709,45709,0.570861,0.610891,0.0,13.0,5.0,linear
14,186040,40013,40013,0.603082,0.673881,0.0,13.0,5.0,linear
15,182104,33600,33600,0.635523,0.737482,0.0,13.0,5.0,linear
16,179000,27020,27020,0.666683,0.796084,0.0,13.0,5.0,linear
17,175715,20839,20839,0.696239,0.845339,0.0,13.0,5.0,linear
18,170898,15192,15192,0.726886,0.883927,0.0,13.0,5.0,linear
19,165048,11080,11080,0.755606,0.9091,0.0,13.0,5.0,linear
20,159051,8201,8201,0.785179,0.927551,0.0,13.0,5.0,linear
21,151442,5964,5964,0.814445,0.941462,0.0,13.0,5.0,linear
22,144463,4416,4416,0.845598,0.953247,0.0,13.0,5.0,linear
23,138385,3313,3313,0.873575,0.963748,0.0,13.0,5.0,linear
24,133150,2464,2464,0.898285,0.972228,0.0,13.0,5.0,linear
25,129285,1799,1799,0.919361,0.979113,0.0,13.0,5.0,linear
26,126479,1308,1308,0.93725,0.984893,0.0,13.0,5.0,linear
27,124293,892,892,0.953372,0.989943,0.0,13.0,5.0,linear
28,122317,585,585,0.966344,0.993356,0.0,13.0,5.0,linear
29,121006,374,374,0.976187,0.995745,0.0,13.0,5.0,linear
30,120235,254,254,0.983517,0.997232,0.0,13.0,5.0,linear
31,118917,159,159,0.989087,0.998336,0.0,13.0,5.0,linear
32,118464,89,89,0.993311,0.999066,0.0,13.0,5.0,linear
33,117902,57,57,0.99568,0.999467,0.0,13.0,5.0,linear
34,117741,33,33,0.99727,0.999644,0.0,13.0,5.0,linear
35,117846,23,23,0.99844,0.999788,0.0,13.0,5.0,linear
36,117305,13,13,0.999033,0.999881,0.0,13.0,5.0,linear
37,117624,5,5,0.999524,0.999949,0.0,13.0,5.0,linear
38,117840,3,3,0.999724,0.999975,0.0,13.0,5.0,linear
39,117610,2,2,0.999834,0.999983,0.0,13.0,5.0,linear
40,117684,1,1,0.999915,0.999992,0.0,13.0,5.0,linear
41,117617,0,0,0.999962,1.0,0.0,13.0,5.0,linear

