generation,size,female_size,fertile_female_size,rate_dr,rate_has_drive,drive_efficiency,drop_ratio,low_density_growth_rate,density_growth_curve
1,78252,49348,49348,0.0,0.0,0.0,15.0,2.0,linear
2,77700,49002,49002,0.0,0.0,0.0,15.0,2.0,linear
3,77782,49152,49152,0.0,0.0,0.0,15.0,2.0,linear
4,77899,49196,49196,0.0,0.0,0.0,15.0,2.0,linear
5,78256,49499,49499,0.0,0.0,0.0,15.0,2.0,linear
6,78260,49600,49600,0.0,0.0,0.0,15.0,2.0,linear
7,78400,49680,49680,0.0,0.0,0.0,15.0,2.0,linear
8,78245,49759,49759,0.0,0.0,0.0,15.0,2.0,linear
9,77976,49472,49472,0.0,0.0,0.0,15.0,2.0,linear
10,78247,49552,49552,0.0,0.0,0.0,15.0,2.0,linear
11,78372,49733,49733,0.0,0.0,0.0,15.0,2.0,linear
12,168803,49714,49714,0.477975,0.49715,0.0,15.0,2.0,linear
13,209433,45848,45848,0.606089,0.643671,0.0,15.0,2.0,linear
14,203099,39610,39610,0.645806,0.706091,0.0,15.0,2.0,linear
15,195420,32084,32084,0.688801,0.768683,0.0,15.0,2.0,linear
16,187097,24265,24265,0.73412,0.826955,0.0,15.0,2.0,linear
17,178066,17078,17078,0.778849,0.876821,0.0,15.0,2.0,linear
18,168644,10907,10907,0.824225,0.915938,0.0,15.0,2.0,linear
19,161172,6998,6998,0.86627,0.944313,0.0,15.0,2.0,linear
20,153815,4187,4187,0.902149,0.964514,0.0,15.0,2.0,linear
21,147680,2467,2467,0.933733,0.978075,0.0,15.0,2.0,linear
22,142825,1448,1448,0.956211,0.986523,0.0,15.0,2.0,linear
23,140494,865,865,0.973118,0.992032,0.0,15.0,2.0,linear
24,138256,470,470,0.984018,0.995655,0.0,15.0,2.0,linear
25,136927,243,243,0.990631,0.997797,0.0,15.0,2.0,linear
26,136185,124,124,0.99479,0.998938,0.0,15.0,2.0,linear
27,136167,55,55,0.997161,0.999538,0.0,15.0,2.0,linear
28,135955,24,24,0.99864,0.999816,0.0,15.0,2.0,linear
29,135542,9,9,0.999351,0.999934,0.0,15.0,2.0,linear
30,135049,4,4,0.9997,0.99997,0.0,15.0,2.0,linear
31,135378,1,1,0.999819,0.999993,0.0,15.0,2.0,linear
32,135832,0,0,0.999937,1.0,0.0,15.0,2.0,linear

