generation,size,female_size,fertile_female_size,rate_dr,rate_has_drive,drive_efficiency,drop_ratio,low_density_growth_rate,density_growth_curve
1,78278,49257,49257,0.0,0.0,0.0,9.0,2.0,linear
2,78373,49286,49286,0.0,0.0,0.0,9.0,2.0,linear
3,78438,49633,49633,0.0,0.0,0.0,9.0,2.0,linear
4,78707,49765,49765,0.0,0.0,0.0,9.0,2.0,linear
5,78501,49889,49889,0.0,0.0,0.0,9.0,2.0,linear
6,78374,49880,49880,0.0,0.0,0.0,9.0,2.0,linear
7,78600,50041,50041,0.0,0.0,0.0,9.0,2.0,linear
8,78763,50182,50182,0.0,0.0,0.0,9.0,2.0,linear
9,78520,50015,50015,0.0,0.0,0.0,9.0,2.0,linear
10,78579,50237,50237,0.0,0.0,0.0,9.0,2.0,linear
11,78332,50043,50043,0.0,0.0,0.0,9.0,2.0,linear
12,132886,50348,50348,0.354747,0.375505,0.0,9.0,2.0,linear
13,156614,46862,46862,0.481943,0.525563,0.0,9.0,2.0,linear
14,150673,40917,40917,0.525743,0.596659,0.0,9.0,2.0,linear
15,143434,33779,33779,0.572543,0.669322,0.0,9.0,2.0,linear
16,135579,26524,26524,0.621509,0.737764,0.0,9.0,2.0,linear
17,127007,19605,19605,0.671825,0.799285,0.0,9.0,2.0,linear
18,118354,13597,13597,0.723545,0.851024,0.0,9.0,2.0,linear
19,110528,9127,9127,0.773397,0.891428,0.0,9.0,2.0,linear
20,103271,6033,6033,0.821713,0.921939,0.0,9.0,2.0,linear
21,97527,3975,3975,0.864204,0.945001,0.0,9.0,2.0,linear
22,92486,2495,2495,0.901561,0.963087,0.0,9.0,2.0,linear
23,88701,1568,1568,0.932736,0.976275,0.0,9.0,2.0,linear
24,86282,1003,1003,0.955105,0.985063,0.0,9.0,2.0,linear
25,84524,616,616,0.970784,0.990857,0.0,9.0,2.0,linear
26,83288,324,324,0.981861,0.995226,0.0,9.0,2.0,linear
27,82419,158,158,0.9891,0.997633,0.0,9.0,2.0,linear
28,81934,80,80,0.993839,0.998782,0.0,9.0,2.0,linear
29,81526,41,41,0.996783,0.9994,0.0,9.0,2.0,linear
30,81064,18,18,0.99857,0.999753,0.0,9.0,2.0,linear
31,81095,7,7,0.999211,0.999914,0.0,9.0,2.0,linear
32,81264,1,1,0.999631,0.999988,0.0,9.0,2.0,linear
33,81462,0,0,0.999804,1.0,0.0,9.0,2.0,linear

