generation,size,female_size,fertile_female_size,rate_dr,rate_has_drive,drive_efficiency,drop_ratio,low_density_growth_rate,density_growth_curve
1,77884,49029,49029,0.0,0.0,0.0,12.0,5.0,linear
2,77977,49002,49002,0.0,0.0,0.0,12.0,5.0,linear
3,79735,50362,50362,0.0,0.0,0.0,12.0,5.0,linear
4,80749,50946,50946,0.0,0.0,0.0,12.0,5.0,linear
5,78703,50111,50111,0.0,0.0,0.0,12.0,5.0,linear
6,77299,49606,49606,0.0,0.0,0.0,12.0,5.0,linear
7,79045,50337,50337,0.0,0.0,0.0,12.0,5.0,linear
8,78701,50094,50094,0.0,0.0,0.0,12.0,5.0,linear
9,78118,49683,49683,0.0,0.0,0.0,12.0,5.0,linear
10,78282,49856,49856,0.0,0.0,0.0,12.0,5.0,linear
11,78663,49888,49888,0.0,0.0,0.0,12.0,5.0,linear
12,150891,50139,50139,0.423386,0.443607,0.0,12.0,5.0,linear
13,182606,46459,46459,0.552936,0.594133,0.0,12.0,5.0,linear
14,176543,40382,40382,0.587326,0.659707,0.0,12.0,5.0,linear
15,172965,33858,33858,0.6185,0.723568,0.0,12.0,5.0,linear
16,170193,27438,27438,0.64887,0.781788,0.0,12.0,5.0,linear
17,167250,21113,21113,0.680665,0.834296,0.0,12.0,5.0,linear
18,161655,15354,15354,0.711208,0.874855,0.0,12.0,5.0,linear
19,156313,11428,11428,0.741289,0.90217,0.0,12.0,5.0,linear
20,149424,8361,8361,0.772336,0.922624,0.0,12.0,5.0,linear
21,142322,6050,6050,0.803743,0.938503,0.0,12.0,5.0,linear
22,135586,4521,4521,0.836075,0.950584,0.0,12.0,5.0,linear
23,129684,3420,3420,0.864049,0.960773,0.0,12.0,5.0,linear
24,124867,2553,2553,0.890365,0.969395,0.0,12.0,5.0,linear
25,121098,1892,1892,0.912835,0.976816,0.0,12.0,5.0,linear
26,118264,1403,1403,0.931248,0.982892,0.0,12.0,5.0,linear
27,115476,968,968,0.947615,0.987772,0.0,12.0,5.0,linear
28,113557,655,655,0.960675,0.991724,0.0,12.0,5.0,linear
29,112406,430,430,0.972394,0.994676,0.0,12.0,5.0,linear
30,111094,271,271,0.980773,0.996679,0.0,12.0,5.0,linear
31,109986,162,162,0.987261,0.998031,0.0,12.0,5.0,linear
32,109355,87,87,0.991978,0.998953,0.0,12.0,5.0,linear
33,108691,52,52,0.99534,0.999385,0.0,12.0,5.0,linear
34,108509,33,33,0.997285,0.999632,0.0,12.0,5.0,linear
35,108179,15,15,0.99837,0.999825,0.0,12.0,5.0,linear
36,108234,7,7,0.999132,0.999935,0.0,12.0,5.0,linear
37,108394,1,1,0.999548,0.999991,0.0,12.0,5.0,linear
38,108470,0,0,0.999829,1.0,0.0,12.0,5.0,linear

