generation,size,female_size,fertile_female_size,rate_dr,rate_has_drive,drive_efficiency,drop_ratio,low_density_growth_rate,density_growth_curve
1,77946,49156,49156,0.0,0.0,0.0,15.0,7.0,linear
2,78223,49226,49226,0.0,0.0,0.0,15.0,7.0,linear
3,80678,50754,50754,0.0,0.0,0.0,15.0,7.0,linear
4,79876,50642,50642,0.0,0.0,0.0,15.0,7.0,linear
5,76729,49257,49257,0.0,0.0,0.0,15.0,7.0,linear
6,76689,49430,49430,0.0,0.0,0.0,15.0,7.0,linear
7,79663,50563,50563,0.0,0.0,0.0,15.0,7.0,linear
8,80267,50620,50620,0.0,0.0,0.0,15.0,7.0,linear
9,76904,49078,49078,0.0,0.0,0.0,15.0,7.0,linear
10,76402,48861,48861,0.0,0.0,0.0,15.0,7.0,linear
11,79712,50607,50607,0.0,0.0,0.0,15.0,7.0,linear
12,171154,51051,51051,0.474479,0.49328,0.0,15.0,7.0,linear
13,209653,46263,46263,0.606929,0.644059,0.0,15.0,7.0,linear
14,202494,39716,39716,0.633985,0.705074,0.0,15.0,7.0,linear
15,201517,33837,33837,0.656681,0.760846,0.0,15.0,7.0,linear
16,201438,27457,27457,0.678631,0.812687,0.0,15.0,7.0,linear
17,200707,21008,21008,0.702641,0.859614,0.0,15.0,7.0,linear
18,197884,15563,15563,0.727158,0.893946,0.0,15.0,7.0,linear
19,193756,11850,11850,0.75027,0.915967,0.0,15.0,7.0,linear
20,186492,9213,9213,0.771775,0.928722,0.0,15.0,7.0,linear
21,179600,7248,7248,0.796434,0.939574,0.0,15.0,7.0,linear
22,172236,5722,5722,0.819313,0.947878,0.0,15.0,7.0,linear
23,166569,4663,4663,0.842621,0.955917,0.0,15.0,7.0,linear
24,161251,3799,3799,0.863093,0.96364,0.0,15.0,7.0,linear
25,156609,2980,2980,0.881617,0.969933,0.0,15.0,7.0,linear
26,153337,2381,2381,0.899571,0.975843,0.0,15.0,7.0,linear
27,150316,1859,1859,0.917,0.981445,0.0,15.0,7.0,linear
28,147359,1403,1403,0.932078,0.985981,0.0,15.0,7.0,linear
29,144912,1004,1004,0.945255,0.989584,0.0,15.0,7.0,linear
30,142925,707,707,0.95856,0.992918,0.0,15.0,7.0,linear
31,140771,470,470,0.969052,0.995443,0.0,15.0,7.0,linear
32,139235,299,299,0.978111,0.997249,0.0,15.0,7.0,linear
33,137570,187,187,0.985725,0.998319,0.0,15.0,7.0,linear
34,136865,116,116,0.990605,0.998931,0.0,15.0,7.0,linear
35,136355,71,71,0.993894,0.999291,0.0,15.0,7.0,linear
36,136051,34,34,0.996274,0.999619,0.0,15.0,7.0,linear
37,135594,14,14,0.997933,0.999853,0.0,15.0,7.0,linear
38,135330,6,6,0.998911,0.999948,0.0,15.0,7.0,linear
39,135424,3,3,0.999498,0.999978,0.0,15.0,7.0,linear
40,135641,2,2,0.999816,0.999985,0.0,15.0,7.0,linear
41,135454,1,1,0.999878,0.999993,0.0,15.0,7.0,linear
42,135708,0,0,0.999963,1.0,0.0,15.0,7.0,linear

