generation,size,female_size,fertile_female_size,rate_dr,rate_has_drive,drive_efficiency,drop_ratio,low_density_growth_rate,density_growth_curve
1,78440,49163,49163,0.0,0.0,0.0,13.0,4.0,linear
2,78570,49437,49437,0.0,0.0,0.0,13.0,4.0,linear
3,79017,49858,49858,0.0,0.0,0.0,13.0,4.0,linear
4,79256,50278,50278,0.0,0.0,0.0,13.0,4.0,linear
5,79366,50493,50493,0.0,0.0,0.0,13.0,4.0,linear
6,78827,50330,50330,0.0,0.0,0.0,13.0,4.0,linear
7,78714,50584,50584,0.0,0.0,0.0,13.0,4.0,linear
8,78356,50168,50168,0.0,0.0,0.0,13.0,4.0,linear
9,78060,49936,49936,0.0,0.0,0.0,13.0,4.0,linear
10,78093,49812,49812,0.0,0.0,0.0,13.0,4.0,linear
11,78198,49863,49863,0.0,0.0,0.0,13.0,4.0,linear
12,156849,49961,49961,0.441948,0.46186,0.0,13.0,4.0,linear
13,192536,46574,46574,0.56898,0.608649,0.0,13.0,4.0,linear
14,186613,40459,40459,0.606077,0.673632,0.0,13.0,4.0,linear
15,180753,33358,33358,0.642109,0.73942,0.0,13.0,4.0,linear
16,175834,26594,26594,0.676833,0.798269,0.0,13.0,4.0,linear
17,170847,19717,19717,0.712506,0.851398,0.0,13.0,4.0,linear
18,164975,13770,13770,0.747279,0.891084,0.0,13.0,4.0,linear
19,158167,9573,9573,0.781688,0.918625,0.0,13.0,4.0,linear
20,150857,6744,6744,0.817307,0.938074,0.0,13.0,4.0,linear
21,143308,4722,4722,0.851174,0.952504,0.0,13.0,4.0,linear
22,136823,3270,3270,0.882772,0.964974,0.0,13.0,4.0,linear
23,131856,2341,2341,0.90982,0.974216,0.0,13.0,4.0,linear
24,128500,1654,1654,0.931575,0.981704,0.0,13.0,4.0,linear
25,125180,1111,1111,0.949746,0.987404,0.0,13.0,4.0,linear
26,122555,728,728,0.963996,0.991738,0.0,13.0,4.0,linear
27,120843,433,433,0.975462,0.995135,0.0,13.0,4.0,linear
28,120150,262,262,0.983719,0.997088,0.0,13.0,4.0,linear
29,118677,156,156,0.98965,0.998273,0.0,13.0,4.0,linear
30,118307,99,99,0.9937,0.999005,0.0,13.0,4.0,linear
31,117641,56,56,0.996237,0.999432,0.0,13.0,4.0,linear
32,117544,25,25,0.997702,0.999779,0.0,13.0,4.0,linear
33,117499,11,11,0.998711,0.999906,0.0,13.0,4.0,linear
34,117743,6,6,0.999389,0.999949,0.0,13.0,4.0,linear
35,117241,0,0,0.999672,1.0,0.0,13.0,4.0,linear

