generation,size,female_size,fertile_female_size,rate_dr,rate_has_drive,drive_efficiency,drop_ratio,low_density_growth_rate,density_growth_curve
1,78591,49548,49548,0.0,0.0,0.0,19.0,5.0,linear
2,78660,49589,49589,0.0,0.0,0.0,19.0,5.0,linear
3,79158,50070,50070,0.0,0.0,0.0,19.0,5.0,linear
4,79493,50544,50544,0.0,0.0,0.0,19.0,5.0,linear
5,78810,50355,50355,0.0,0.0,0.0,19.0,5.0,linear
6,78089,50078,50078,0.0,0.0,0.0,19.0,5.0,linear
7,78044,49923,49923,0.0,0.0,0.0,19.0,5.0,linear
8,78158,49827,49827,0.0,0.0,0.0,19.0,5.0,linear
9,77781,49450,49450,0.0,0.0,0.0,19.0,5.0,linear
10,78088,49662,49662,0.0,0.0,0.0,19.0,5.0,linear
11,79285,50228,50228,0.0,0.0,0.0,19.0,5.0,linear
12,193660,50135,50135,0.533683,0.551573,0.0,19.0,5.0,linear
13,246320,45762,45762,0.658966,0.692437,0.0,19.0,5.0,linear
14,239356,38964,38964,0.687872,0.747897,0.0,19.0,5.0,linear
15,235794,32372,32372,0.714103,0.800129,0.0,19.0,5.0,linear
16,232760,25837,25837,0.739212,0.84775,0.0,19.0,5.0,linear
17,228800,18959,18959,0.766645,0.89078,0.0,19.0,5.0,linear
18,223218,13162,13162,0.794656,0.922122,0.0,19.0,5.0,linear
19,216941,9100,9100,0.823673,0.943511,0.0,19.0,5.0,linear
20,208906,6294,6294,0.85206,0.957674,0.0,19.0,5.0,linear
21,200518,4398,4398,0.881013,0.968205,0.0,19.0,5.0,linear
22,193244,2937,2937,0.907411,0.977298,0.0,19.0,5.0,linear
23,187318,2053,2053,0.930485,0.984064,0.0,19.0,5.0,linear
24,183210,1419,1419,0.948947,0.988946,0.0,19.0,5.0,linear
25,179779,952,952,0.963134,0.992727,0.0,19.0,5.0,linear
26,177376,623,623,0.974017,0.995102,0.0,19.0,5.0,linear
27,175685,393,393,0.982604,0.996888,0.0,19.0,5.0,linear
28,173797,233,233,0.98812,0.998194,0.0,19.0,5.0,linear
29,173125,152,152,0.992651,0.998849,0.0,19.0,5.0,linear
30,172217,82,82,0.995331,0.999357,0.0,19.0,5.0,linear
31,172083,45,45,0.997307,0.999646,0.0,19.0,5.0,linear
32,171794,27,27,0.998528,0.999808,0.0,19.0,5.0,linear
33,171605,11,11,0.998998,0.99993,0.0,19.0,5.0,linear
34,171704,4,4,0.999429,0.999977,0.0,19.0,5.0,linear
35,171368,0,0,0.999743,1.0,0.0,19.0,5.0,linear

