generation,size,female_size,fertile_female_size,rate_dr,rate_has_drive,drive_efficiency,drop_ratio,low_density_growth_rate,density_growth_curve
1,78140,49210,49210,0.0,0.0,0.0,15.0,4.0,linear
2,78252,49267,49267,0.0,0.0,0.0,15.0,4.0,linear
3,78667,49844,49844,0.0,0.0,0.0,15.0,4.0,linear
4,79153,50211,50211,0.0,0.0,0.0,15.0,4.0,linear
5,78920,50268,50268,0.0,0.0,0.0,15.0,4.0,linear
6,78485,50122,50122,0.0,0.0,0.0,15.0,4.0,linear
7,78179,49793,49793,0.0,0.0,0.0,15.0,4.0,linear
8,77960,49467,49467,0.0,0.0,0.0,15.0,4.0,linear
9,78391,49614,49614,0.0,0.0,0.0,15.0,4.0,linear
10,78451,49882,49882,0.0,0.0,0.0,15.0,4.0,linear
11,79291,50195,50195,0.0,0.0,0.0,15.0,4.0,linear
12,169319,50138,50138,0.47586,0.495283,0.0,15.0,4.0,linear
13,210143,46406,46406,0.602787,0.64037,0.0,15.0,4.0,linear
14,204233,40165,40165,0.637125,0.700618,0.0,15.0,4.0,linear
15,198581,33216,33216,0.671518,0.762538,0.0,15.0,4.0,linear
16,193757,26214,26214,0.703642,0.817206,0.0,15.0,4.0,linear
17,188722,19392,19392,0.738691,0.866627,0.0,15.0,4.0,linear
18,182627,13422,13422,0.771929,0.903632,0.0,15.0,4.0,linear
19,175805,9317,9317,0.805517,0.929257,0.0,15.0,4.0,linear
20,168073,6353,6353,0.838434,0.947358,0.0,15.0,4.0,linear
21,160620,4316,4316,0.870796,0.961226,0.0,15.0,4.0,linear
22,154096,2944,2944,0.900507,0.972253,0.0,15.0,4.0,linear
23,149335,2058,2058,0.925252,0.980185,0.0,15.0,4.0,linear
24,145436,1390,1390,0.945715,0.986323,0.0,15.0,4.0,linear
25,142340,922,922,0.961538,0.991044,0.0,15.0,4.0,linear
26,139768,600,600,0.973252,0.99417,0.0,15.0,4.0,linear
27,138848,369,369,0.981435,0.996366,0.0,15.0,4.0,linear
28,137633,231,231,0.98787,0.997696,0.0,15.0,4.0,linear
29,136945,126,126,0.992299,0.998822,0.0,15.0,4.0,linear
30,136382,61,61,0.995598,0.999378,0.0,15.0,4.0,linear
31,135886,35,35,0.997427,0.999684,0.0,15.0,4.0,linear
32,135285,17,17,0.998667,0.999867,0.0,15.0,4.0,linear
33,135316,8,8,0.999254,0.999941,0.0,15.0,4.0,linear
34,135684,1,1,0.999613,0.999993,0.0,15.0,4.0,linear
35,135297,0,0,0.99983,1.0,0.0,15.0,4.0,linear

