generation,size,female_size,fertile_female_size,rate_dr,rate_has_drive,drive_efficiency,drop_ratio,low_density_growth_rate,density_growth_curve
1,78237,49277,49277,0.0,0.0,0.0,12.0,7.0,linear
2,78023,49127,49127,0.0,0.0,0.0,12.0,7.0,linear
3,80082,50406,50406,0.0,0.0,0.0,12.0,7.0,linear
4,79723,50358,50358,0.0,0.0,0.0,12.0,7.0,linear
5,77685,49619,49619,0.0,0.0,0.0,12.0,7.0,linear
6,78224,49871,49871,0.0,0.0,0.0,12.0,7.0,linear
7,78151,49669,49669,0.0,0.0,0.0,12.0,7.0,linear
8,78717,49854,49854,0.0,0.0,0.0,12.0,7.0,linear
9,79095,50045,50045,0.0,0.0,0.0,12.0,7.0,linear
10,79363,50204,50204,0.0,0.0,0.0,12.0,7.0,linear
11,78070,49808,49808,0.0,0.0,0.0,12.0,7.0,linear
12,150216,49833,49833,0.422652,0.442978,0.0,12.0,7.0,linear
13,183112,46509,46509,0.550375,0.591247,0.0,12.0,7.0,linear
14,176889,40288,40288,0.582282,0.656708,0.0,12.0,7.0,linear
15,174851,34267,34267,0.609502,0.722606,0.0,12.0,7.0,linear
16,175371,28596,28596,0.634385,0.779611,0.0,12.0,7.0,linear
17,174294,22581,22581,0.659209,0.830548,0.0,12.0,7.0,linear
18,171770,17117,17117,0.682739,0.867743,0.0,12.0,7.0,linear
19,168214,13429,13429,0.702472,0.889059,0.0,12.0,7.0,linear
20,163616,10893,10893,0.725305,0.90435,0.0,12.0,7.0,linear
21,156259,8893,8893,0.746005,0.915272,0.0,12.0,7.0,linear
22,150254,7311,7311,0.767554,0.924763,0.0,12.0,7.0,linear
23,145035,6081,6081,0.789,0.932821,0.0,12.0,7.0,linear
24,139642,5143,5143,0.808797,0.941072,0.0,12.0,7.0,linear
25,135094,4359,4359,0.829183,0.949738,0.0,12.0,7.0,linear
26,131480,3478,3478,0.848514,0.958593,0.0,12.0,7.0,linear
27,128412,2818,2818,0.868306,0.966161,0.0,12.0,7.0,linear
28,124956,2190,2190,0.889155,0.97314,0.0,12.0,7.0,linear
29,121474,1662,1662,0.906824,0.979299,0.0,12.0,7.0,linear
30,119053,1253,1253,0.923973,0.98417,0.0,12.0,7.0,linear
31,116918,925,925,0.939048,0.988349,0.0,12.0,7.0,linear
32,114909,670,670,0.952466,0.991367,0.0,12.0,7.0,linear
33,113349,437,437,0.965321,0.994094,0.0,12.0,7.0,linear
34,111801,290,290,0.974478,0.996128,0.0,12.0,7.0,linear
35,110886,184,184,0.982614,0.997778,0.0,12.0,7.0,linear
36,109976,115,115,0.988745,0.998716,0.0,12.0,7.0,linear
37,109316,64,64,0.992726,0.999299,0.0,12.0,7.0,linear
38,109054,30,30,0.995777,0.999689,0.0,12.0,7.0,linear
39,108766,13,13,0.997511,0.999853,0.0,12.0,7.0,linear
40,108461,4,4,0.998572,0.999945,0.0,12.0,7.0,linear
41,108293,2,2,0.999271,0.999982,0.0,12.0,7.0,linear
42,108186,2,2,0.99963,0.999982,0.0,12.0,7.0,linear
43,108579,0,0,0.999834,1.0,0.0,12.0,7.0,linear

