generation,size,female_size,fertile_female_size,rate_dr,rate_has_drive,drive_efficiency,drop_ratio,low_density_growth_rate,density_growth_curve
1,78493,49512,49512,0.0,0.0,0.0,15.0,4.0,linear
2,78486,49320,49320,0.0,0.0,0.0,15.0,4.0,linear
3,78447,49462,49462,0.0,0.0,0.0,15.0,4.0,linear
4,78685,49809,49809,0.0,0.0,0.0,15.0,4.0,linear
5,79277,50217,50217,0.0,0.0,0.0,15.0,4.0,linear
6,78498,49875,49875,0.0,0.0,0.0,15.0,4.0,linear
7,78460,49919,49919,0.0,0.0,0.0,15.0,4.0,linear
8,78470,49778,49778,0.0,0.0,0.0,15.0,4.0,linear
9,78755,49786,49786,0.0,0.0,0.0,15.0,4.0,linear
10,78552,49599,49599,0.0,0.0,0.0,15.0,4.0,linear
11,78693,49944,49944,0.0,0.0,0.0,15.0,4.0,linear
12,169176,50153,50153,0.474764,0.494052,0.0,15.0,4.0,linear
13,210743,46334,46334,0.602658,0.640864,0.0,15.0,4.0,linear
14,204852,40115,40115,0.638276,0.702506,0.0,15.0,4.0,linear
15,198875,33069,33069,0.672062,0.7638,0.0,15.0,4.0,linear
16,194153,26008,26008,0.704896,0.818621,0.0,15.0,4.0,linear
17,189006,19216,19216,0.738598,0.867173,0.0,15.0,4.0,linear
18,182787,13426,13426,0.771971,0.903747,0.0,15.0,4.0,linear
19,175918,9222,9222,0.806802,0.929821,0.0,15.0,4.0,linear
20,167876,6444,6444,0.83878,0.947561,0.0,15.0,4.0,linear
21,160773,4421,4421,0.870325,0.961211,0.0,15.0,4.0,linear
22,154631,3009,3009,0.899577,0.971837,0.0,15.0,4.0,linear
23,149258,2021,2021,0.925168,0.980191,0.0,15.0,4.0,linear
24,144668,1353,1353,0.945624,0.986663,0.0,15.0,4.0,linear
25,141986,934,934,0.962034,0.991216,0.0,15.0,4.0,linear
26,139673,585,585,0.973658,0.994595,0.0,15.0,4.0,linear
27,138611,336,336,0.98246,0.996806,0.0,15.0,4.0,linear
28,137434,219,219,0.988366,0.997889,0.0,15.0,4.0,linear
29,136758,126,126,0.992923,0.998863,0.0,15.0,4.0,linear
30,136430,80,80,0.995662,0.999283,0.0,15.0,4.0,linear
31,135547,40,40,0.997561,0.999676,0.0,15.0,4.0,linear
32,135376,20,20,0.998517,0.999845,0.0,15.0,4.0,linear
33,135428,11,11,0.999173,0.999919,0.0,15.0,4.0,linear
34,135234,5,5,0.999508,0.999963,0.0,15.0,4.0,linear
35,135449,1,1,0.999775,0.999993,0.0,15.0,4.0,linear
36,135484,1,1,0.999882,0.999993,0.0,15.0,4.0,linear
37,135408,0,0,0.999941,1.0,0.0,15.0,4.0,linear

