generation,size,female_size,fertile_female_size,rate_dr,rate_has_drive,drive_efficiency,drop_ratio,low_density_growth_rate,density_growth_curve
1,77918,49013,49013,0.0,0.0,0.0,19.0,7.0,linear
2,77863,49094,49094,0.0,0.0,0.0,19.0,7.0,linear
3,80697,50675,50675,0.0,0.0,0.0,19.0,7.0,linear
4,80448,50688,50688,0.0,0.0,0.0,19.0,7.0,linear
5,78984,50300,50300,0.0,0.0,0.0,19.0,7.0,linear
6,77505,49798,49798,0.0,0.0,0.0,19.0,7.0,linear
7,77361,49542,49542,0.0,0.0,0.0,19.0,7.0,linear
8,77934,49730,49730,0.0,0.0,0.0,19.0,7.0,linear
9,79218,50329,50329,0.0,0.0,0.0,19.0,7.0,linear
10,79950,50871,50871,0.0,0.0,0.0,19.0,7.0,linear
11,79470,50691,50691,0.0,0.0,0.0,19.0,7.0,linear
12,190926,49266,49266,0.536046,0.553841,0.0,19.0,7.0,linear
13,244870,45631,45631,0.65661,0.689862,0.0,19.0,7.0,linear
14,239719,39502,39502,0.67885,0.741685,0.0,19.0,7.0,linear
15,238788,33563,33563,0.699901,0.791851,0.0,19.0,7.0,linear
16,238315,27361,27361,0.721738,0.842017,0.0,19.0,7.0,linear
17,237019,20783,20783,0.744234,0.884544,0.0,19.0,7.0,linear
18,233345,14966,14966,0.766666,0.916034,0.0,19.0,7.0,linear
19,228256,10854,10854,0.79012,0.936211,0.0,19.0,7.0,linear
20,221022,7935,7935,0.813585,0.94865,0.0,19.0,7.0,linear
21,213254,5925,5925,0.839547,0.958138,0.0,19.0,7.0,linear
22,204995,4366,4366,0.863749,0.966101,0.0,19.0,7.0,linear
23,198257,3450,3450,0.887162,0.972355,0.0,19.0,7.0,linear
24,192640,2700,2700,0.907049,0.977831,0.0,19.0,7.0,linear
25,188135,2148,2148,0.92384,0.98232,0.0,19.0,7.0,linear
26,184695,1639,1639,0.938627,0.986938,0.0,19.0,7.0,linear
27,182128,1182,1182,0.950972,0.990536,0.0,19.0,7.0,linear
28,179792,835,835,0.962133,0.993331,0.0,19.0,7.0,linear
29,177381,528,528,0.971392,0.99578,0.0,19.0,7.0,linear
30,176328,342,342,0.979955,0.997421,0.0,19.0,7.0,linear
31,174509,211,211,0.987145,0.998514,0.0,19.0,7.0,linear
32,173146,121,121,0.991588,0.999213,0.0,19.0,7.0,linear
33,172130,67,67,0.995002,0.999542,0.0,19.0,7.0,linear
34,172285,38,38,0.997085,0.999757,0.0,19.0,7.0,linear
35,172010,22,22,0.998382,0.999861,0.0,19.0,7.0,linear
36,172182,12,12,0.999161,0.999925,0.0,19.0,7.0,linear
37,171646,5,5,0.999534,0.999971,0.0,19.0,7.0,linear
38,171774,1,1,0.999785,0.999994,0.0,19.0,7.0,linear
39,171475,0,0,0.99988,1.0,0.0,19.0,7.0,linear

