generation,size,female_size,fertile_female_size,rate_dr,rate_has_drive,drive_efficiency,drop_ratio,low_density_growth_rate,density_growth_curve
1,77992,48998,48998,0.0,0.0,0.0,8.0,3.0,linear
2,78048,49156,49156,0.0,0.0,0.0,8.0,3.0,linear
3,78519,49529,49529,0.0,0.0,0.0,8.0,3.0,linear
4,78811,50093,50093,0.0,0.0,0.0,8.0,3.0,linear
5,79180,50285,50285,0.0,0.0,0.0,8.0,3.0,linear
6,78395,50087,50087,0.0,0.0,0.0,8.0,3.0,linear
7,78514,50235,50235,0.0,0.0,0.0,8.0,3.0,linear
8,78666,50260,50260,0.0,0.0,0.0,8.0,3.0,linear
9,78887,50231,50231,0.0,0.0,0.0,8.0,3.0,linear
10,78482,50079,50079,0.0,0.0,0.0,8.0,3.0,linear
11,78319,49793,49793,0.0,0.0,0.0,8.0,3.0,linear
12,126281,49593,49593,0.331767,0.352973,0.0,8.0,3.0,linear
13,146811,46478,46478,0.455186,0.499874,0.0,8.0,3.0,linear
14,141029,40785,40785,0.496613,0.572707,0.0,8.0,3.0,linear
15,135798,34579,34579,0.540743,0.648063,0.0,8.0,3.0,linear
16,129515,27790,27790,0.582991,0.717069,0.0,8.0,3.0,linear
17,123678,21259,21259,0.625635,0.777163,0.0,8.0,3.0,linear
18,117023,15589,15589,0.668315,0.82724,0.0,8.0,3.0,linear
19,110466,11272,11272,0.708553,0.86359,0.0,8.0,3.0,linear
20,103776,8220,8220,0.749044,0.890899,0.0,8.0,3.0,linear
21,96726,5911,5911,0.786474,0.912827,0.0,8.0,3.0,linear
22,91001,4235,4235,0.826462,0.931903,0.0,8.0,3.0,linear
23,86215,3031,3031,0.861418,0.948779,0.0,8.0,3.0,linear
24,82706,2130,2130,0.892849,0.963062,0.0,8.0,3.0,linear
25,80060,1488,1488,0.919361,0.973967,0.0,8.0,3.0,linear
26,77832,1022,1022,0.940566,0.982038,0.0,8.0,3.0,linear
27,76131,666,666,0.957467,0.988492,0.0,8.0,3.0,linear
28,74896,417,417,0.970768,0.992902,0.0,8.0,3.0,linear
29,74095,259,259,0.980548,0.995777,0.0,8.0,3.0,linear
30,73396,153,153,0.987871,0.997561,0.0,8.0,3.0,linear
31,72574,81,81,0.992314,0.998724,0.0,8.0,3.0,linear
32,72293,39,39,0.995637,0.999406,0.0,8.0,3.0,linear
33,72411,16,16,0.997655,0.999779,0.0,8.0,3.0,linear
34,72385,5,5,0.998812,0.999931,0.0,8.0,3.0,linear
35,72228,1,1,0.999502,0.999986,0.0,8.0,3.0,linear
36,72107,0,0,0.999785,1.0,0.0,8.0,3.0,linear

