generation,size,female_size,fertile_female_size,rate_dr,rate_has_drive,drive_efficiency,drop_ratio,low_density_growth_rate,density_growth_curve
1,78099,49265,49265,0.0,0.0,0.0,18.0,9.0,linear
2,78234,49319,49319,0.0,0.0,0.0,18.0,9.0,linear
3,81001,51095,51095,0.0,0.0,0.0,18.0,9.0,linear
4,80481,51055,51055,0.0,0.0,0.0,18.0,9.0,linear
5,75787,48732,48732,0.0,0.0,0.0,18.0,9.0,linear
6,77000,49186,49186,0.0,0.0,0.0,18.0,9.0,linear
7,80873,50945,50945,0.0,0.0,0.0,18.0,9.0,linear
8,82866,51786,51786,0.0,0.0,0.0,18.0,9.0,linear
9,77253,49450,49450,0.0,0.0,0.0,18.0,9.0,linear
10,74019,48077,48077,0.0,0.0,0.0,18.0,9.0,linear
11,79927,50885,50885,0.0,0.0,0.0,18.0,9.0,linear
12,191000,52027,52027,0.522275,0.538677,0.0,18.0,9.0,linear
13,234863,44975,44975,0.658166,0.691058,0.0,18.0,9.0,linear
14,225032,37415,37415,0.67133,0.745769,0.0,18.0,9.0,linear
15,231154,33356,33356,0.685762,0.792464,0.0,18.0,9.0,linear
16,233832,27488,27488,0.700593,0.836657,0.0,18.0,9.0,linear
17,234719,21124,21124,0.719871,0.877765,0.0,18.0,9.0,linear
18,231673,15776,15776,0.739024,0.907655,0.0,18.0,9.0,linear
19,228657,12413,12413,0.756744,0.924804,0.0,18.0,9.0,linear
20,222441,9730,9730,0.775613,0.936269,0.0,18.0,9.0,linear
21,215202,7631,7631,0.796851,0.944446,0.0,18.0,9.0,linear
22,208218,6367,6367,0.816162,0.951369,0.0,18.0,9.0,linear
23,201591,5346,5346,0.836105,0.957798,0.0,18.0,9.0,linear
24,196319,4481,4481,0.853304,0.963168,0.0,18.0,9.0,linear
25,191491,3774,3774,0.868791,0.968595,0.0,18.0,9.0,linear
26,187491,3067,3067,0.88447,0.974087,0.0,18.0,9.0,linear
27,183998,2493,2493,0.899675,0.979005,0.0,18.0,9.0,linear
28,180679,1929,1929,0.915698,0.983764,0.0,18.0,9.0,linear
29,176753,1416,1416,0.929792,0.987473,0.0,18.0,9.0,linear
30,174083,1086,1086,0.943569,0.990427,0.0,18.0,9.0,linear
31,171396,794,794,0.955862,0.993209,0.0,18.0,9.0,linear
32,169256,542,542,0.965639,0.995154,0.0,18.0,9.0,linear
33,168474,369,369,0.974939,0.996776,0.0,18.0,9.0,linear
34,166466,241,241,0.981991,0.998088,0.0,18.0,9.0,linear
35,164670,135,135,0.987928,0.998945,0.0,18.0,9.0,linear
36,163879,88,88,0.992321,0.999362,0.0,18.0,9.0,linear
37,163383,49,49,0.99502,0.999695,0.0,18.0,9.0,linear
38,162859,23,23,0.997255,0.999859,0.0,18.0,9.0,linear
39,162742,6,6,0.998502,0.999963,0.0,18.0,9.0,linear
40,162609,0,0,0.999287,1.0,0.0,18.0,9.0,linear

