generation,size,female_size,fertile_female_size,rate_dr,rate_has_drive,drive_efficiency,drop_ratio,low_density_growth_rate,density_growth_curve
1,78371,49380,49380,0.0,0.0,0.0,6.0,4.0,linear
2,78871,49558,49558,0.0,0.0,0.0,6.0,4.0,linear
3,79334,49902,49902,0.0,0.0,0.0,6.0,4.0,linear
4,79513,50250,50250,0.0,0.0,0.0,6.0,4.0,linear
5,79298,50342,50342,0.0,0.0,0.0,6.0,4.0,linear
6,78918,50133,50133,0.0,0.0,0.0,6.0,4.0,linear
7,78706,50193,50193,0.0,0.0,0.0,6.0,4.0,linear
8,78743,50019,50019,0.0,0.0,0.0,6.0,4.0,linear
9,78290,49758,49758,0.0,0.0,0.0,6.0,4.0,linear
10,78048,49446,49446,0.0,0.0,0.0,6.0,4.0,linear
11,78963,49980,49980,0.0,0.0,0.0,6.0,4.0,linear
12,115382,50122,50122,0.272284,0.29396,0.0,6.0,4.0,linear
13,129243,46828,46828,0.387208,0.433688,0.0,6.0,4.0,linear
14,123992,41578,41578,0.42852,0.509882,0.0,6.0,4.0,linear
15,119534,35839,35839,0.469918,0.587719,0.0,6.0,4.0,linear
16,116241,30079,30079,0.507935,0.6573,0.0,6.0,4.0,linear
17,112586,24308,24308,0.544749,0.719583,0.0,6.0,4.0,linear
18,107635,19006,19006,0.576215,0.765868,0.0,6.0,4.0,linear
19,102766,15129,15129,0.60549,0.799308,0.0,6.0,4.0,linear
20,96914,12110,12110,0.633915,0.824453,0.0,6.0,4.0,linear
21,91116,9853,9853,0.662047,0.843641,0.0,6.0,4.0,linear
22,86213,8188,8188,0.689009,0.859724,0.0,6.0,4.0,linear
23,81418,6702,6702,0.718543,0.878763,0.0,6.0,4.0,linear
24,77454,5463,5463,0.747688,0.897214,0.0,6.0,4.0,linear
25,73697,4332,4332,0.776463,0.914756,0.0,6.0,4.0,linear
26,70613,3393,3393,0.80522,0.928626,0.0,6.0,4.0,linear
27,67359,2595,2595,0.833662,0.942965,0.0,6.0,4.0,linear
28,64699,1952,1952,0.861982,0.954401,0.0,6.0,4.0,linear
29,62243,1513,1513,0.889289,0.965201,0.0,6.0,4.0,linear
30,60408,1063,1063,0.910532,0.974492,0.0,6.0,4.0,linear
31,58963,739,739,0.931029,0.981368,0.0,6.0,4.0,linear
32,57887,498,498,0.94952,0.98751,0.0,6.0,4.0,linear
33,56991,325,325,0.9642,0.992178,0.0,6.0,4.0,linear
34,56095,206,206,0.976418,0.995086,0.0,6.0,4.0,linear
35,55590,133,133,0.983809,0.996862,0.0,6.0,4.0,linear
36,55029,77,77,0.989952,0.998191,0.0,6.0,4.0,linear
37,54558,35,35,0.994316,0.999159,0.0,6.0,4.0,linear
38,54497,19,19,0.996647,0.999579,0.0,6.0,4.0,linear
39,54365,10,10,0.998079,0.999816,0.0,6.0,4.0,linear
40,53876,6,6,0.998896,0.999889,0.0,6.0,4.0,linear
41,54156,0,0,0.999446,1.0,0.0,6.0,4.0,linear

