generation,size,female_size,fertile_female_size,rate_dr,rate_has_drive,drive_efficiency,drop_ratio,low_density_growth_rate,density_growth_curve
1,77920,48981,48981,0.0,0.0,0.0,11.0,4.0,linear
2,77806,48835,48835,0.0,0.0,0.0,11.0,4.0,linear
3,78760,49739,49739,0.0,0.0,0.0,11.0,4.0,linear
4,79955,50446,50446,0.0,0.0,0.0,11.0,4.0,linear
5,79661,50498,50498,0.0,0.0,0.0,11.0,4.0,linear
6,78413,50067,50067,0.0,0.0,0.0,11.0,4.0,linear
7,77551,49652,49652,0.0,0.0,0.0,11.0,4.0,linear
8,77812,49672,49672,0.0,0.0,0.0,11.0,4.0,linear
9,78093,49796,49796,0.0,0.0,0.0,11.0,4.0,linear
10,79009,50241,50241,0.0,0.0,0.0,11.0,4.0,linear
11,79189,50200,50200,0.0,0.0,0.0,11.0,4.0,linear
12,144891,50056,50056,0.401638,0.422221,0.0,11.0,4.0,linear
13,174465,46596,46596,0.530353,0.571839,0.0,11.0,4.0,linear
14,168553,40568,40568,0.567855,0.639146,0.0,11.0,4.0,linear
15,162935,33871,33871,0.605057,0.707964,0.0,11.0,4.0,linear
16,158956,27112,27112,0.640652,0.7697,0.0,11.0,4.0,linear
17,154801,20927,20927,0.675174,0.822706,0.0,11.0,4.0,linear
18,148595,15203,15203,0.710064,0.864245,0.0,11.0,4.0,linear
19,142682,11178,11178,0.744505,0.893688,0.0,11.0,4.0,linear
20,135236,8187,8187,0.777962,0.915581,0.0,11.0,4.0,linear
21,128407,5975,5975,0.811307,0.933528,0.0,11.0,4.0,linear
22,121989,4363,4363,0.844154,0.948069,0.0,11.0,4.0,linear
23,116864,3164,3164,0.874506,0.960699,0.0,11.0,4.0,linear
24,112483,2301,2301,0.901416,0.970664,0.0,11.0,4.0,linear
25,109155,1628,1628,0.923627,0.978411,0.0,11.0,4.0,linear
26,106737,1109,1109,0.943179,0.98503,0.0,11.0,4.0,linear
27,104519,764,764,0.958527,0.989953,0.0,11.0,4.0,linear
28,103122,501,501,0.970408,0.993143,0.0,11.0,4.0,linear
29,101753,332,332,0.9802,0.995769,0.0,11.0,4.0,linear
30,101048,193,193,0.986717,0.997544,0.0,11.0,4.0,linear
31,100194,109,109,0.991356,0.998569,0.0,11.0,4.0,linear
32,99772,54,54,0.994598,0.99929,0.0,11.0,4.0,linear
33,99575,28,28,0.997046,0.999619,0.0,11.0,4.0,linear
34,99612,11,11,0.99845,0.99987,0.0,11.0,4.0,linear
35,99393,7,7,0.999225,0.99993,0.0,11.0,4.0,linear
36,99505,3,3,0.999658,0.99997,0.0,11.0,4.0,linear
37,99112,1,1,0.999859,0.99999,0.0,11.0,4.0,linear
38,99173,0,0,0.999955,1.0,0.0,11.0,4.0,linear

