generation,size,female_size,fertile_female_size,rate_dr,rate_has_drive,drive_efficiency,drop_ratio,low_density_growth_rate,density_growth_curve
1,78100,49235,49235,0.0,0.0,0.0,13.0,3.0,linear
2,78133,49353,49353,0.0,0.0,0.0,13.0,3.0,linear
3,78306,49616,49616,0.0,0.0,0.0,13.0,3.0,linear
4,78774,49731,49731,0.0,0.0,0.0,13.0,3.0,linear
5,78467,49761,49761,0.0,0.0,0.0,13.0,3.0,linear
6,78575,50031,50031,0.0,0.0,0.0,13.0,3.0,linear
7,78425,49858,49858,0.0,0.0,0.0,13.0,3.0,linear
8,78698,49986,49986,0.0,0.0,0.0,13.0,3.0,linear
9,78879,50203,50203,0.0,0.0,0.0,13.0,3.0,linear
10,78393,49758,49758,0.0,0.0,0.0,13.0,3.0,linear
11,78084,49589,49589,0.0,0.0,0.0,13.0,3.0,linear
12,156345,49715,49715,0.441917,0.462007,0.0,13.0,3.0,linear
13,192166,46222,46222,0.570945,0.610219,0.0,13.0,3.0,linear
14,186101,39954,39954,0.608292,0.673644,0.0,13.0,3.0,linear
15,180114,32944,32944,0.648615,0.739331,0.0,13.0,3.0,linear
16,173600,26023,26023,0.687381,0.798814,0.0,13.0,3.0,linear
17,166775,19042,19042,0.727646,0.85198,0.0,13.0,3.0,linear
18,159364,13131,13131,0.767198,0.892644,0.0,13.0,3.0,linear
19,152245,8978,8978,0.806375,0.921876,0.0,13.0,3.0,linear
20,144545,6040,6040,0.843428,0.943609,0.0,13.0,3.0,linear
21,137539,3954,3954,0.880175,0.960718,0.0,13.0,3.0,linear
22,131668,2482,2482,0.91183,0.973847,0.0,13.0,3.0,linear
23,127559,1622,1622,0.937696,0.982484,0.0,13.0,3.0,linear
24,124149,1041,1041,0.957192,0.988636,0.0,13.0,3.0,linear
25,121621,621,621,0.971841,0.993244,0.0,13.0,3.0,linear
26,119840,355,355,0.982306,0.995994,0.0,13.0,3.0,linear
27,119111,222,222,0.989065,0.997586,0.0,13.0,3.0,linear
28,118420,133,133,0.993287,0.998611,0.0,13.0,3.0,linear
29,117824,75,75,0.996036,0.999238,0.0,13.0,3.0,linear
30,118013,33,33,0.997706,0.999653,0.0,13.0,3.0,linear
31,117801,13,13,0.998837,0.999873,0.0,13.0,3.0,linear
32,117513,6,6,0.999498,0.99994,0.0,13.0,3.0,linear
33,117773,1,1,0.999792,0.999992,0.0,13.0,3.0,linear
34,117432,0,0,0.999923,1.0,0.0,13.0,3.0,linear

