generation,size,female_size,fertile_female_size,rate_dr,rate_has_drive,drive_efficiency,drop_ratio,low_density_growth_rate,density_growth_curve
1,78108,49309,49309,0.0,0.0,0.0,20.0,6.0,linear
2,78116,49274,49274,0.0,0.0,0.0,20.0,6.0,linear
3,79216,50080,50080,0.0,0.0,0.0,20.0,6.0,linear
4,80218,50701,50701,0.0,0.0,0.0,20.0,6.0,linear
5,78753,50205,50205,0.0,0.0,0.0,20.0,6.0,linear
6,77931,50045,50045,0.0,0.0,0.0,20.0,6.0,linear
7,78200,50175,50175,0.0,0.0,0.0,20.0,6.0,linear
8,78957,50381,50381,0.0,0.0,0.0,20.0,6.0,linear
9,78503,49958,49958,0.0,0.0,0.0,20.0,6.0,linear
10,78258,49900,49900,0.0,0.0,0.0,20.0,6.0,linear
11,78996,50331,50331,0.0,0.0,0.0,20.0,6.0,linear
12,199398,50244,50244,0.547054,0.564228,0.0,20.0,6.0,linear
13,254058,45775,45775,0.670331,0.702653,0.0,20.0,6.0,linear
14,247272,39075,39075,0.695135,0.755281,0.0,20.0,6.0,linear
15,245291,32697,32697,0.718609,0.806171,0.0,20.0,6.0,linear
16,243738,26192,26192,0.739804,0.851972,0.0,20.0,6.0,linear
17,241266,19674,19674,0.764245,0.893227,0.0,20.0,6.0,linear
18,236691,13759,13759,0.788957,0.923764,0.0,20.0,6.0,linear
19,231091,9723,9723,0.815227,0.944186,0.0,20.0,6.0,linear
20,223780,6778,6778,0.841759,0.957399,0.0,20.0,6.0,linear
21,215251,4736,4736,0.869224,0.967552,0.0,20.0,6.0,linear
22,207011,3320,3320,0.896289,0.975024,0.0,20.0,6.0,linear
23,200273,2471,2471,0.918451,0.980757,0.0,20.0,6.0,linear
24,195313,1831,1831,0.937112,0.98554,0.0,20.0,6.0,linear
25,191404,1336,1336,0.951849,0.989671,0.0,20.0,6.0,linear
26,188647,910,910,0.964191,0.992938,0.0,20.0,6.0,linear
27,186322,587,587,0.974191,0.995455,0.0,20.0,6.0,linear
28,185052,384,384,0.982098,0.997166,0.0,20.0,6.0,linear
29,183652,224,224,0.987866,0.9984,0.0,20.0,6.0,linear
30,182568,137,137,0.991905,0.998969,0.0,20.0,6.0,linear
31,181637,73,73,0.994907,0.9995,0.0,20.0,6.0,linear
32,180740,39,39,0.996975,0.999724,0.0,20.0,6.0,linear
33,180860,22,22,0.998282,0.999851,0.0,20.0,6.0,linear
34,180588,8,8,0.999037,0.999956,0.0,20.0,6.0,linear
35,180498,3,3,0.999529,0.999983,0.0,20.0,6.0,linear
36,180438,1,1,0.999831,0.999994,0.0,20.0,6.0,linear
37,180265,0,0,0.999939,1.0,0.0,20.0,6.0,linear

