generation,size,female_size,fertile_female_size,rate_dr,rate_has_drive,drive_efficiency,drop_ratio,low_density_growth_rate,density_growth_curve
1,78022,49299,49299,0.0,0.0,0.0,20.0,5.0,linear
2,78106,49339,49339,0.0,0.0,0.0,20.0,5.0,linear
3,79683,50242,50242,0.0,0.0,0.0,20.0,5.0,linear
4,80123,50649,50649,0.0,0.0,0.0,20.0,5.0,linear
5,79620,50659,50659,0.0,0.0,0.0,20.0,5.0,linear
6,78033,50144,50144,0.0,0.0,0.0,20.0,5.0,linear
7,77454,49828,49828,0.0,0.0,0.0,20.0,5.0,linear
8,77251,49513,49513,0.0,0.0,0.0,20.0,5.0,linear
9,77975,49554,49554,0.0,0.0,0.0,20.0,5.0,linear
10,79319,50223,50223,0.0,0.0,0.0,20.0,5.0,linear
11,79336,50308,50308,0.0,0.0,0.0,20.0,5.0,linear
12,198504,50162,50162,0.546074,0.56296,0.0,20.0,5.0,linear
13,254294,46118,46118,0.669388,0.700991,0.0,20.0,5.0,linear
14,248368,39577,39577,0.696045,0.753007,0.0,20.0,5.0,linear
15,244614,32838,32838,0.721834,0.804845,0.0,20.0,5.0,linear
16,241160,25906,25906,0.746961,0.85188,0.0,20.0,5.0,linear
17,236551,19011,19011,0.773882,0.894256,0.0,20.0,5.0,linear
18,231605,13059,13059,0.80223,0.925627,0.0,20.0,5.0,linear
19,225318,9045,9045,0.830986,0.946731,0.0,20.0,5.0,linear
20,217322,6179,6179,0.859488,0.961361,0.0,20.0,5.0,linear
21,208620,4108,4108,0.888892,0.972117,0.0,20.0,5.0,linear
22,201298,2777,2777,0.915124,0.980384,0.0,20.0,5.0,linear
23,195591,1887,1887,0.937519,0.986424,0.0,20.0,5.0,linear
24,191501,1299,1299,0.954408,0.990508,0.0,20.0,5.0,linear
25,188066,864,864,0.967442,0.993615,0.0,20.0,5.0,linear
26,185515,548,548,0.977748,0.995756,0.0,20.0,5.0,linear
27,184045,370,370,0.984572,0.997237,0.0,20.0,5.0,linear
28,182810,226,226,0.989584,0.998336,0.0,20.0,5.0,linear
29,181832,136,136,0.993474,0.999013,0.0,20.0,5.0,linear
30,181495,82,82,0.995647,0.99945,0.0,20.0,5.0,linear
31,181407,52,52,0.997278,0.999681,0.0,20.0,5.0,linear
32,180990,21,21,0.998429,0.999868,0.0,20.0,5.0,linear
33,181026,8,8,0.999169,0.999956,0.0,20.0,5.0,linear
34,180490,1,1,0.999576,0.999994,0.0,20.0,5.0,linear
35,181015,0,0,0.999834,1.0,0.0,20.0,5.0,linear

