generation,size,female_size,fertile_female_size,rate_dr,rate_has_drive,drive_efficiency,drop_ratio,low_density_growth_rate,density_growth_curve
1,78749,49645,49645,0.0,0.0,0.0,16.0,6.0,linear
2,78886,49746,49746,0.0,0.0,0.0,16.0,6.0,linear
3,79650,50118,50118,0.0,0.0,0.0,16.0,6.0,linear
4,79047,49976,49976,0.0,0.0,0.0,16.0,6.0,linear
5,77915,49447,49447,0.0,0.0,0.0,16.0,6.0,linear
6,78035,49642,49642,0.0,0.0,0.0,16.0,6.0,linear
7,79213,50342,50342,0.0,0.0,0.0,16.0,6.0,linear
8,79605,50616,50616,0.0,0.0,0.0,16.0,6.0,linear
9,77860,49827,49827,0.0,0.0,0.0,16.0,6.0,linear
10,77594,49634,49634,0.0,0.0,0.0,16.0,6.0,linear
11,78375,49852,49852,0.0,0.0,0.0,16.0,6.0,linear
12,175221,49972,49972,0.49112,0.510557,0.0,16.0,6.0,linear
13,219357,46203,46203,0.618442,0.655011,0.0,16.0,6.0,linear
14,213335,39968,39968,0.648691,0.714913,0.0,16.0,6.0,linear
15,209502,33248,33248,0.674053,0.771926,0.0,16.0,6.0,linear
16,208057,26818,26818,0.69894,0.824198,0.0,16.0,6.0,linear
17,205551,20320,20320,0.724886,0.870828,0.0,16.0,6.0,linear
18,202113,14591,14591,0.752362,0.904875,0.0,16.0,6.0,linear
19,196135,10506,10506,0.778489,0.927867,0.0,16.0,6.0,linear
20,189520,7850,7850,0.805403,0.942297,0.0,16.0,6.0,linear
21,181099,5702,5702,0.832595,0.953272,0.0,16.0,6.0,linear
22,174004,4197,4197,0.860209,0.963076,0.0,16.0,6.0,linear
23,167738,3191,3191,0.885629,0.970699,0.0,16.0,6.0,linear
24,162100,2488,2488,0.906847,0.976952,0.0,16.0,6.0,linear
25,158491,1789,1789,0.925911,0.983467,0.0,16.0,6.0,linear
26,155593,1241,1241,0.942401,0.987923,0.0,16.0,6.0,linear
27,152675,847,847,0.956787,0.991644,0.0,16.0,6.0,linear
28,149987,591,591,0.968987,0.994417,0.0,16.0,6.0,linear
29,148887,386,386,0.978136,0.996342,0.0,16.0,6.0,linear
30,147093,254,254,0.985619,0.997659,0.0,16.0,6.0,linear
31,146106,159,159,0.990077,0.998509,0.0,16.0,6.0,linear
32,145173,94,94,0.993621,0.999108,0.0,16.0,6.0,linear
33,144714,51,51,0.995871,0.999497,0.0,16.0,6.0,linear
34,145220,40,40,0.997376,0.999636,0.0,16.0,6.0,linear
35,144689,23,23,0.998408,0.9998,0.0,16.0,6.0,linear
36,144016,16,16,0.99899,0.999882,0.0,16.0,6.0,linear
37,144343,10,10,0.999342,0.999931,0.0,16.0,6.0,linear
38,144350,2,2,0.999543,0.999986,0.0,16.0,6.0,linear
39,144886,1,1,0.999772,0.999993,0.0,16.0,6.0,linear
40,144684,0,0,0.999855,1.0,0.0,16.0,6.0,linear

