generation,size,female_size,fertile_female_size,rate_dr,rate_has_drive,drive_efficiency,drop_ratio,low_density_growth_rate,density_growth_curve
1,78174,49108,49108,0.0,0.0,0.0,16.0,7.0,linear
2,78446,49357,49357,0.0,0.0,0.0,16.0,7.0,linear
3,80000,50407,50407,0.0,0.0,0.0,16.0,7.0,linear
4,81101,51319,51319,0.0,0.0,0.0,16.0,7.0,linear
5,78549,50194,50194,0.0,0.0,0.0,16.0,7.0,linear
6,77490,49555,49555,0.0,0.0,0.0,16.0,7.0,linear
7,78745,50080,50080,0.0,0.0,0.0,16.0,7.0,linear
8,79407,50288,50288,0.0,0.0,0.0,16.0,7.0,linear
9,79339,50207,50207,0.0,0.0,0.0,16.0,7.0,linear
10,77482,49431,49431,0.0,0.0,0.0,16.0,7.0,linear
11,77216,49351,49351,0.0,0.0,0.0,16.0,7.0,linear
12,176681,50862,50862,0.488376,0.50707,0.0,16.0,7.0,linear
13,220728,46627,46627,0.620061,0.655405,0.0,16.0,7.0,linear
14,212130,39355,39355,0.648094,0.715825,0.0,16.0,7.0,linear
15,209405,33242,33242,0.670023,0.772937,0.0,16.0,7.0,linear
16,210458,27250,27250,0.691638,0.823433,0.0,16.0,7.0,linear
17,210009,21027,21027,0.713671,0.867484,0.0,16.0,7.0,linear
18,205826,15179,15179,0.737296,0.900472,0.0,16.0,7.0,linear
19,201251,11523,11523,0.762887,0.921565,0.0,16.0,7.0,linear
20,194403,8658,8658,0.786117,0.935512,0.0,16.0,7.0,linear
21,186920,6645,6645,0.810303,0.946024,0.0,16.0,7.0,linear
22,179487,5151,5151,0.835363,0.955039,0.0,16.0,7.0,linear
23,174164,4136,4136,0.858253,0.962857,0.0,16.0,7.0,linear
24,168310,3281,3281,0.880264,0.970075,0.0,16.0,7.0,linear
25,163704,2535,2535,0.899269,0.976404,0.0,16.0,7.0,linear
26,160238,1953,1953,0.91692,0.981537,0.0,16.0,7.0,linear
27,156961,1426,1426,0.933495,0.986325,0.0,16.0,7.0,linear
28,153972,1005,1005,0.947732,0.990229,0.0,16.0,7.0,linear
29,151909,682,682,0.961663,0.993709,0.0,16.0,7.0,linear
30,149881,472,472,0.971558,0.995736,0.0,16.0,7.0,linear
31,148244,306,306,0.980019,0.997201,0.0,16.0,7.0,linear
32,147190,178,178,0.986505,0.998328,0.0,16.0,7.0,linear
33,146128,98,98,0.990819,0.999013,0.0,16.0,7.0,linear
34,145824,62,62,0.994559,0.999487,0.0,16.0,7.0,linear
35,145286,34,34,0.996763,0.999711,0.0,16.0,7.0,linear
36,144946,20,20,0.998043,0.999842,0.0,16.0,7.0,linear
37,144570,8,8,0.998908,0.999945,0.0,16.0,7.0,linear
38,144346,4,4,0.999384,0.999972,0.0,16.0,7.0,linear
39,144697,0,0,0.999717,1.0,0.0,16.0,7.0,linear

