generation,size,female_size,fertile_female_size,rate_dr,rate_has_drive,drive_efficiency,drop_ratio,low_density_growth_rate,density_growth_curve
1,78556,49368,49368,0.0,0.0,0.0,11.0,5.0,linear
2,78391,49182,49182,0.0,0.0,0.0,11.0,5.0,linear
3,79733,50190,50190,0.0,0.0,0.0,11.0,5.0,linear
4,79947,50474,50474,0.0,0.0,0.0,11.0,5.0,linear
5,78958,50096,50096,0.0,0.0,0.0,11.0,5.0,linear
6,77919,49717,49717,0.0,0.0,0.0,11.0,5.0,linear
7,78334,49844,49844,0.0,0.0,0.0,11.0,5.0,linear
8,78888,50119,50119,0.0,0.0,0.0,11.0,5.0,linear
9,78068,49714,49714,0.0,0.0,0.0,11.0,5.0,linear
10,78047,49760,49760,0.0,0.0,0.0,11.0,5.0,linear
11,78294,49743,49743,0.0,0.0,0.0,11.0,5.0,linear
12,145565,50521,50521,0.400001,0.420524,0.0,11.0,5.0,linear
13,174659,46866,46866,0.530916,0.571496,0.0,11.0,5.0,linear
14,167786,40324,40324,0.566947,0.640803,0.0,11.0,5.0,linear
15,163823,34280,34280,0.598889,0.70667,0.0,11.0,5.0,linear
16,161522,28081,28081,0.629936,0.76837,0.0,11.0,5.0,linear
17,158938,21652,21652,0.66156,0.82169,0.0,11.0,5.0,linear
18,154130,16034,16034,0.693186,0.862091,0.0,11.0,5.0,linear
19,148189,12028,12028,0.721153,0.888523,0.0,11.0,5.0,linear
20,141629,9149,9149,0.751462,0.90826,0.0,11.0,5.0,linear
21,134771,6971,6971,0.781179,0.924193,0.0,11.0,5.0,linear
22,128303,5341,5341,0.811327,0.937904,0.0,11.0,5.0,linear
23,122935,4103,4103,0.839738,0.949136,0.0,11.0,5.0,linear
24,117948,3216,3216,0.865614,0.959355,0.0,11.0,5.0,linear
25,114065,2445,2445,0.888272,0.968868,0.0,11.0,5.0,linear
26,111237,1798,1798,0.910231,0.976514,0.0,11.0,5.0,linear
27,108695,1293,1293,0.928922,0.983282,0.0,11.0,5.0,linear
28,106186,869,869,0.945804,0.988214,0.0,11.0,5.0,linear
29,104370,561,561,0.961584,0.992627,0.0,11.0,5.0,linear
30,102869,346,346,0.973687,0.995556,0.0,11.0,5.0,linear
31,101106,198,198,0.982891,0.997413,0.0,11.0,5.0,linear
32,100549,121,121,0.989167,0.998477,0.0,11.0,5.0,linear
33,100140,66,66,0.993244,0.999234,0.0,11.0,5.0,linear
34,100254,36,36,0.996083,0.999562,0.0,11.0,5.0,linear
35,99354,16,16,0.997833,0.999809,0.0,11.0,5.0,linear
36,99512,8,8,0.998895,0.99992,0.0,11.0,5.0,linear
37,99605,5,5,0.999393,0.99995,0.0,11.0,5.0,linear
38,99500,2,2,0.999739,0.99998,0.0,11.0,5.0,linear
39,99315,0,0,0.999854,1.0,0.0,11.0,5.0,linear

