generation,size,female_size,fertile_female_size,rate_dr,rate_has_drive,drive_efficiency,drop_ratio,low_density_growth_rate,density_growth_curve
1,77705,48939,48939,0.0,0.0,0.0,20.0,8.0,linear
2,77968,49007,49007,0.0,0.0,0.0,20.0,8.0,linear
3,81621,51032,51032,0.0,0.0,0.0,20.0,8.0,linear
4,80629,50898,50898,0.0,0.0,0.0,20.0,8.0,linear
5,75740,48929,48929,0.0,0.0,0.0,20.0,8.0,linear
6,76526,49378,49378,0.0,0.0,0.0,20.0,8.0,linear
7,79773,50653,50653,0.0,0.0,0.0,20.0,8.0,linear
8,80566,50985,50985,0.0,0.0,0.0,20.0,8.0,linear
9,76767,49130,49130,0.0,0.0,0.0,20.0,8.0,linear
10,76872,49221,49221,0.0,0.0,0.0,20.0,8.0,linear
11,80726,50933,50933,0.0,0.0,0.0,20.0,8.0,linear
12,200472,50615,50615,0.548976,0.565821,0.0,20.0,8.0,linear
13,253624,45436,45436,0.672055,0.705608,0.0,20.0,8.0,linear
14,247690,39008,39008,0.69214,0.756068,0.0,20.0,8.0,linear
15,247477,33407,33407,0.708214,0.803307,0.0,20.0,8.0,linear
16,249144,27318,27318,0.725278,0.847804,0.0,20.0,8.0,linear
17,248101,20844,20844,0.744891,0.888844,0.0,20.0,8.0,linear
18,245692,15078,15078,0.765145,0.917803,0.0,20.0,8.0,linear
19,242157,11423,11423,0.785863,0.936359,0.0,20.0,8.0,linear
20,234889,8451,8451,0.807887,0.948722,0.0,20.0,8.0,linear
21,227148,6322,6322,0.8307,0.95724,0.0,20.0,8.0,linear
22,219283,4967,4967,0.855134,0.964452,0.0,20.0,8.0,linear
23,212196,3914,3914,0.876076,0.970304,0.0,20.0,8.0,linear
24,205707,3206,3206,0.896181,0.975616,0.0,20.0,8.0,linear
25,200410,2497,2497,0.911598,0.980599,0.0,20.0,8.0,linear
26,197095,1953,1953,0.926066,0.985084,0.0,20.0,8.0,linear
27,194371,1422,1422,0.940223,0.989,0.0,20.0,8.0,linear
28,191315,979,979,0.953193,0.992197,0.0,20.0,8.0,linear
29,188524,672,672,0.964437,0.99479,0.0,20.0,8.0,linear
30,186297,435,435,0.974478,0.996603,0.0,20.0,8.0,linear
31,184848,291,291,0.981607,0.997823,0.0,20.0,8.0,linear
32,183392,184,184,0.987596,0.998619,0.0,20.0,8.0,linear
33,181801,116,116,0.992001,0.999168,0.0,20.0,8.0,linear
34,181193,73,73,0.995269,0.999515,0.0,20.0,8.0,linear
35,180910,39,39,0.997174,0.999741,0.0,20.0,8.0,linear
36,180606,14,14,0.998263,0.999923,0.0,20.0,8.0,linear
37,180807,8,8,0.99914,0.999956,0.0,20.0,8.0,linear
38,180526,4,4,0.99949,0.999978,0.0,20.0,8.0,linear
39,180473,1,1,0.99974,0.999994,0.0,20.0,8.0,linear
40,180592,0,0,0.999898,1.0,0.0,20.0,8.0,linear

