generation,size,female_size,fertile_female_size,rate_dr,rate_has_drive,drive_efficiency,drop_ratio,low_density_growth_rate,density_growth_curve
1,77940,49002,49002,0.0,0.0,0.0,9.0,6.0,linear
2,77850,48878,48878,0.0,0.0,0.0,9.0,6.0,linear
3,79798,50152,50152,0.0,0.0,0.0,9.0,6.0,linear
4,80835,50877,50877,0.0,0.0,0.0,9.0,6.0,linear
5,79270,50295,50295,0.0,0.0,0.0,9.0,6.0,linear
6,77889,49759,49759,0.0,0.0,0.0,9.0,6.0,linear
7,77964,49727,49727,0.0,0.0,0.0,9.0,6.0,linear
8,78803,49873,49873,0.0,0.0,0.0,9.0,6.0,linear
9,79227,49967,49967,0.0,0.0,0.0,9.0,6.0,linear
10,79147,50099,50099,0.0,0.0,0.0,9.0,6.0,linear
11,78800,50103,50103,0.0,0.0,0.0,9.0,6.0,linear
12,133426,50289,50289,0.357348,0.377655,0.0,9.0,6.0,linear
13,155955,46395,46395,0.485272,0.528356,0.0,9.0,6.0,linear
14,148888,40327,40327,0.518003,0.598451,0.0,9.0,6.0,linear
15,147463,34890,34890,0.549514,0.667781,0.0,9.0,6.0,linear
16,147014,29276,29276,0.579412,0.730758,0.0,9.0,6.0,linear
17,145756,23783,23783,0.606779,0.784461,0.0,9.0,6.0,linear
18,142412,18614,18614,0.632512,0.825721,0.0,9.0,6.0,linear
19,138997,14742,14742,0.65585,0.853508,0.0,9.0,6.0,linear
20,134061,12144,12144,0.678088,0.870306,0.0,9.0,6.0,linear
21,127978,10019,10019,0.699287,0.8839,0.0,9.0,6.0,linear
22,121942,8327,8327,0.722473,0.896824,0.0,9.0,6.0,linear
23,116833,6994,6994,0.742811,0.906535,0.0,9.0,6.0,linear
24,112587,6037,6037,0.765644,0.916986,0.0,9.0,6.0,linear
25,108151,5071,5071,0.785087,0.926563,0.0,9.0,6.0,linear
26,105194,4283,4283,0.807907,0.937735,0.0,9.0,6.0,linear
27,101452,3459,3459,0.829321,0.947316,0.0,9.0,6.0,linear
28,98375,2794,2794,0.851003,0.956574,0.0,9.0,6.0,linear
29,95150,2203,2203,0.871551,0.965486,0.0,9.0,6.0,linear
30,92925,1692,1692,0.891554,0.973505,0.0,9.0,6.0,linear
31,91070,1252,1252,0.909733,0.979768,0.0,9.0,6.0,linear
32,88898,895,895,0.927895,0.985158,0.0,9.0,6.0,linear
33,87040,628,628,0.945209,0.989344,0.0,9.0,6.0,linear
34,85289,433,433,0.958921,0.992531,0.0,9.0,6.0,linear
35,84328,286,286,0.971417,0.995181,0.0,9.0,6.0,linear
36,83507,186,186,0.978999,0.996975,0.0,9.0,6.0,linear
37,82723,105,105,0.985997,0.998164,0.0,9.0,6.0,linear
38,82530,60,60,0.99105,0.998987,0.0,9.0,6.0,linear
39,81980,41,41,0.994439,0.999319,0.0,9.0,6.0,linear
40,81513,17,17,0.99684,0.999731,0.0,9.0,6.0,linear
41,81285,10,10,0.998199,0.999852,0.0,9.0,6.0,linear
42,81528,3,3,0.998909,0.999951,0.0,9.0,6.0,linear
43,81573,1,1,0.999387,0.999988,0.0,9.0,6.0,linear
44,81231,0,0,0.999729,1.0,0.0,9.0,6.0,linear

