generation,size,female_size,fertile_female_size,rate_dr,rate_has_drive,drive_efficiency,drop_ratio,low_density_growth_rate,density_growth_curve
1,77920,48754,48754,0.0,0.0,0.0,8.0,5.0,linear
2,78004,49000,49000,0.0,0.0,0.0,8.0,5.0,linear
3,79859,50410,50410,0.0,0.0,0.0,8.0,5.0,linear
4,80004,50654,50654,0.0,0.0,0.0,8.0,5.0,linear
5,78972,50409,50409,0.0,0.0,0.0,8.0,5.0,linear
6,77871,50005,50005,0.0,0.0,0.0,8.0,5.0,linear
7,77591,49682,49682,0.0,0.0,0.0,8.0,5.0,linear
8,78273,49862,49862,0.0,0.0,0.0,8.0,5.0,linear
9,78383,49765,49765,0.0,0.0,0.0,8.0,5.0,linear
10,78509,50011,50011,0.0,0.0,0.0,8.0,5.0,linear
11,78726,50235,50235,0.0,0.0,0.0,8.0,5.0,linear
12,126903,50218,50218,0.331846,0.35292,0.0,8.0,5.0,linear
13,147024,46594,46594,0.456307,0.500734,0.0,8.0,5.0,linear
14,141031,40770,40770,0.493508,0.573506,0.0,8.0,5.0,linear
15,137924,35007,35007,0.529348,0.646276,0.0,8.0,5.0,linear
16,136063,29211,29211,0.563902,0.713498,0.0,8.0,5.0,linear
17,132929,23309,23309,0.595147,0.771011,0.0,8.0,5.0,linear
18,129014,18110,18110,0.62551,0.815642,0.0,8.0,5.0,linear
19,124344,14123,14123,0.653417,0.847088,0.0,8.0,5.0,linear
20,118808,11166,11166,0.678469,0.866725,0.0,8.0,5.0,linear
21,112968,9062,9062,0.704384,0.882655,0.0,8.0,5.0,linear
22,107046,7389,7389,0.73135,0.896338,0.0,8.0,5.0,linear
23,101324,6077,6077,0.757738,0.909353,0.0,8.0,5.0,linear
24,96973,5021,5021,0.783416,0.921992,0.0,8.0,5.0,linear
25,93602,4023,4023,0.81024,0.934761,0.0,8.0,5.0,linear
26,90037,3267,3267,0.833889,0.945282,0.0,8.0,5.0,linear
27,86376,2533,2533,0.857838,0.955001,0.0,8.0,5.0,linear
28,83728,1928,1928,0.882093,0.96515,0.0,8.0,5.0,linear
29,81064,1469,1469,0.901853,0.973095,0.0,8.0,5.0,linear
30,79521,1083,1083,0.921529,0.980349,0.0,8.0,5.0,linear
31,77753,736,736,0.940003,0.986776,0.0,8.0,5.0,linear
32,76043,501,501,0.95494,0.991113,0.0,8.0,5.0,linear
33,75005,296,296,0.967877,0.994678,0.0,8.0,5.0,linear
34,74432,193,193,0.978112,0.996601,0.0,8.0,5.0,linear
35,73535,103,103,0.985912,0.997948,0.0,8.0,5.0,linear
36,72998,64,64,0.991526,0.998649,0.0,8.0,5.0,linear
37,72914,41,41,0.995183,0.999261,0.0,8.0,5.0,linear
38,72377,26,26,0.996815,0.999545,0.0,8.0,5.0,linear
39,72245,14,14,0.998299,0.999765,0.0,8.0,5.0,linear
40,72484,10,10,0.998718,0.999848,0.0,8.0,5.0,linear
41,72320,4,4,0.999171,0.999945,0.0,8.0,5.0,linear
42,72083,1,1,0.999556,0.999986,0.0,8.0,5.0,linear
43,72099,0,0,0.999785,1.0,0.0,8.0,5.0,linear

