generation,size,female_size,fertile_female_size,rate_dr,rate_has_drive,drive_efficiency,drop_ratio,low_density_growth_rate,density_growth_curve
1,78511,49455,49455,0.0,0.0,0.0,16.0,5.0,linear
2,78367,49355,49355,0.0,0.0,0.0,16.0,5.0,linear
3,79302,50003,50003,0.0,0.0,0.0,16.0,5.0,linear
4,78891,50004,50004,0.0,0.0,0.0,16.0,5.0,linear
5,77817,49631,49631,0.0,0.0,0.0,16.0,5.0,linear
6,78647,49890,49890,0.0,0.0,0.0,16.0,5.0,linear
7,78775,50012,50012,0.0,0.0,0.0,16.0,5.0,linear
8,79134,50128,50128,0.0,0.0,0.0,16.0,5.0,linear
9,77615,49271,49271,0.0,0.0,0.0,16.0,5.0,linear
10,77684,49326,49326,0.0,0.0,0.0,16.0,5.0,linear
11,79078,50231,50231,0.0,0.0,0.0,16.0,5.0,linear
12,175626,50224,50224,0.491226,0.509836,0.0,16.0,5.0,linear
13,219378,46378,46378,0.618814,0.655136,0.0,16.0,5.0,linear
14,212288,39722,39722,0.650422,0.714891,0.0,16.0,5.0,linear
15,208273,33150,33150,0.679937,0.774241,0.0,16.0,5.0,linear
16,205316,26213,26213,0.708427,0.82692,0.0,16.0,5.0,linear
17,201870,19629,19629,0.7368,0.873157,0.0,16.0,5.0,linear
18,196766,13678,13678,0.766645,0.907777,0.0,16.0,5.0,linear
19,190717,9755,9755,0.796658,0.930381,0.0,16.0,5.0,linear
20,182948,6973,6973,0.825763,0.946316,0.0,16.0,5.0,linear
21,175127,5042,5042,0.855249,0.958167,0.0,16.0,5.0,linear
22,168154,3595,3595,0.883219,0.967334,0.0,16.0,5.0,linear
23,162679,2672,2672,0.907972,0.974948,0.0,16.0,5.0,linear
24,158300,1983,1983,0.928367,0.98162,0.0,16.0,5.0,linear
25,154607,1348,1348,0.944243,0.9875,0.0,16.0,5.0,linear
26,151772,909,909,0.959166,0.991736,0.0,16.0,5.0,linear
27,149465,581,581,0.971479,0.994766,0.0,16.0,5.0,linear
28,148041,380,380,0.980698,0.996738,0.0,16.0,5.0,linear
29,146904,228,228,0.987151,0.997973,0.0,16.0,5.0,linear
30,146149,129,129,0.991826,0.998774,0.0,16.0,5.0,linear
31,145359,71,71,0.995109,0.999341,0.0,16.0,5.0,linear
32,145143,40,40,0.996942,0.999649,0.0,16.0,5.0,linear
33,144903,22,22,0.998342,0.999828,0.0,16.0,5.0,linear
34,144464,9,9,0.999087,0.999938,0.0,16.0,5.0,linear
35,144553,3,3,0.999447,0.999979,0.0,16.0,5.0,linear
36,144497,1,1,0.999751,0.999993,0.0,16.0,5.0,linear
37,144412,0,0,0.999907,1.0,0.0,16.0,5.0,linear

