generation,size,female_size,fertile_female_size,rate_dr,rate_has_drive,drive_efficiency,drop_ratio,low_density_growth_rate,density_growth_curve
1,78465,49427,49427,0.0,0.0,0.0,20.0,7.0,linear
2,78284,49306,49306,0.0,0.0,0.0,20.0,7.0,linear
3,79234,49970,49970,0.0,0.0,0.0,20.0,7.0,linear
4,80235,50464,50464,0.0,0.0,0.0,20.0,7.0,linear
5,78443,49745,49745,0.0,0.0,0.0,20.0,7.0,linear
6,78819,50154,50154,0.0,0.0,0.0,20.0,7.0,linear
7,79379,50483,50483,0.0,0.0,0.0,20.0,7.0,linear
8,79495,50521,50521,0.0,0.0,0.0,20.0,7.0,linear
9,77999,49728,49728,0.0,0.0,0.0,20.0,7.0,linear
10,77182,49467,49467,0.0,0.0,0.0,20.0,7.0,linear
11,77912,49816,49816,0.0,0.0,0.0,20.0,7.0,linear
12,199856,50588,50588,0.546425,0.563486,0.0,20.0,7.0,linear
13,254302,45930,45930,0.670864,0.702479,0.0,20.0,7.0,linear
14,246998,38915,38915,0.693498,0.755794,0.0,20.0,7.0,linear
15,247280,32908,32908,0.713212,0.805448,0.0,20.0,7.0,linear
16,247115,26694,26694,0.731613,0.850299,0.0,20.0,7.0,linear
17,245933,20382,20382,0.752169,0.889973,0.0,20.0,7.0,linear
18,241456,14288,14288,0.775711,0.920804,0.0,20.0,7.0,linear
19,236460,10477,10477,0.80001,0.940097,0.0,20.0,7.0,linear
20,228924,7667,7667,0.823861,0.952478,0.0,20.0,7.0,linear
21,220487,5462,5462,0.849089,0.962732,0.0,20.0,7.0,linear
22,212329,3998,3998,0.873994,0.969999,0.0,20.0,7.0,linear
23,205649,3071,3071,0.897486,0.976306,0.0,20.0,7.0,linear
24,200188,2386,2386,0.917612,0.981522,0.0,20.0,7.0,linear
25,195338,1767,1767,0.934039,0.986275,0.0,20.0,7.0,linear
26,192123,1307,1307,0.947544,0.989741,0.0,20.0,7.0,linear
27,189456,929,929,0.959422,0.992846,0.0,20.0,7.0,linear
28,187615,617,617,0.969297,0.995252,0.0,20.0,7.0,linear
29,185811,403,403,0.978253,0.996833,0.0,20.0,7.0,linear
30,183746,257,257,0.984923,0.998058,0.0,20.0,7.0,linear
31,182419,152,152,0.989805,0.998872,0.0,20.0,7.0,linear
32,182234,84,84,0.993913,0.999409,0.0,20.0,7.0,linear
33,181059,46,46,0.996465,0.999713,0.0,20.0,7.0,linear
34,180893,27,27,0.997926,0.999829,0.0,20.0,7.0,linear
35,180775,8,8,0.998983,0.999945,0.0,20.0,7.0,linear
36,180612,2,2,0.999435,0.999983,0.0,20.0,7.0,linear
37,180836,1,1,0.999762,0.999994,0.0,20.0,7.0,linear
38,180542,0,0,0.999909,1.0,0.0,20.0,7.0,linear

