generation,size,female_size,fertile_female_size,rate_dr,rate_has_drive,drive_efficiency,drop_ratio,low_density_growth_rate,density_growth_curve
1,78219,49045,49045,0.0,0.0,0.0,15.0,7.0,linear
2,78163,49123,49123,0.0,0.0,0.0,15.0,7.0,linear
3,80720,50596,50596,0.0,0.0,0.0,15.0,7.0,linear
4,80144,50765,50765,0.0,0.0,0.0,15.0,7.0,linear
5,77558,49545,49545,0.0,0.0,0.0,15.0,7.0,linear
6,77572,49618,49618,0.0,0.0,0.0,15.0,7.0,linear
7,77454,49346,49346,0.0,0.0,0.0,15.0,7.0,linear
8,80117,50417,50417,0.0,0.0,0.0,15.0,7.0,linear
9,78966,49960,49960,0.0,0.0,0.0,15.0,7.0,linear
10,77745,49481,49481,0.0,0.0,0.0,15.0,7.0,linear
11,79069,50267,50267,0.0,0.0,0.0,15.0,7.0,linear
12,169763,50209,50209,0.478677,0.497642,0.0,15.0,7.0,linear
13,209867,45849,45849,0.606444,0.643886,0.0,15.0,7.0,linear
14,202936,39468,39468,0.632725,0.703182,0.0,15.0,7.0,linear
15,202559,33787,33787,0.655964,0.761276,0.0,15.0,7.0,linear
16,202700,27865,27865,0.677457,0.811402,0.0,15.0,7.0,linear
17,201111,21632,21632,0.699948,0.857793,0.0,15.0,7.0,linear
18,197993,16058,16058,0.724292,0.892461,0.0,15.0,7.0,linear
19,193990,11988,11988,0.747937,0.915109,0.0,15.0,7.0,linear
20,187788,9312,9312,0.770359,0.929277,0.0,15.0,7.0,linear
21,180213,7129,7129,0.795581,0.940492,0.0,15.0,7.0,linear
22,172350,5530,5530,0.819688,0.949738,0.0,15.0,7.0,linear
23,166543,4432,4432,0.844388,0.957719,0.0,15.0,7.0,linear
24,160971,3654,3654,0.865837,0.963888,0.0,15.0,7.0,linear
25,155823,2927,2927,0.884477,0.970593,0.0,15.0,7.0,linear
26,152728,2252,2252,0.903361,0.977246,0.0,15.0,7.0,linear
27,149818,1735,1735,0.920082,0.982434,0.0,15.0,7.0,linear
28,146616,1258,1258,0.934532,0.987424,0.0,15.0,7.0,linear
29,144428,912,912,0.949494,0.990837,0.0,15.0,7.0,linear
30,141879,666,666,0.961758,0.993443,0.0,15.0,7.0,linear
31,140773,430,430,0.971862,0.995416,0.0,15.0,7.0,linear
32,138995,314,314,0.97987,0.996939,0.0,15.0,7.0,linear
33,137566,182,182,0.985875,0.998278,0.0,15.0,7.0,linear
34,137143,111,111,0.990931,0.999027,0.0,15.0,7.0,linear
35,136801,62,62,0.994193,0.999512,0.0,15.0,7.0,linear
36,136051,40,40,0.996642,0.999692,0.0,15.0,7.0,linear
37,135481,18,18,0.9978,0.99986,0.0,15.0,7.0,linear
38,135527,7,7,0.998721,0.999948,0.0,15.0,7.0,linear
39,135968,2,2,0.999437,0.999985,0.0,15.0,7.0,linear
40,135409,0,0,0.999719,1.0,0.0,15.0,7.0,linear

