generation,size,female_size,fertile_female_size,rate_dr,rate_has_drive,drive_efficiency,drop_ratio,low_density_growth_rate,density_growth_curve
1,78262,49363,49363,0.0,0.0,0.0,4.0,3.0,linear
2,78010,49268,49268,0.0,0.0,0.0,4.0,3.0,linear
3,78739,49546,49546,0.0,0.0,0.0,4.0,3.0,linear
4,79064,50169,50169,0.0,0.0,0.0,4.0,3.0,linear
5,79254,50384,50384,0.0,0.0,0.0,4.0,3.0,linear
6,78916,50205,50205,0.0,0.0,0.0,4.0,3.0,linear
7,78609,50212,50212,0.0,0.0,0.0,4.0,3.0,linear
8,78404,50054,50054,0.0,0.0,0.0,4.0,3.0,linear
9,78175,49947,49947,0.0,0.0,0.0,4.0,3.0,linear
10,78672,50020,50020,0.0,0.0,0.0,4.0,3.0,linear
11,78412,49893,49893,0.0,0.0,0.0,4.0,3.0,linear
12,102642,49991,49991,0.200707,0.219974,0.0,4.0,3.0,linear
13,112127,47425,47425,0.299832,0.345131,0.0,4.0,3.0,linear
14,107605,42866,42866,0.341417,0.419559,0.0,4.0,3.0,linear
15,102597,37266,37266,0.385383,0.498295,0.0,4.0,3.0,linear
16,97612,31605,31605,0.425294,0.568009,0.0,4.0,3.0,linear
17,92400,25995,25995,0.461804,0.629744,0.0,4.0,3.0,linear
18,87118,20802,20802,0.497491,0.68104,0.0,4.0,3.0,linear
19,81374,16699,16699,0.529703,0.720342,0.0,4.0,3.0,linear
20,76187,13570,13570,0.561246,0.752216,0.0,4.0,3.0,linear
21,70687,11112,11112,0.59322,0.780227,0.0,4.0,3.0,linear
22,65322,8895,8895,0.626143,0.806808,0.0,4.0,3.0,linear
23,60598,7081,7081,0.660631,0.831467,0.0,4.0,3.0,linear
24,56305,5716,5716,0.696474,0.853899,0.0,4.0,3.0,linear
25,52452,4474,4474,0.732546,0.878463,0.0,4.0,3.0,linear
26,49525,3534,3534,0.768869,0.900351,0.0,4.0,3.0,linear
27,46945,2675,2675,0.803512,0.921123,0.0,4.0,3.0,linear
28,44617,1978,1978,0.835147,0.937098,0.0,4.0,3.0,linear
29,42796,1401,1401,0.867404,0.954412,0.0,4.0,3.0,linear
30,41219,992,992,0.897628,0.966631,0.0,4.0,3.0,linear
31,39791,668,668,0.923689,0.976743,0.0,4.0,3.0,linear
32,38775,434,434,0.94592,0.984978,0.0,4.0,3.0,linear
33,37924,278,278,0.962702,0.990527,0.0,4.0,3.0,linear
34,37300,184,184,0.974113,0.993816,0.0,4.0,3.0,linear
35,37046,108,108,0.983138,0.996577,0.0,4.0,3.0,linear
36,36601,52,52,0.989939,0.998314,0.0,4.0,3.0,linear
37,36478,36,36,0.993697,0.998852,0.0,4.0,3.0,linear
38,36173,21,21,0.996673,0.99942,0.0,4.0,3.0,linear
39,36214,12,12,0.998028,0.999669,0.0,4.0,3.0,linear
40,36109,3,3,0.998796,0.999917,0.0,4.0,3.0,linear
41,35990,1,1,0.999389,0.999972,0.0,4.0,3.0,linear
42,35963,0,0,0.999666,1.0,0.0,4.0,3.0,linear

