generation,size,female_size,fertile_female_size,rate_dr,rate_has_drive,drive_efficiency,drop_ratio,low_density_growth_rate,density_growth_curve
1,77991,48892,48892,0.0,0.0,0.0,11.0,6.0,linear
2,77870,48936,48936,0.0,0.0,0.0,11.0,6.0,linear
3,79809,50105,50105,0.0,0.0,0.0,11.0,6.0,linear
4,80160,50621,50621,0.0,0.0,0.0,11.0,6.0,linear
5,78930,50213,50213,0.0,0.0,0.0,11.0,6.0,linear
6,77667,49778,49778,0.0,0.0,0.0,11.0,6.0,linear
7,77617,49591,49591,0.0,0.0,0.0,11.0,6.0,linear
8,78904,50202,50202,0.0,0.0,0.0,11.0,6.0,linear
9,79658,50254,50254,0.0,0.0,0.0,11.0,6.0,linear
10,77835,49464,49464,0.0,0.0,0.0,11.0,6.0,linear
11,77453,49304,49304,0.0,0.0,0.0,11.0,6.0,linear
12,145106,50471,50471,0.398977,0.419808,0.0,11.0,6.0,linear
13,175439,47137,47137,0.529489,0.571158,0.0,11.0,6.0,linear
14,168217,40580,40580,0.565056,0.640405,0.0,11.0,6.0,linear
15,164465,34350,34350,0.595409,0.708265,0.0,11.0,6.0,linear
16,164285,28483,28483,0.624848,0.769381,0.0,11.0,6.0,linear
17,162375,22295,22295,0.652308,0.82189,0.0,11.0,6.0,linear
18,158946,16628,16628,0.679989,0.862582,0.0,11.0,6.0,linear
19,153962,12651,12651,0.705039,0.888157,0.0,11.0,6.0,linear
20,148122,9900,9900,0.731246,0.905042,0.0,11.0,6.0,linear
21,140567,7676,7676,0.757317,0.918486,0.0,11.0,6.0,linear
22,133901,6147,6147,0.783466,0.92935,0.0,11.0,6.0,linear
23,128711,5009,5009,0.808895,0.939587,0.0,11.0,6.0,linear
24,123547,4121,4121,0.83202,0.948364,0.0,11.0,6.0,linear
25,120071,3412,3412,0.853616,0.957005,0.0,11.0,6.0,linear
26,116205,2675,2675,0.873773,0.965518,0.0,11.0,6.0,linear
27,113269,1993,1993,0.895028,0.973706,0.0,11.0,6.0,linear
28,110454,1458,1458,0.914839,0.980497,0.0,11.0,6.0,linear
29,107680,1061,1061,0.932349,0.985662,0.0,11.0,6.0,linear
30,105832,729,729,0.947464,0.989934,0.0,11.0,6.0,linear
31,104052,489,489,0.960963,0.993049,0.0,11.0,6.0,linear
32,103142,333,333,0.971955,0.995032,0.0,11.0,6.0,linear
33,102188,236,236,0.980774,0.996658,0.0,11.0,6.0,linear
34,101169,153,153,0.986994,0.997912,0.0,11.0,6.0,linear
35,100595,95,95,0.990929,0.998744,0.0,11.0,6.0,linear
36,100278,57,57,0.993918,0.999324,0.0,11.0,6.0,linear
37,100002,33,33,0.996142,0.999591,0.0,11.0,6.0,linear
38,99713,16,16,0.997816,0.99984,0.0,11.0,6.0,linear
39,99515,5,5,0.998645,0.99995,0.0,11.0,6.0,linear
40,99123,3,3,0.999395,0.99997,0.0,11.0,6.0,linear
41,98983,2,2,0.999677,0.99998,0.0,11.0,6.0,linear
42,98980,0,0,0.999869,1.0,0.0,11.0,6.0,linear

