generation,size,female_size,fertile_female_size,rate_dr,rate_has_drive,drive_efficiency,drop_ratio,low_density_growth_rate,density_growth_curve
1,78472,49128,49128,0.0,0.0,0.0,18.0,2.0,linear
2,78184,49138,49138,0.0,0.0,0.0,18.0,2.0,linear
3,78191,49641,49641,0.0,0.0,0.0,18.0,2.0,linear
4,78411,49884,49884,0.0,0.0,0.0,18.0,2.0,linear
5,78718,50130,50130,0.0,0.0,0.0,18.0,2.0,linear
6,78498,50108,50108,0.0,0.0,0.0,18.0,2.0,linear
7,78980,50383,50383,0.0,0.0,0.0,18.0,2.0,linear
8,78882,50288,50288,0.0,0.0,0.0,18.0,2.0,linear
9,78999,50237,50237,0.0,0.0,0.0,18.0,2.0,linear
10,79035,50277,50277,0.0,0.0,0.0,18.0,2.0,linear
11,78440,49987,49987,0.0,0.0,0.0,18.0,2.0,linear
12,186953,50054,50054,0.52183,0.540131,0.0,18.0,2.0,linear
13,236929,46011,46011,0.646523,0.681475,0.0,18.0,2.0,linear
14,230283,39337,39337,0.682831,0.737601,0.0,18.0,2.0,linear
15,222863,31787,31787,0.723828,0.796186,0.0,18.0,2.0,linear
16,213566,23857,23857,0.765974,0.849527,0.0,18.0,2.0,linear
17,204661,16582,16582,0.808811,0.896094,0.0,18.0,2.0,linear
18,195250,10515,10515,0.850479,0.931305,0.0,18.0,2.0,linear
19,187689,6448,6448,0.888856,0.956288,0.0,18.0,2.0,linear
20,179458,3870,3870,0.920767,0.97267,0.0,18.0,2.0,linear
21,173425,2173,2173,0.946935,0.98358,0.0,18.0,2.0,linear
22,170152,1214,1214,0.967224,0.990754,0.0,18.0,2.0,linear
23,166752,694,694,0.979898,0.994679,0.0,18.0,2.0,linear
24,164776,406,406,0.987762,0.996842,0.0,18.0,2.0,linear
25,163900,216,216,0.993304,0.998283,0.0,18.0,2.0,linear
26,163617,106,106,0.996141,0.999164,0.0,18.0,2.0,linear
27,162953,53,53,0.99808,0.999626,0.0,18.0,2.0,linear
28,162987,22,22,0.999068,0.999853,0.0,18.0,2.0,linear
29,161801,7,7,0.999521,0.999957,0.0,18.0,2.0,linear
30,162111,0,0,0.999824,1.0,0.0,18.0,2.0,linear

