generation,size,female_size,fertile_female_size,rate_dr,rate_has_drive,drive_efficiency,drop_ratio,low_density_growth_rate,density_growth_curve
1,78097,49250,49250,0.0,0.0,0.0,3.0,2.0,linear
2,78342,49227,49227,0.0,0.0,0.0,3.0,2.0,linear
3,78032,49546,49546,0.0,0.0,0.0,3.0,2.0,linear
4,78068,49555,49555,0.0,0.0,0.0,3.0,2.0,linear
5,78332,49911,49911,0.0,0.0,0.0,3.0,2.0,linear
6,78752,49980,49980,0.0,0.0,0.0,3.0,2.0,linear
7,78541,49913,49913,0.0,0.0,0.0,3.0,2.0,linear
8,78576,49867,49867,0.0,0.0,0.0,3.0,2.0,linear
9,78454,49544,49544,0.0,0.0,0.0,3.0,2.0,linear
10,78800,49942,49942,0.0,0.0,0.0,3.0,2.0,linear
11,78506,49930,49930,0.0,0.0,0.0,3.0,2.0,linear
12,96601,50061,50061,0.160947,0.178205,0.0,3.0,2.0,linear
13,103491,47882,47882,0.248547,0.291889,0.0,3.0,2.0,linear
14,99370,43837,43837,0.284685,0.358173,0.0,3.0,2.0,linear
15,93997,38367,38367,0.324515,0.427948,0.0,3.0,2.0,linear
16,87896,32754,32754,0.367689,0.498536,0.0,3.0,2.0,linear
17,81304,26990,26990,0.408035,0.559586,0.0,3.0,2.0,linear
18,74558,21612,21612,0.448144,0.614195,0.0,3.0,2.0,linear
19,67759,17344,17344,0.484206,0.657412,0.0,3.0,2.0,linear
20,61551,13779,13779,0.522805,0.698186,0.0,3.0,2.0,linear
21,56010,10833,10833,0.563014,0.73576,0.0,3.0,2.0,linear
22,50951,8570,8570,0.604555,0.768099,0.0,3.0,2.0,linear
23,46473,6589,6589,0.648689,0.803755,0.0,3.0,2.0,linear
24,42399,5105,5105,0.692596,0.834435,0.0,3.0,2.0,linear
25,38813,3699,3699,0.738583,0.866658,0.0,3.0,2.0,linear
26,36105,2688,2688,0.785305,0.896423,0.0,3.0,2.0,linear
27,33763,1903,1903,0.827001,0.919492,0.0,3.0,2.0,linear
28,32367,1331,1331,0.866121,0.942348,0.0,3.0,2.0,linear
29,30727,898,898,0.901082,0.959338,0.0,3.0,2.0,linear
30,29632,581,581,0.930047,0.973549,0.0,3.0,2.0,linear
31,28728,342,342,0.952632,0.98341,0.0,3.0,2.0,linear
32,28172,211,211,0.970532,0.990393,0.0,3.0,2.0,linear
33,27755,130,130,0.981155,0.99432,0.0,3.0,2.0,linear
34,27477,70,70,0.988005,0.996852,0.0,3.0,2.0,linear
35,27316,37,37,0.993353,0.998283,0.0,3.0,2.0,linear
36,27195,17,17,0.996072,0.999119,0.0,3.0,2.0,linear
37,27198,8,8,0.998144,0.999485,0.0,3.0,2.0,linear
38,27302,3,3,0.999231,0.999854,0.0,3.0,2.0,linear
39,27242,1,1,0.999688,0.999963,0.0,3.0,2.0,linear
40,26966,0,0,0.999796,1.0,0.0,3.0,2.0,linear

