generation,size,female_size,fertile_female_size,rate_dr,rate_has_drive,drive_efficiency,drop_ratio,low_density_growth_rate,density_growth_curve
1,78174,49202,49202,0.0,0.0,0.0,7.0,2.0,linear
2,78216,49120,49120,0.0,0.0,0.0,7.0,2.0,linear
3,78088,49386,49386,0.0,0.0,0.0,7.0,2.0,linear
4,78259,49567,49567,0.0,0.0,0.0,7.0,2.0,linear
5,78381,49657,49657,0.0,0.0,0.0,7.0,2.0,linear
6,78226,49706,49706,0.0,0.0,0.0,7.0,2.0,linear
7,78401,49939,49939,0.0,0.0,0.0,7.0,2.0,linear
8,78794,50141,50141,0.0,0.0,0.0,7.0,2.0,linear
9,79140,50318,50318,0.0,0.0,0.0,7.0,2.0,linear
10,79101,50384,50384,0.0,0.0,0.0,7.0,2.0,linear
11,78862,50324,50324,0.0,0.0,0.0,7.0,2.0,linear
12,120501,50145,50145,0.303266,0.324362,0.0,7.0,2.0,linear
13,139100,47089,47089,0.423159,0.468685,0.0,7.0,2.0,linear
14,133461,41760,41760,0.465843,0.541696,0.0,7.0,2.0,linear
15,126614,35134,35134,0.514135,0.617744,0.0,7.0,2.0,linear
16,118996,27791,27791,0.563705,0.690119,0.0,7.0,2.0,linear
17,110584,20901,20901,0.613991,0.754447,0.0,7.0,2.0,linear
18,102900,15092,15092,0.665698,0.809836,0.0,7.0,2.0,linear
19,94761,10443,10443,0.716415,0.854043,0.0,7.0,2.0,linear
20,87874,7222,7222,0.766171,0.887951,0.0,7.0,2.0,linear
21,81493,5009,5009,0.8117,0.914448,0.0,7.0,2.0,linear
22,76512,3439,3439,0.852877,0.936788,0.0,7.0,2.0,linear
23,72442,2306,2306,0.891477,0.956236,0.0,7.0,2.0,linear
24,69293,1467,1467,0.923253,0.971663,0.0,7.0,2.0,linear
25,67387,935,935,0.948002,0.981916,0.0,7.0,2.0,linear
26,65769,552,552,0.96549,0.989147,0.0,7.0,2.0,linear
27,65004,325,325,0.978413,0.993754,0.0,7.0,2.0,linear
28,63949,189,189,0.986736,0.996441,0.0,7.0,2.0,linear
29,63507,82,82,0.992606,0.998383,0.0,7.0,2.0,linear
30,63582,49,49,0.995792,0.999152,0.0,7.0,2.0,linear
31,63111,15,15,0.997887,0.999763,0.0,7.0,2.0,linear
32,63137,5,5,0.998907,0.999921,0.0,7.0,2.0,linear
33,63112,3,3,0.999501,0.999952,0.0,7.0,2.0,linear
34,62930,1,1,0.999738,0.999984,0.0,7.0,2.0,linear
35,63036,1,1,0.999905,0.999984,0.0,7.0,2.0,linear
36,63311,0,0,0.999945,1.0,0.0,7.0,2.0,linear

