generation,size,female_size,fertile_female_size,rate_dr,rate_has_drive,drive_efficiency,drop_ratio,low_density_growth_rate,density_growth_curve
1,78462,49444,49444,0.0,0.0,0.0,4.0,2.0,linear
2,78745,49449,49449,0.0,0.0,0.0,4.0,2.0,linear
3,78520,49519,49519,0.0,0.0,0.0,4.0,2.0,linear
4,78015,49546,49546,0.0,0.0,0.0,4.0,2.0,linear
5,77668,49562,49562,0.0,0.0,0.0,4.0,2.0,linear
6,78192,49875,49875,0.0,0.0,0.0,4.0,2.0,linear
7,78270,49843,49843,0.0,0.0,0.0,4.0,2.0,linear
8,78603,50012,50012,0.0,0.0,0.0,4.0,2.0,linear
9,78494,50047,50047,0.0,0.0,0.0,4.0,2.0,linear
10,78402,50047,50047,0.0,0.0,0.0,4.0,2.0,linear
11,78123,49824,49824,0.0,0.0,0.0,4.0,2.0,linear
12,102441,49822,49822,0.202576,0.22162,0.0,4.0,2.0,linear
13,112128,47418,47418,0.300281,0.34521,0.0,4.0,2.0,linear
14,107538,42832,42832,0.341778,0.419021,0.0,4.0,2.0,linear
15,101325,36779,36779,0.387642,0.496338,0.0,4.0,2.0,linear
16,95040,30729,30729,0.432257,0.566717,0.0,4.0,2.0,linear
17,87670,24634,24634,0.476027,0.63001,0.0,4.0,2.0,linear
18,80965,19078,19078,0.521992,0.686258,0.0,4.0,2.0,linear
19,73409,14527,14527,0.564682,0.732335,0.0,4.0,2.0,linear
20,67228,11302,11302,0.608525,0.771533,0.0,4.0,2.0,linear
21,61164,8625,8625,0.653152,0.807786,0.0,4.0,2.0,linear
22,55985,6493,6493,0.700165,0.84031,0.0,4.0,2.0,linear
23,51357,4783,4783,0.745664,0.87069,0.0,4.0,2.0,linear
24,48067,3442,3442,0.790277,0.899951,0.0,4.0,2.0,linear
25,44882,2449,2449,0.833076,0.92367,0.0,4.0,2.0,linear
26,42566,1690,1690,0.872126,0.94488,0.0,4.0,2.0,linear
27,40609,1113,1113,0.905883,0.963265,0.0,4.0,2.0,linear
28,39200,709,709,0.932566,0.975373,0.0,4.0,2.0,linear
29,38242,438,438,0.953086,0.98487,0.0,4.0,2.0,linear
30,37663,268,268,0.968992,0.990612,0.0,4.0,2.0,linear
31,37064,159,159,0.981207,0.994726,0.0,4.0,2.0,linear
32,36869,79,79,0.989069,0.997436,0.0,4.0,2.0,linear
33,36321,39,39,0.994217,0.998654,0.0,4.0,2.0,linear
34,36295,21,21,0.997054,0.999339,0.0,4.0,2.0,linear
35,36241,11,11,0.99836,0.999697,0.0,4.0,2.0,linear
36,36093,4,4,0.999169,0.999889,0.0,4.0,2.0,linear
37,36071,1,1,0.99964,0.999972,0.0,4.0,2.0,linear
38,36007,0,0,0.999792,1.0,0.0,4.0,2.0,linear

