generation,size,female_size,fertile_female_size,rate_dr,rate_has_drive,drive_efficiency,drop_ratio,low_density_growth_rate,density_growth_curve
1,78357,49446,49446,0.0,0.0,0.0,13.0,3.0,linear
2,78278,49337,49337,0.0,0.0,0.0,13.0,3.0,linear
3,78514,49719,49719,0.0,0.0,0.0,13.0,3.0,linear
4,78842,49874,49874,0.0,0.0,0.0,13.0,3.0,linear
5,78700,50227,50227,0.0,0.0,0.0,13.0,3.0,linear
6,78900,50235,50235,0.0,0.0,0.0,13.0,3.0,linear
7,79032,50064,50064,0.0,0.0,0.0,13.0,3.0,linear
8,78634,50058,50058,0.0,0.0,0.0,13.0,3.0,linear
9,78550,50134,50134,0.0,0.0,0.0,13.0,3.0,linear
10,78683,50113,50113,0.0,0.0,0.0,13.0,3.0,linear
11,78529,50054,50054,0.0,0.0,0.0,13.0,3.0,linear
12,157121,50196,50196,0.442287,0.462368,0.0,13.0,3.0,linear
13,192179,46359,46359,0.571506,0.610791,0.0,13.0,3.0,linear
14,185290,39870,39870,0.609358,0.675516,0.0,13.0,3.0,linear
15,178959,32720,32720,0.648063,0.739731,0.0,13.0,3.0,linear
16,173143,25635,25635,0.688152,0.798997,0.0,13.0,3.0,linear
17,166380,18944,18944,0.727951,0.852263,0.0,13.0,3.0,linear
18,158602,12872,12872,0.768003,0.893739,0.0,13.0,3.0,linear
19,151762,8779,8779,0.806967,0.922558,0.0,13.0,3.0,linear
20,144258,6044,6044,0.843933,0.943258,0.0,13.0,3.0,linear
21,137410,3973,3973,0.879124,0.960095,0.0,13.0,3.0,linear
22,132093,2624,2624,0.910858,0.971928,0.0,13.0,3.0,linear
23,127650,1720,1720,0.935429,0.981142,0.0,13.0,3.0,linear
24,124502,1111,1111,0.95553,0.987726,0.0,13.0,3.0,linear
25,121664,710,710,0.969916,0.992317,0.0,13.0,3.0,linear
26,120270,411,411,0.980245,0.995548,0.0,13.0,3.0,linear
27,118925,243,243,0.987614,0.9974,0.0,13.0,3.0,linear
28,118365,127,127,0.992618,0.998652,0.0,13.0,3.0,linear
29,117876,64,64,0.995753,0.999348,0.0,13.0,3.0,linear
30,117874,27,27,0.997682,0.999754,0.0,13.0,3.0,linear
31,117858,10,10,0.998927,0.999915,0.0,13.0,3.0,linear
32,117457,3,3,0.999498,0.999974,0.0,13.0,3.0,linear
33,117442,0,0,0.9998,1.0,0.0,13.0,3.0,linear

