generation,size,female_size,fertile_female_size,rate_dr,rate_has_drive,drive_efficiency,drop_ratio,low_density_growth_rate,density_growth_curve
1,77978,48931,48931,0.0,0.0,0.0,20.0,10.0,linear
2,78142,49084,49084,0.0,0.0,0.0,20.0,10.0,linear
3,82629,51521,51521,0.0,0.0,0.0,20.0,10.0,linear
4,79765,50458,50458,0.0,0.0,0.0,20.0,10.0,linear
5,75465,48380,48380,0.0,0.0,0.0,20.0,10.0,linear
6,78246,50136,50136,0.0,0.0,0.0,20.0,10.0,linear
7,83312,52244,52244,0.0,0.0,0.0,20.0,10.0,linear
8,77490,49336,49336,0.0,0.0,0.0,20.0,10.0,linear
9,72038,46847,46847,0.0,0.0,0.0,20.0,10.0,linear
10,80408,50822,50822,0.0,0.0,0.0,20.0,10.0,linear
11,87025,53956,53956,0.0,0.0,0.0,20.0,10.0,linear
12,196194,48533,48533,0.570115,0.584254,0.0,20.0,10.0,linear
13,244554,41394,41394,0.67139,0.711862,0.0,20.0,10.0,linear
14,251367,39682,39682,0.676681,0.745746,0.0,20.0,10.0,linear
15,256631,35823,35823,0.689821,0.786483,0.0,20.0,10.0,linear
16,256218,29471,29471,0.707175,0.833755,0.0,20.0,10.0,linear
17,254761,23275,23275,0.728227,0.87936,0.0,20.0,10.0,linear
18,253501,17728,17728,0.744836,0.909709,0.0,20.0,10.0,linear
19,251262,13548,13548,0.759725,0.927667,0.0,20.0,10.0,linear
20,246665,10225,10225,0.777726,0.940048,0.0,20.0,10.0,linear
21,238976,7828,7828,0.797979,0.948339,0.0,20.0,10.0,linear
22,231107,6549,6549,0.818537,0.954041,0.0,20.0,10.0,linear
23,223291,5539,5539,0.836177,0.959049,0.0,20.0,10.0,linear
24,217720,4912,4912,0.853903,0.964287,0.0,20.0,10.0,linear
25,211909,4098,4098,0.867332,0.969452,0.0,20.0,10.0,linear
26,208036,3371,3371,0.880148,0.974098,0.0,20.0,10.0,linear
27,205049,2729,2729,0.895537,0.978265,0.0,20.0,10.0,linear
28,201737,2195,2195,0.909698,0.982617,0.0,20.0,10.0,linear
29,198559,1751,1751,0.922659,0.986126,0.0,20.0,10.0,linear
30,194920,1330,1330,0.936009,0.989157,0.0,20.0,10.0,linear
31,192174,1003,1003,0.947204,0.991384,0.0,20.0,10.0,linear
32,189889,789,789,0.958797,0.993508,0.0,20.0,10.0,linear
33,187314,584,584,0.967212,0.995176,0.0,20.0,10.0,linear
34,185588,404,404,0.975481,0.996771,0.0,20.0,10.0,linear
35,184704,282,282,0.981997,0.997907,0.0,20.0,10.0,linear
36,183046,181,181,0.986969,0.998711,0.0,20.0,10.0,linear
37,182654,110,110,0.991084,0.999314,0.0,20.0,10.0,linear
38,182171,59,59,0.993914,0.999661,0.0,20.0,10.0,linear
39,181833,28,28,0.996276,0.999835,0.0,20.0,10.0,linear
40,181124,10,10,0.998085,0.999945,0.0,20.0,10.0,linear
41,180421,4,4,0.998859,0.999978,0.0,20.0,10.0,linear
42,180987,0,0,0.999508,1.0,0.0,20.0,10.0,linear

