generation,size,female_size,fertile_female_size,rate_dr,rate_has_drive,drive_efficiency,drop_ratio,low_density_growth_rate,density_growth_curve
1,78303,49357,49357,0.0,0.0,0.0,13.0,2.0,linear
2,78423,49182,49182,0.0,0.0,0.0,13.0,2.0,linear
3,78321,49677,49677,0.0,0.0,0.0,13.0,2.0,linear
4,78435,49866,49866,0.0,0.0,0.0,13.0,2.0,linear
5,78772,50066,50066,0.0,0.0,0.0,13.0,2.0,linear
6,79009,50161,50161,0.0,0.0,0.0,13.0,2.0,linear
7,78552,49903,49903,0.0,0.0,0.0,13.0,2.0,linear
8,78466,49727,49727,0.0,0.0,0.0,13.0,2.0,linear
9,78613,49823,49823,0.0,0.0,0.0,13.0,2.0,linear
10,78237,49823,49823,0.0,0.0,0.0,13.0,2.0,linear
11,78374,50044,50044,0.0,0.0,0.0,13.0,2.0,linear
12,157057,50018,50018,0.442587,0.462603,0.0,13.0,2.0,linear
13,192426,46227,46227,0.571403,0.611212,0.0,13.0,2.0,linear
14,186384,40023,40023,0.61276,0.676616,0.0,13.0,2.0,linear
15,178128,32398,32398,0.657872,0.743783,0.0,13.0,2.0,linear
16,169792,24767,24767,0.704057,0.804346,0.0,13.0,2.0,linear
17,160983,17664,17664,0.751239,0.858157,0.0,13.0,2.0,linear
18,151978,11836,11836,0.798541,0.901122,0.0,13.0,2.0,linear
19,143735,7597,7597,0.843446,0.933157,0.0,13.0,2.0,linear
20,136543,4698,4698,0.883814,0.955315,0.0,13.0,2.0,linear
21,130607,2832,2832,0.917744,0.971178,0.0,13.0,2.0,linear
22,125741,1704,1704,0.944879,0.981964,0.0,13.0,2.0,linear
23,123078,1019,1019,0.965027,0.989308,0.0,13.0,2.0,linear
24,121023,596,596,0.978642,0.99387,0.0,13.0,2.0,linear
25,119634,338,338,0.987064,0.99659,0.0,13.0,2.0,linear
26,118046,188,188,0.99233,0.998185,0.0,13.0,2.0,linear
27,117955,84,84,0.995899,0.999187,0.0,13.0,2.0,linear
28,117508,39,39,0.997632,0.999634,0.0,13.0,2.0,linear
29,117402,17,17,0.998825,0.999855,0.0,13.0,2.0,linear
30,117154,7,7,0.999437,0.99994,0.0,13.0,2.0,linear
31,117187,3,3,0.999761,0.999974,0.0,13.0,2.0,linear
32,117360,3,3,0.999923,0.999974,0.0,13.0,2.0,linear
33,117638,1,1,0.999979,0.999991,0.0,13.0,2.0,linear
34,117447,1,1,0.999991,0.999991,0.0,13.0,2.0,linear
35,117589,0,0,1.0,1.0,0.0,13.0,2.0,linear

