generation,size,female_size,fertile_female_size,rate_dr,rate_has_drive,drive_efficiency,drop_ratio,low_density_growth_rate,density_growth_curve
1,78654,49385,49385,0.0,0.0,0.0,10.0,2.0,linear
2,78645,49393,49393,0.0,0.0,0.0,10.0,2.0,linear
3,78324,49482,49482,0.0,0.0,0.0,10.0,2.0,linear
4,78294,49600,49600,0.0,0.0,0.0,10.0,2.0,linear
5,78568,49814,49814,0.0,0.0,0.0,10.0,2.0,linear
6,78149,49576,49576,0.0,0.0,0.0,10.0,2.0,linear
7,78252,49706,49706,0.0,0.0,0.0,10.0,2.0,linear
8,78371,49818,49818,0.0,0.0,0.0,10.0,2.0,linear
9,78776,50126,50126,0.0,0.0,0.0,10.0,2.0,linear
10,78382,50030,50030,0.0,0.0,0.0,10.0,2.0,linear
11,78669,50341,50341,0.0,0.0,0.0,10.0,2.0,linear
12,138856,50386,50386,0.379387,0.400166,0.0,10.0,2.0,linear
13,165448,46735,46735,0.508093,0.550798,0.0,10.0,2.0,linear
14,159672,40689,40689,0.551034,0.620645,0.0,10.0,2.0,linear
15,152284,33534,33534,0.59823,0.692897,0.0,10.0,2.0,linear
16,143970,26178,26178,0.646112,0.758903,0.0,10.0,2.0,linear
17,135422,19051,19051,0.69672,0.819224,0.0,10.0,2.0,linear
18,127035,13030,13030,0.747469,0.86897,0.0,10.0,2.0,linear
19,119292,8708,8708,0.79634,0.906292,0.0,10.0,2.0,linear
20,111857,5695,5695,0.841949,0.933662,0.0,10.0,2.0,linear
21,105262,3577,3577,0.882941,0.954745,0.0,10.0,2.0,linear
22,100770,2230,2230,0.917474,0.970011,0.0,10.0,2.0,linear
23,96728,1327,1327,0.94554,0.981244,0.0,10.0,2.0,linear
24,94225,812,812,0.964297,0.988544,0.0,10.0,2.0,linear
25,92946,492,492,0.977313,0.993226,0.0,10.0,2.0,linear
26,91832,290,290,0.986019,0.996126,0.0,10.0,2.0,linear
27,91420,152,152,0.991497,0.998006,0.0,10.0,2.0,linear
28,90778,67,67,0.995157,0.999087,0.0,10.0,2.0,linear
29,90510,20,20,0.997549,0.999724,0.0,10.0,2.0,linear
30,90281,4,4,0.998854,0.999945,0.0,10.0,2.0,linear
31,90197,1,1,0.999518,0.999978,0.0,10.0,2.0,linear
32,90069,1,1,0.999795,0.999989,0.0,10.0,2.0,linear
33,90065,0,0,0.999956,1.0,0.0,10.0,2.0,linear

