generation,size,female_size,fertile_female_size,rate_dr,rate_has_drive,drive_efficiency,drop_ratio,low_density_growth_rate,density_growth_curve
1,78388,49374,49374,0.0,0.0,0.0,7.0,2.0,linear
2,78135,49069,49069,0.0,0.0,0.0,7.0,2.0,linear
3,77860,49135,49135,0.0,0.0,0.0,7.0,2.0,linear
4,77801,49379,49379,0.0,0.0,0.0,7.0,2.0,linear
5,77816,49466,49466,0.0,0.0,0.0,7.0,2.0,linear
6,77938,49573,49573,0.0,0.0,0.0,7.0,2.0,linear
7,77848,49584,49584,0.0,0.0,0.0,7.0,2.0,linear
8,77975,49395,49395,0.0,0.0,0.0,7.0,2.0,linear
9,78199,49379,49379,0.0,0.0,0.0,7.0,2.0,linear
10,77773,49275,49275,0.0,0.0,0.0,7.0,2.0,linear
11,77753,49448,49448,0.0,0.0,0.0,7.0,2.0,linear
12,120102,49382,49382,0.305424,0.327351,0.0,7.0,2.0,linear
13,138005,46362,46362,0.424942,0.471261,0.0,7.0,2.0,linear
14,132474,40956,40956,0.468501,0.544826,0.0,7.0,2.0,linear
15,126164,34419,34419,0.517148,0.621913,0.0,7.0,2.0,linear
16,118196,27383,27383,0.565779,0.693137,0.0,7.0,2.0,linear
17,109884,20507,20507,0.617405,0.758616,0.0,7.0,2.0,linear
18,101924,14626,14626,0.669288,0.813036,0.0,7.0,2.0,linear
19,94340,10296,10296,0.720792,0.857369,0.0,7.0,2.0,linear
20,86955,6967,6967,0.77114,0.892322,0.0,7.0,2.0,linear
21,80691,4742,4742,0.818339,0.919577,0.0,7.0,2.0,linear
22,75748,3202,3202,0.861805,0.942134,0.0,7.0,2.0,linear
23,71931,2140,2140,0.898246,0.959837,0.0,7.0,2.0,linear
24,69330,1415,1415,0.926914,0.972336,0.0,7.0,2.0,linear
25,67265,898,898,0.949786,0.982302,0.0,7.0,2.0,linear
26,66198,565,565,0.966755,0.988737,0.0,7.0,2.0,linear
27,64769,327,327,0.978712,0.993872,0.0,7.0,2.0,linear
28,63998,181,181,0.986724,0.99666,0.0,7.0,2.0,linear
29,63708,104,104,0.992433,0.998169,0.0,7.0,2.0,linear
30,63344,55,55,0.995517,0.999055,0.0,7.0,2.0,linear
31,63146,27,27,0.997493,0.999573,0.0,7.0,2.0,linear
32,63331,13,13,0.99884,0.999795,0.0,7.0,2.0,linear
33,63456,4,4,0.999315,0.999937,0.0,7.0,2.0,linear
34,63099,1,1,0.999699,0.999984,0.0,7.0,2.0,linear
35,63151,0,0,0.999897,1.0,0.0,7.0,2.0,linear

