generation,size,female_size,fertile_female_size,rate_dr,rate_has_drive,drive_efficiency,drop_ratio,low_density_growth_rate,density_growth_curve
1,78486,49404,49404,0.0,0.0,0.0,17.0,4.0,linear
2,78423,49405,49405,0.0,0.0,0.0,17.0,4.0,linear
3,79014,50006,50006,0.0,0.0,0.0,17.0,4.0,linear
4,79337,50314,50314,0.0,0.0,0.0,17.0,4.0,linear
5,79427,50377,50377,0.0,0.0,0.0,17.0,4.0,linear
6,78644,50029,50029,0.0,0.0,0.0,17.0,4.0,linear
7,78161,49838,49838,0.0,0.0,0.0,17.0,4.0,linear
8,78097,49621,49621,0.0,0.0,0.0,17.0,4.0,linear
9,78678,50023,50023,0.0,0.0,0.0,17.0,4.0,linear
10,78600,49657,49657,0.0,0.0,0.0,17.0,4.0,linear
11,78766,49707,49707,0.0,0.0,0.0,17.0,4.0,linear
12,180680,49843,49843,0.505074,0.524063,0.0,17.0,4.0,linear
13,228539,46314,46314,0.631415,0.666944,0.0,17.0,4.0,linear
14,222436,39889,39889,0.665223,0.725509,0.0,17.0,4.0,linear
15,216726,32809,32809,0.697072,0.782564,0.0,17.0,4.0,linear
16,211074,25847,25847,0.727501,0.835009,0.0,17.0,4.0,linear
17,206121,18823,18823,0.761029,0.881254,0.0,17.0,4.0,linear
18,199946,12890,12890,0.793082,0.916134,0.0,17.0,4.0,linear
19,193084,8735,8735,0.825455,0.939564,0.0,17.0,4.0,linear
20,185507,5989,5989,0.857072,0.955378,0.0,17.0,4.0,linear
21,177651,4039,4039,0.887657,0.967502,0.0,17.0,4.0,linear
22,171292,2657,2657,0.91583,0.977514,0.0,17.0,4.0,linear
23,166182,1836,1836,0.937931,0.98422,0.0,17.0,4.0,linear
24,162254,1215,1215,0.955787,0.989487,0.0,17.0,4.0,linear
25,159538,811,811,0.969509,0.993191,0.0,17.0,4.0,linear
26,157779,491,491,0.979301,0.995858,0.0,17.0,4.0,linear
27,156162,319,319,0.986485,0.99752,0.0,17.0,4.0,linear
28,155301,179,179,0.99145,0.998654,0.0,17.0,4.0,linear
29,154359,97,97,0.994959,0.999308,0.0,17.0,4.0,linear
30,153745,50,50,0.997158,0.99963,0.0,17.0,4.0,linear
31,153682,19,19,0.998381,0.999863,0.0,17.0,4.0,linear
32,153738,12,12,0.999213,0.999915,0.0,17.0,4.0,linear
33,153697,4,4,0.999538,0.999967,0.0,17.0,4.0,linear
34,153422,2,2,0.999795,0.999987,0.0,17.0,4.0,linear
35,153164,2,2,0.999905,0.999987,0.0,17.0,4.0,linear
36,152891,1,1,0.999961,0.999993,0.0,17.0,4.0,linear
37,153210,0,0,0.999993,1.0,0.0,17.0,4.0,linear

