generation,size,female_size,fertile_female_size,rate_dr,rate_has_drive,drive_efficiency,drop_ratio,low_density_growth_rate,density_growth_curve
1,78265,49044,49044,0.0,0.0,0.0,11.0,5.0,linear
2,78514,49196,49196,0.0,0.0,0.0,11.0,5.0,linear
3,80053,50300,50300,0.0,0.0,0.0,11.0,5.0,linear
4,80273,50700,50700,0.0,0.0,0.0,11.0,5.0,linear
5,78883,50339,50339,0.0,0.0,0.0,11.0,5.0,linear
6,77791,49930,49930,0.0,0.0,0.0,11.0,5.0,linear
7,77495,49651,49651,0.0,0.0,0.0,11.0,5.0,linear
8,77914,49714,49714,0.0,0.0,0.0,11.0,5.0,linear
9,78705,49941,49941,0.0,0.0,0.0,11.0,5.0,linear
10,79478,50495,50495,0.0,0.0,0.0,11.0,5.0,linear
11,79061,50379,50379,0.0,0.0,0.0,11.0,5.0,linear
12,144902,50234,50234,0.403061,0.423363,0.0,11.0,5.0,linear
13,173653,46364,46364,0.531557,0.572511,0.0,11.0,5.0,linear
14,167663,40286,40286,0.566647,0.639731,0.0,11.0,5.0,linear
15,164395,34107,34107,0.599616,0.707023,0.0,11.0,5.0,linear
16,161582,27740,27740,0.631099,0.768224,0.0,11.0,5.0,linear
17,158344,21596,21596,0.663278,0.823675,0.0,11.0,5.0,linear
18,153864,15942,15942,0.694134,0.865086,0.0,11.0,5.0,linear
19,147897,11749,11749,0.724015,0.892561,0.0,11.0,5.0,linear
20,141740,8858,8858,0.754558,0.912136,0.0,11.0,5.0,linear
21,134260,6679,6679,0.785147,0.927497,0.0,11.0,5.0,linear
22,127738,5101,5101,0.814871,0.939803,0.0,11.0,5.0,linear
23,121917,3976,3976,0.843692,0.950308,0.0,11.0,5.0,linear
24,117193,3096,3096,0.870611,0.960758,0.0,11.0,5.0,linear
25,113056,2300,2300,0.893283,0.969592,0.0,11.0,5.0,linear
26,110352,1672,1672,0.913909,0.977733,0.0,11.0,5.0,linear
27,107784,1198,1198,0.93236,0.983702,0.0,11.0,5.0,linear
28,105914,819,819,0.949382,0.98858,0.0,11.0,5.0,linear
29,104345,539,539,0.963314,0.992563,0.0,11.0,5.0,linear
30,102668,362,362,0.974468,0.995269,0.0,11.0,5.0,linear
31,101494,229,229,0.982917,0.997071,0.0,11.0,5.0,linear
32,100372,148,148,0.988507,0.998288,0.0,11.0,5.0,linear
33,99917,72,72,0.992523,0.999073,0.0,11.0,5.0,linear
34,99951,41,41,0.995775,0.999481,0.0,11.0,5.0,linear
35,99734,22,22,0.997332,0.99974,0.0,11.0,5.0,linear
36,99353,9,9,0.998572,0.999899,0.0,11.0,5.0,linear
37,99554,5,5,0.999317,0.99995,0.0,11.0,5.0,linear
38,99555,2,2,0.999563,0.99998,0.0,11.0,5.0,linear
39,99560,2,2,0.999874,0.99998,0.0,11.0,5.0,linear
40,99429,1,1,0.99996,0.99999,0.0,11.0,5.0,linear
41,99478,0,0,0.999975,1.0,0.0,11.0,5.0,linear

