generation,size,female_size,fertile_female_size,rate_dr,rate_has_drive,drive_efficiency,drop_ratio,low_density_growth_rate,density_growth_curve
1,78514,49246,49246,0.0,0.0,0.0,11.0,5.0,linear
2,78103,49084,49084,0.0,0.0,0.0,11.0,5.0,linear
3,79636,50006,50006,0.0,0.0,0.0,11.0,5.0,linear
4,79330,50294,50294,0.0,0.0,0.0,11.0,5.0,linear
5,79165,50439,50439,0.0,0.0,0.0,11.0,5.0,linear
6,77805,49776,49776,0.0,0.0,0.0,11.0,5.0,linear
7,78613,50117,50117,0.0,0.0,0.0,11.0,5.0,linear
8,78783,50068,50068,0.0,0.0,0.0,11.0,5.0,linear
9,78575,49787,49787,0.0,0.0,0.0,11.0,5.0,linear
10,78610,50012,50012,0.0,0.0,0.0,11.0,5.0,linear
11,78631,50157,50157,0.0,0.0,0.0,11.0,5.0,linear
12,144690,50035,50035,0.402662,0.423719,0.0,11.0,5.0,linear
13,174488,46407,46407,0.532199,0.574013,0.0,11.0,5.0,linear
14,167758,40138,40138,0.567348,0.642698,0.0,11.0,5.0,linear
15,163924,33948,33948,0.599839,0.708994,0.0,11.0,5.0,linear
16,161926,27664,27664,0.632125,0.770276,0.0,11.0,5.0,linear
17,159079,21426,21426,0.664137,0.824864,0.0,11.0,5.0,linear
18,154355,15865,15865,0.694221,0.863502,0.0,11.0,5.0,linear
19,148684,11927,11927,0.723334,0.891663,0.0,11.0,5.0,linear
20,142229,8971,8971,0.752158,0.910353,0.0,11.0,5.0,linear
21,135120,6929,6929,0.781517,0.924139,0.0,11.0,5.0,linear
22,128319,5363,5363,0.810047,0.936275,0.0,11.0,5.0,linear
23,122583,4226,4226,0.837857,0.948111,0.0,11.0,5.0,linear
24,118244,3221,3221,0.863257,0.958722,0.0,11.0,5.0,linear
25,114667,2442,2442,0.887286,0.967603,0.0,11.0,5.0,linear
26,111152,1814,1814,0.909089,0.975465,0.0,11.0,5.0,linear
27,108597,1302,1302,0.92734,0.982281,0.0,11.0,5.0,linear
28,106265,886,886,0.945257,0.98784,0.0,11.0,5.0,linear
29,104457,596,596,0.959918,0.991785,0.0,11.0,5.0,linear
30,102792,422,422,0.971691,0.994579,0.0,11.0,5.0,linear
31,101880,255,255,0.980066,0.996665,0.0,11.0,5.0,linear
32,100831,141,141,0.987459,0.998256,0.0,11.0,5.0,linear
33,100371,85,85,0.992132,0.998978,0.0,11.0,5.0,linear
34,100169,45,45,0.995042,0.999413,0.0,11.0,5.0,linear
35,99688,28,28,0.99702,0.999659,0.0,11.0,5.0,linear
36,99183,11,11,0.998438,0.999829,0.0,11.0,5.0,linear
37,99122,6,6,0.999203,0.999919,0.0,11.0,5.0,linear
38,98984,3,3,0.999672,0.99997,0.0,11.0,5.0,linear
39,99584,1,1,0.999905,0.99999,0.0,11.0,5.0,linear
40,99158,0,0,0.999929,1.0,0.0,11.0,5.0,linear

