generation,size,female_size,fertile_female_size,rate_dr,rate_has_drive,drive_efficiency,drop_ratio,low_density_growth_rate,density_growth_curve
1,78209,48933,48933,0.0,0.0,0.0,13.0,6.0,linear
2,77910,48828,48828,0.0,0.0,0.0,13.0,6.0,linear
3,79807,50037,50037,0.0,0.0,0.0,13.0,6.0,linear
4,80892,50905,50905,0.0,0.0,0.0,13.0,6.0,linear
5,79873,50754,50754,0.0,0.0,0.0,13.0,6.0,linear
6,77847,49918,49918,0.0,0.0,0.0,13.0,6.0,linear
7,77175,49430,49430,0.0,0.0,0.0,13.0,6.0,linear
8,77380,49215,49215,0.0,0.0,0.0,13.0,6.0,linear
9,78860,49818,49818,0.0,0.0,0.0,13.0,6.0,linear
10,79403,49976,49976,0.0,0.0,0.0,13.0,6.0,linear
11,79363,50255,50255,0.0,0.0,0.0,13.0,6.0,linear
12,156954,50343,50343,0.441642,0.460773,0.0,13.0,6.0,linear
13,191454,46176,46176,0.573102,0.611299,0.0,13.0,6.0,linear
14,184760,39687,39687,0.603069,0.674196,0.0,13.0,6.0,linear
15,183064,33828,33828,0.629719,0.735696,0.0,13.0,6.0,linear
16,182499,27926,27926,0.656376,0.792673,0.0,13.0,6.0,linear
17,180125,21770,21770,0.683041,0.842493,0.0,13.0,6.0,linear
18,176361,16070,16070,0.710127,0.878973,0.0,13.0,6.0,linear
19,171386,12160,12160,0.735071,0.902974,0.0,13.0,6.0,linear
20,165074,9342,9342,0.761887,0.919934,0.0,13.0,6.0,linear
21,157237,7106,7106,0.787392,0.93186,0.0,13.0,6.0,linear
22,150998,5581,5581,0.814882,0.942614,0.0,13.0,6.0,linear
23,144606,4437,4437,0.839761,0.952317,0.0,13.0,6.0,linear
24,140041,3601,3601,0.86336,0.960508,0.0,13.0,6.0,linear
25,135974,2833,2833,0.884913,0.969337,0.0,13.0,6.0,linear
26,132192,2121,2121,0.904134,0.976939,0.0,13.0,6.0,linear
27,129520,1518,1518,0.922922,0.982926,0.0,13.0,6.0,linear
28,126573,1118,1118,0.939561,0.987733,0.0,13.0,6.0,linear
29,124371,785,785,0.952727,0.99118,0.0,13.0,6.0,linear
30,122373,548,548,0.966136,0.994185,0.0,13.0,6.0,linear
31,121454,336,336,0.974798,0.996365,0.0,13.0,6.0,linear
32,120543,210,210,0.982973,0.997939,0.0,13.0,6.0,linear
33,119456,123,123,0.988575,0.998794,0.0,13.0,6.0,linear
34,118970,62,62,0.992656,0.999347,0.0,13.0,6.0,linear
35,118361,33,33,0.995897,0.999595,0.0,13.0,6.0,linear
36,117731,18,18,0.997781,0.999779,0.0,13.0,6.0,linear
37,117906,8,8,0.998784,0.999907,0.0,13.0,6.0,linear
38,117289,5,5,0.999327,0.99994,0.0,13.0,6.0,linear
39,117408,1,1,0.999664,0.999991,0.0,13.0,6.0,linear
40,117128,0,0,0.999816,1.0,0.0,13.0,6.0,linear

