generation,size,female_size,fertile_female_size,rate_dr,rate_has_drive,drive_efficiency,drop_ratio,low_density_growth_rate,density_growth_curve
1,78103,49090,49090,0.0,0.0,0.0,16.0,6.0,linear
2,77857,49090,49090,0.0,0.0,0.0,16.0,6.0,linear
3,79024,49803,49803,0.0,0.0,0.0,16.0,6.0,linear
4,80500,50659,50659,0.0,0.0,0.0,16.0,6.0,linear
5,79591,50421,50421,0.0,0.0,0.0,16.0,6.0,linear
6,78177,49828,49828,0.0,0.0,0.0,16.0,6.0,linear
7,76892,49169,49169,0.0,0.0,0.0,16.0,6.0,linear
8,78009,49506,49506,0.0,0.0,0.0,16.0,6.0,linear
9,78668,49816,49816,0.0,0.0,0.0,16.0,6.0,linear
10,78999,49957,49957,0.0,0.0,0.0,16.0,6.0,linear
11,78597,49855,49855,0.0,0.0,0.0,16.0,6.0,linear
12,174937,50263,50263,0.489393,0.507839,0.0,16.0,6.0,linear
13,219738,46466,46466,0.618135,0.653887,0.0,16.0,6.0,linear
14,212945,39813,39813,0.646955,0.712652,0.0,16.0,6.0,linear
15,210367,33540,33540,0.672618,0.768901,0.0,16.0,6.0,linear
16,208408,27279,27279,0.69618,0.820712,0.0,16.0,6.0,linear
17,206239,20829,20829,0.72254,0.866892,0.0,16.0,6.0,linear
18,202455,15105,15105,0.748448,0.90136,0.0,16.0,6.0,linear
19,196653,10948,10948,0.774992,0.925061,0.0,16.0,6.0,linear
20,189741,8010,8010,0.801984,0.940521,0.0,16.0,6.0,linear
21,181944,5798,5798,0.830536,0.952802,0.0,16.0,6.0,linear
22,174476,4357,4357,0.857103,0.962076,0.0,16.0,6.0,linear
23,168418,3315,3315,0.882672,0.969501,0.0,16.0,6.0,linear
24,162729,2597,2597,0.903954,0.975946,0.0,16.0,6.0,linear
25,158864,1923,1923,0.922821,0.981947,0.0,16.0,6.0,linear
26,156031,1447,1447,0.93887,0.98654,0.0,16.0,6.0,linear
27,152979,1010,1010,0.952179,0.990592,0.0,16.0,6.0,linear
28,151492,679,679,0.963707,0.993719,0.0,16.0,6.0,linear
29,149344,456,456,0.973616,0.995598,0.0,16.0,6.0,linear
30,148161,326,326,0.981348,0.997008,0.0,16.0,6.0,linear
31,146411,215,215,0.987303,0.998088,0.0,16.0,6.0,linear
32,146100,132,132,0.991523,0.998815,0.0,16.0,6.0,linear
33,144933,82,82,0.994325,0.999305,0.0,16.0,6.0,linear
34,144699,53,53,0.996493,0.999586,0.0,16.0,6.0,linear
35,144993,34,34,0.997727,0.99969,0.0,16.0,6.0,linear
36,145024,13,13,0.998467,0.999828,0.0,16.0,6.0,linear
37,144642,9,9,0.999043,0.999903,0.0,16.0,6.0,linear
38,144432,7,7,0.999443,0.999931,0.0,16.0,6.0,linear
39,144270,5,5,0.999716,0.999958,0.0,16.0,6.0,linear
40,144536,4,4,0.999824,0.999972,0.0,16.0,6.0,linear
41,144876,2,2,0.999876,0.999986,0.0,16.0,6.0,linear
42,144904,1,1,0.999924,0.999993,0.0,16.0,6.0,linear
43,144322,0,0,0.999962,1.0,0.0,16.0,6.0,linear

