generation,size,female_size,fertile_female_size,rate_dr,rate_has_drive,drive_efficiency,drop_ratio,low_density_growth_rate,density_growth_curve
1,78215,48942,48942,0.0,0.0,0.0,12.0,5.0,linear
2,78527,49267,49267,0.0,0.0,0.0,12.0,5.0,linear
3,79316,49950,49950,0.0,0.0,0.0,12.0,5.0,linear
4,80125,50788,50788,0.0,0.0,0.0,12.0,5.0,linear
5,79909,50866,50866,0.0,0.0,0.0,12.0,5.0,linear
6,78699,50224,50224,0.0,0.0,0.0,12.0,5.0,linear
7,77226,49467,49467,0.0,0.0,0.0,12.0,5.0,linear
8,77879,49813,49813,0.0,0.0,0.0,12.0,5.0,linear
9,78775,50013,50013,0.0,0.0,0.0,12.0,5.0,linear
10,78822,50078,50078,0.0,0.0,0.0,12.0,5.0,linear
11,78810,50066,50066,0.0,0.0,0.0,12.0,5.0,linear
12,150636,50278,50278,0.421056,0.44127,0.0,12.0,5.0,linear
13,183222,46560,46560,0.552816,0.592627,0.0,12.0,5.0,linear
14,176722,40213,40213,0.587719,0.658693,0.0,12.0,5.0,linear
15,172415,33843,33843,0.619139,0.724256,0.0,12.0,5.0,linear
16,169742,27482,27482,0.650633,0.784828,0.0,12.0,5.0,linear
17,166903,21002,21002,0.681882,0.837073,0.0,12.0,5.0,linear
18,162462,15271,15271,0.712424,0.875933,0.0,12.0,5.0,linear
19,156838,11256,11256,0.742615,0.902581,0.0,12.0,5.0,linear
20,149919,8420,8420,0.771882,0.920281,0.0,12.0,5.0,linear
21,142148,6218,6218,0.803323,0.935153,0.0,12.0,5.0,linear
22,135307,4666,4666,0.833492,0.947232,0.0,12.0,5.0,linear
23,129939,3577,3577,0.861639,0.958299,0.0,12.0,5.0,linear
24,125075,2680,2680,0.88608,0.967891,0.0,12.0,5.0,linear
25,121423,1999,1999,0.908882,0.976136,0.0,12.0,5.0,linear
26,118216,1438,1438,0.928064,0.98256,0.0,12.0,5.0,linear
27,116210,1010,1010,0.946455,0.988087,0.0,12.0,5.0,linear
28,113793,659,659,0.960812,0.992191,0.0,12.0,5.0,linear
29,112184,417,417,0.972794,0.994888,0.0,12.0,5.0,linear
30,110787,264,264,0.981609,0.99698,0.0,12.0,5.0,linear
31,110224,146,146,0.987628,0.998153,0.0,12.0,5.0,linear
32,109400,90,90,0.992168,0.998843,0.0,12.0,5.0,linear
33,108402,58,58,0.995009,0.999292,0.0,12.0,5.0,linear
34,108650,36,36,0.996857,0.99955,0.0,12.0,5.0,linear
35,108537,22,22,0.998086,0.999678,0.0,12.0,5.0,linear
36,108325,12,12,0.998768,0.999862,0.0,12.0,5.0,linear
37,108543,9,9,0.999249,0.999908,0.0,12.0,5.0,linear
38,108608,4,4,0.999563,0.999963,0.0,12.0,5.0,linear
39,108032,1,1,0.999792,0.999991,0.0,12.0,5.0,linear
40,108186,1,1,0.999917,0.999991,0.0,12.0,5.0,linear
41,108236,0,0,0.999917,1.0,0.0,12.0,5.0,linear

