generation,size,female_size,fertile_female_size,rate_dr,rate_has_drive,drive_efficiency,drop_ratio,low_density_growth_rate,density_growth_curve
1,78594,49636,49636,0.0,0.0,0.0,16.0,2.0,linear
2,78349,49647,49647,0.0,0.0,0.0,16.0,2.0,linear
3,78352,49764,49764,0.0,0.0,0.0,16.0,2.0,linear
4,78193,49806,49806,0.0,0.0,0.0,16.0,2.0,linear
5,78279,49704,49704,0.0,0.0,0.0,16.0,2.0,linear
6,78603,49843,49843,0.0,0.0,0.0,16.0,2.0,linear
7,78366,49844,49844,0.0,0.0,0.0,16.0,2.0,linear
8,78294,49957,49957,0.0,0.0,0.0,16.0,2.0,linear
9,78115,49670,49670,0.0,0.0,0.0,16.0,2.0,linear
10,77866,49566,49566,0.0,0.0,0.0,16.0,2.0,linear
11,78336,49873,49873,0.0,0.0,0.0,16.0,2.0,linear
12,174564,49804,49804,0.492984,0.511786,0.0,16.0,2.0,linear
13,218965,46100,46100,0.619191,0.655434,0.0,16.0,2.0,linear
14,212721,39852,39852,0.658163,0.715772,0.0,16.0,2.0,linear
15,204635,32129,32129,0.700438,0.776928,0.0,16.0,2.0,linear
16,196431,24514,24514,0.743627,0.833112,0.0,16.0,2.0,linear
17,187351,17249,17249,0.788108,0.881896,0.0,16.0,2.0,linear
18,177838,11182,11182,0.831309,0.920176,0.0,16.0,2.0,linear
19,170121,6907,6907,0.872134,0.948282,0.0,16.0,2.0,linear
20,163628,4276,4276,0.90713,0.966798,0.0,16.0,2.0,linear
21,156391,2452,2452,0.935871,0.9793,0.0,16.0,2.0,linear
22,152062,1430,1430,0.958426,0.987627,0.0,16.0,2.0,linear
23,149709,832,832,0.973896,0.992714,0.0,16.0,2.0,linear
24,147729,458,458,0.985034,0.996097,0.0,16.0,2.0,linear
25,145754,250,250,0.991437,0.997949,0.0,16.0,2.0,linear
26,145471,135,135,0.995245,0.998916,0.0,16.0,2.0,linear
27,144854,63,63,0.997287,0.999462,0.0,16.0,2.0,linear
28,144463,25,25,0.998596,0.999786,0.0,16.0,2.0,linear
29,144476,11,11,0.999356,0.99991,0.0,16.0,2.0,linear
30,144464,3,3,0.999689,0.999965,0.0,16.0,2.0,linear
31,144505,1,1,0.999903,0.999993,0.0,16.0,2.0,linear
32,144315,0,0,0.999958,1.0,0.0,16.0,2.0,linear

