generation,size,female_size,fertile_female_size,rate_dr,rate_has_drive,drive_efficiency,drop_ratio,low_density_growth_rate,density_growth_curve
1,78312,49342,49342,0.0,0.0,0.0,8.0,4.0,linear
2,77840,49042,49042,0.0,0.0,0.0,8.0,4.0,linear
3,78329,49557,49557,0.0,0.0,0.0,8.0,4.0,linear
4,79274,50174,50174,0.0,0.0,0.0,8.0,4.0,linear
5,79217,50287,50287,0.0,0.0,0.0,8.0,4.0,linear
6,78897,50387,50387,0.0,0.0,0.0,8.0,4.0,linear
7,78592,50119,50119,0.0,0.0,0.0,8.0,4.0,linear
8,77996,49671,49671,0.0,0.0,0.0,8.0,4.0,linear
9,77942,49541,49541,0.0,0.0,0.0,8.0,4.0,linear
10,78015,49520,49520,0.0,0.0,0.0,8.0,4.0,linear
11,79049,49940,49940,0.0,0.0,0.0,8.0,4.0,linear
12,127415,50236,50236,0.328946,0.350171,0.0,8.0,4.0,linear
13,148277,47130,47130,0.453963,0.498521,0.0,8.0,4.0,linear
14,141629,41166,41166,0.493886,0.571651,0.0,8.0,4.0,linear
15,137421,34904,34904,0.535035,0.646201,0.0,8.0,4.0,linear
16,132744,28406,28406,0.57283,0.714716,0.0,8.0,4.0,linear
17,128049,22174,22174,0.608054,0.771956,0.0,8.0,4.0,linear
18,123026,16887,16887,0.642717,0.817787,0.0,8.0,4.0,linear
19,117807,12874,12874,0.674786,0.850853,0.0,8.0,4.0,linear
20,111485,9930,9930,0.708402,0.875353,0.0,8.0,4.0,linear
21,105000,7625,7625,0.742193,0.896218,0.0,8.0,4.0,linear
22,99088,5748,5748,0.773378,0.913721,0.0,8.0,4.0,linear
23,93991,4493,4493,0.805343,0.928157,0.0,8.0,4.0,linear
24,89942,3483,3483,0.835997,0.942474,0.0,8.0,4.0,linear
25,86235,2597,2597,0.862874,0.956125,0.0,8.0,4.0,linear
26,82932,1886,1886,0.88985,0.966965,0.0,8.0,4.0,linear
27,80764,1353,1353,0.913885,0.975885,0.0,8.0,4.0,linear
28,78273,968,968,0.935147,0.982818,0.0,8.0,4.0,linear
29,76495,673,673,0.952713,0.987804,0.0,8.0,4.0,linear
30,75259,441,441,0.965777,0.99233,0.0,8.0,4.0,linear
31,74529,272,272,0.976522,0.995418,0.0,8.0,4.0,linear
32,74158,156,156,0.985027,0.997323,0.0,8.0,4.0,linear
33,73090,93,93,0.989992,0.998449,0.0,8.0,4.0,linear
34,72479,41,41,0.99382,0.999285,0.0,8.0,4.0,linear
35,72343,17,17,0.996803,0.999682,0.0,8.0,4.0,linear
36,72225,5,5,0.998367,0.999917,0.0,8.0,4.0,linear
37,72369,1,1,0.999226,0.999972,0.0,8.0,4.0,linear
38,72368,1,1,0.999758,0.999986,0.0,8.0,4.0,linear
39,72159,0,0,0.999917,1.0,0.0,8.0,4.0,linear

