generation,size,female_size,fertile_female_size,rate_dr,rate_has_drive,drive_efficiency,drop_ratio,low_density_growth_rate,density_growth_curve
1,78272,49286,49286,0.0,0.0,0.0,10.0,5.0,linear
2,78238,49193,49193,0.0,0.0,0.0,10.0,5.0,linear
3,79626,50192,50192,0.0,0.0,0.0,10.0,5.0,linear
4,79559,50466,50466,0.0,0.0,0.0,10.0,5.0,linear
5,78912,50563,50563,0.0,0.0,0.0,10.0,5.0,linear
6,79071,50475,50475,0.0,0.0,0.0,10.0,5.0,linear
7,77760,49723,49723,0.0,0.0,0.0,10.0,5.0,linear
8,77314,49493,49493,0.0,0.0,0.0,10.0,5.0,linear
9,78719,50163,50163,0.0,0.0,0.0,10.0,5.0,linear
10,79125,50294,50294,0.0,0.0,0.0,10.0,5.0,linear
11,78555,49916,49916,0.0,0.0,0.0,10.0,5.0,linear
12,138342,49825,49825,0.379546,0.40036,0.0,10.0,5.0,linear
13,165634,46582,46582,0.507219,0.550303,0.0,10.0,5.0,linear
14,160238,40597,40597,0.543265,0.618479,0.0,10.0,5.0,linear
15,155733,34470,34470,0.576649,0.686791,0.0,10.0,5.0,linear
16,153094,28415,28415,0.609531,0.750536,0.0,10.0,5.0,linear
17,150443,22346,22346,0.641275,0.805566,0.0,10.0,5.0,linear
18,145677,16751,16751,0.672221,0.847406,0.0,10.0,5.0,linear
19,140660,12693,12693,0.700375,0.876291,0.0,10.0,5.0,linear
20,134262,9895,9895,0.728048,0.895815,0.0,10.0,5.0,linear
21,127781,7560,7560,0.758265,0.912905,0.0,10.0,5.0,linear
22,121016,5966,5966,0.788026,0.926335,0.0,10.0,5.0,linear
23,115250,4665,4665,0.817303,0.938356,0.0,10.0,5.0,linear
24,110791,3761,3761,0.843659,0.949443,0.0,10.0,5.0,linear
25,106537,2889,2889,0.866851,0.959381,0.0,10.0,5.0,linear
26,103858,2201,2201,0.890197,0.96848,0.0,10.0,5.0,linear
27,100975,1633,1633,0.91005,0.976079,0.0,10.0,5.0,linear
28,98570,1198,1198,0.928524,0.982132,0.0,10.0,5.0,linear
29,96664,870,870,0.944248,0.98744,0.0,10.0,5.0,linear
30,95356,583,583,0.958517,0.991912,0.0,10.0,5.0,linear
31,93957,361,361,0.970942,0.995082,0.0,10.0,5.0,linear
32,92390,204,204,0.980813,0.997139,0.0,10.0,5.0,linear
33,91820,108,108,0.98782,0.998442,0.0,10.0,5.0,linear
34,91072,60,60,0.992955,0.999113,0.0,10.0,5.0,linear
35,90796,33,33,0.995796,0.999527,0.0,10.0,5.0,linear
36,90439,19,19,0.997642,0.999768,0.0,10.0,5.0,linear
37,90183,10,10,0.998643,0.999889,0.0,10.0,5.0,linear
38,90532,7,7,0.999277,0.999923,0.0,10.0,5.0,linear
39,90136,3,3,0.999479,0.999967,0.0,10.0,5.0,linear
40,90303,0,0,0.999723,1.0,0.0,10.0,5.0,linear

