generation,size,female_size,fertile_female_size,rate_dr,rate_has_drive,drive_efficiency,drop_ratio,low_density_growth_rate,density_growth_curve
1,77965,49214,49214,0.0,0.0,0.0,18.0,2.0,linear
2,77834,49025,49025,0.0,0.0,0.0,18.0,2.0,linear
3,78154,49202,49202,0.0,0.0,0.0,18.0,2.0,linear
4,78360,49458,49458,0.0,0.0,0.0,18.0,2.0,linear
5,78404,49651,49651,0.0,0.0,0.0,18.0,2.0,linear
6,78398,49745,49745,0.0,0.0,0.0,18.0,2.0,linear
7,78565,49938,49938,0.0,0.0,0.0,18.0,2.0,linear
8,78805,50152,50152,0.0,0.0,0.0,18.0,2.0,linear
9,78507,49996,49996,0.0,0.0,0.0,18.0,2.0,linear
10,78562,49789,49789,0.0,0.0,0.0,18.0,2.0,linear
11,78599,50013,50013,0.0,0.0,0.0,18.0,2.0,linear
12,187035,50289,50289,0.520091,0.537989,0.0,18.0,2.0,linear
13,237316,46367,46367,0.645754,0.68001,0.0,18.0,2.0,linear
14,230721,39740,39740,0.682759,0.737572,0.0,18.0,2.0,linear
15,223317,31869,31869,0.724014,0.796646,0.0,18.0,2.0,linear
16,214005,23950,23950,0.765545,0.8495,0.0,18.0,2.0,linear
17,204830,16700,16700,0.807983,0.895363,0.0,18.0,2.0,linear
18,196104,10651,10651,0.850355,0.931201,0.0,18.0,2.0,linear
19,187616,6518,6518,0.888633,0.956488,0.0,18.0,2.0,linear
20,179939,3846,3846,0.921473,0.97297,0.0,18.0,2.0,linear
21,174299,2222,2222,0.947144,0.983321,0.0,18.0,2.0,linear
22,170123,1217,1217,0.966777,0.990599,0.0,18.0,2.0,linear
23,166707,653,653,0.979992,0.994818,0.0,18.0,2.0,linear
24,164643,353,353,0.988289,0.997268,0.0,18.0,2.0,linear
25,164156,186,186,0.993694,0.998681,0.0,18.0,2.0,linear
26,163213,102,102,0.996549,0.999321,0.0,18.0,2.0,linear
27,163154,47,47,0.998273,0.9997,0.0,18.0,2.0,linear
28,162864,14,14,0.99915,0.999914,0.0,18.0,2.0,linear
29,162623,3,3,0.999607,0.999982,0.0,18.0,2.0,linear
30,162549,1,1,0.999831,0.999994,0.0,18.0,2.0,linear
31,162470,0,0,0.999954,1.0,0.0,18.0,2.0,linear

