generation,size,female_size,fertile_female_size,rate_dr,rate_has_drive,drive_efficiency,drop_ratio,low_density_growth_rate,density_growth_curve
1,78493,49341,49341,0.0,0.0,0.0,9.0,3.0,linear
2,78558,49389,49389,0.0,0.0,0.0,9.0,3.0,linear
3,78247,49484,49484,0.0,0.0,0.0,9.0,3.0,linear
4,78780,49913,49913,0.0,0.0,0.0,9.0,3.0,linear
5,79018,50403,50403,0.0,0.0,0.0,9.0,3.0,linear
6,79388,50646,50646,0.0,0.0,0.0,9.0,3.0,linear
7,78783,50116,50116,0.0,0.0,0.0,9.0,3.0,linear
8,78929,50103,50103,0.0,0.0,0.0,9.0,3.0,linear
9,78946,50283,50283,0.0,0.0,0.0,9.0,3.0,linear
10,78584,49933,49933,0.0,0.0,0.0,9.0,3.0,linear
11,78199,49694,49694,0.0,0.0,0.0,9.0,3.0,linear
12,132217,49667,49667,0.356362,0.376848,0.0,9.0,3.0,linear
13,156182,46370,46370,0.483251,0.527748,0.0,9.0,3.0,linear
14,150967,40628,40628,0.524574,0.598549,0.0,9.0,3.0,linear
15,144816,33979,33979,0.568085,0.671282,0.0,9.0,3.0,linear
16,138419,27132,27132,0.609101,0.737523,0.0,9.0,3.0,linear
17,132518,20517,20517,0.652974,0.798356,0.0,9.0,3.0,linear
18,125525,14775,14775,0.694202,0.845408,0.0,9.0,3.0,linear
19,118257,10615,10615,0.734518,0.880544,0.0,9.0,3.0,linear
20,111308,7610,7610,0.77461,0.906018,0.0,9.0,3.0,linear
21,104833,5449,5449,0.813265,0.926409,0.0,9.0,3.0,linear
22,99084,3840,3840,0.851231,0.944602,0.0,9.0,3.0,linear
23,94405,2682,2682,0.883376,0.959239,0.0,9.0,3.0,linear
24,91326,1860,1860,0.910879,0.970763,0.0,9.0,3.0,linear
25,88328,1245,1245,0.934616,0.980004,0.0,9.0,3.0,linear
26,86110,777,777,0.953299,0.987061,0.0,9.0,3.0,linear
27,84440,479,479,0.969431,0.992202,0.0,9.0,3.0,linear
28,83219,294,294,0.979999,0.995444,0.0,9.0,3.0,linear
29,82113,184,184,0.987458,0.997424,0.0,9.0,3.0,linear
30,81942,91,91,0.992483,0.998785,0.0,9.0,3.0,linear
31,81451,51,51,0.995247,0.999351,0.0,9.0,3.0,linear
32,81414,18,18,0.997307,0.999742,0.0,9.0,3.0,linear
33,81302,6,6,0.998654,0.999902,0.0,9.0,3.0,linear
34,81087,1,1,0.999445,0.999988,0.0,9.0,3.0,linear
35,81200,1,1,0.999803,0.999988,0.0,9.0,3.0,linear
36,81388,0,0,0.999945,1.0,0.0,9.0,3.0,linear

