generation,size,female_size,fertile_female_size,rate_dr,rate_has_drive,drive_efficiency,drop_ratio,low_density_growth_rate,density_growth_curve
1,78476,49473,49473,0.0,0.0,0.0,13.0,6.0,linear
2,78446,49471,49471,0.0,0.0,0.0,13.0,6.0,linear
3,78747,50011,50011,0.0,0.0,0.0,13.0,6.0,linear
4,79761,50589,50589,0.0,0.0,0.0,13.0,6.0,linear
5,79476,50718,50718,0.0,0.0,0.0,13.0,6.0,linear
6,78237,50257,50257,0.0,0.0,0.0,13.0,6.0,linear
7,78269,50187,50187,0.0,0.0,0.0,13.0,6.0,linear
8,77880,49790,49790,0.0,0.0,0.0,13.0,6.0,linear
9,78194,49762,49762,0.0,0.0,0.0,13.0,6.0,linear
10,79033,50074,50074,0.0,0.0,0.0,13.0,6.0,linear
11,78900,50084,50084,0.0,0.0,0.0,13.0,6.0,linear
12,156697,49838,49838,0.442429,0.462223,0.0,13.0,6.0,linear
13,191966,46108,46108,0.571055,0.611203,0.0,13.0,6.0,linear
14,185705,39929,39929,0.602084,0.674005,0.0,13.0,6.0,linear
15,183010,33892,33892,0.629519,0.735796,0.0,13.0,6.0,linear
16,182122,27674,27674,0.657402,0.793267,0.0,13.0,6.0,linear
17,179887,21534,21534,0.683448,0.841977,0.0,13.0,6.0,linear
18,176090,16055,16055,0.710241,0.880142,0.0,13.0,6.0,linear
19,171509,12093,12093,0.736803,0.904515,0.0,13.0,6.0,linear
20,164514,9147,9147,0.762092,0.921265,0.0,13.0,6.0,linear
21,157259,6978,6978,0.787396,0.93342,0.0,13.0,6.0,linear
22,150749,5523,5523,0.815375,0.94385,0.0,13.0,6.0,linear
23,145117,4310,4310,0.840699,0.953335,0.0,13.0,6.0,linear
24,139816,3517,3517,0.863953,0.961713,0.0,13.0,6.0,linear
25,135680,2712,2712,0.886644,0.970443,0.0,13.0,6.0,linear
26,131651,1989,1989,0.907601,0.977569,0.0,13.0,6.0,linear
27,128224,1432,1432,0.92627,0.983951,0.0,13.0,6.0,linear
28,125529,961,961,0.942376,0.988663,0.0,13.0,6.0,linear
29,123481,664,664,0.957243,0.992082,0.0,13.0,6.0,linear
30,121572,415,415,0.970123,0.995045,0.0,13.0,6.0,linear
31,120143,266,266,0.980175,0.996896,0.0,13.0,6.0,linear
32,119033,160,160,0.986961,0.998124,0.0,13.0,6.0,linear
33,118186,99,99,0.99127,0.998922,0.0,13.0,6.0,linear
34,118007,57,57,0.994865,0.999434,0.0,13.0,6.0,linear
35,117731,32,32,0.996828,0.999712,0.0,13.0,6.0,linear
36,117411,13,13,0.998103,0.999889,0.0,13.0,6.0,linear
37,117282,5,5,0.999084,0.999957,0.0,13.0,6.0,linear
38,117412,2,2,0.99957,0.999983,0.0,13.0,6.0,linear
39,117270,0,0,0.999855,1.0,0.0,13.0,6.0,linear

