generation,size,female_size,fertile_female_size,rate_dr,rate_has_drive,drive_efficiency,drop_ratio,low_density_growth_rate,density_growth_curve
1,78451,49679,49679,0.0,0.0,0.0,15.0,6.0,linear
2,78221,49252,49252,0.0,0.0,0.0,15.0,6.0,linear
3,78178,49385,49385,0.0,0.0,0.0,15.0,6.0,linear
4,79512,50222,50222,0.0,0.0,0.0,15.0,6.0,linear
5,79901,50440,50440,0.0,0.0,0.0,15.0,6.0,linear
6,79066,50259,50259,0.0,0.0,0.0,15.0,6.0,linear
7,77254,49448,49448,0.0,0.0,0.0,15.0,6.0,linear
8,77445,49606,49606,0.0,0.0,0.0,15.0,6.0,linear
9,78905,50280,50280,0.0,0.0,0.0,15.0,6.0,linear
10,79262,50342,50342,0.0,0.0,0.0,15.0,6.0,linear
11,78577,49941,49941,0.0,0.0,0.0,15.0,6.0,linear
12,168744,49947,49947,0.420305,0.420305,0.0,15.0,6.0,linear
13,231284,58658,58658,0.494872,0.494872,0.0,15.0,6.0,linear
14,240269,63671,63671,0.487594,0.487594,0.0,15.0,6.0,linear
15,241227,65784,65784,0.496523,0.496523,0.0,15.0,6.0,linear
16,234212,63793,63793,0.521821,0.521821,0.0,15.0,6.0,linear
17,223198,58657,58657,0.555862,0.555862,0.0,15.0,6.0,linear
18,210413,51277,51277,0.591026,0.591026,0.0,15.0,6.0,linear
19,199374,43670,43670,0.632152,0.632152,0.0,15.0,6.0,linear
20,189257,36712,36712,0.674548,0.674548,0.0,15.0,6.0,linear
21,179414,30077,30077,0.719477,0.719477,0.0,15.0,6.0,linear
22,170631,24517,24517,0.765204,0.765204,0.0,15.0,6.0,linear
23,162659,19351,19351,0.809347,0.809347,0.0,15.0,6.0,linear
24,155572,14696,14696,0.852375,0.852375,0.0,15.0,6.0,linear
25,149823,10658,10658,0.891639,0.891639,0.0,15.0,6.0,linear
26,145748,7616,7616,0.923419,0.923419,0.0,15.0,6.0,linear
27,142159,5137,5137,0.948786,0.948786,0.0,15.0,6.0,linear
28,139978,3344,3344,0.967486,0.967486,0.0,15.0,6.0,linear
29,138104,2021,2021,0.980522,0.980522,0.0,15.0,6.0,linear
30,137054,1214,1214,0.988515,0.988515,0.0,15.0,6.0,linear
31,136102,691,691,0.993507,0.993507,0.0,15.0,6.0,linear
32,136034,375,375,0.99645,0.99645,0.0,15.0,6.0,linear
33,135734,209,209,0.998143,0.998143,0.0,15.0,6.0,linear
34,135554,112,112,0.999034,0.999034,0.0,15.0,6.0,linear
35,135020,57,57,0.999533,0.999533,0.0,15.0,6.0,linear
36,135223,21,21,0.999845,0.999845,0.0,15.0,6.0,linear
37,135590,7,7,0.999948,0.999948,0.0,15.0,6.0,linear
38,135250,3,3,0.999978,0.999978,0.0,15.0,6.0,linear
39,134989,0,0,1.0,1.0,0.0,15.0,6.0,linear

