generation,size,female_size,fertile_female_size,rate_dr,rate_has_drive,drive_efficiency,drop_ratio,low_density_growth_rate,density_growth_curve
1,77918,48838,48838,0.0,0.0,0.0,27.0,7.0,linear
2,77953,48717,48717,0.0,0.0,0.0,27.0,7.0,linear
3,81400,50836,50836,0.0,0.0,0.0,27.0,7.0,linear
4,81620,51312,51312,0.0,0.0,0.0,27.0,7.0,linear
5,76952,49266,49266,0.0,0.0,0.0,27.0,7.0,linear
6,76004,48950,48950,0.0,0.0,0.0,27.0,7.0,linear
7,79635,50529,50529,0.0,0.0,0.0,27.0,7.0,linear
8,79750,50437,50437,0.0,0.0,0.0,27.0,7.0,linear
9,77494,49307,49307,0.0,0.0,0.0,27.0,7.0,linear
10,77925,49792,49792,0.0,0.0,0.0,27.0,7.0,linear
11,79719,50574,50574,0.0,0.0,0.0,27.0,7.0,linear
12,241090,49869,49869,0.554098,0.554098,0.0,27.0,7.0,linear
13,345326,61463,61463,0.623555,0.623555,0.0,27.0,7.0,linear
14,356105,68165,68165,0.615878,0.615878,0.0,27.0,7.0,linear
15,357597,70144,70144,0.630084,0.630084,0.0,27.0,7.0,linear
16,346624,66865,66865,0.662148,0.662148,0.0,27.0,7.0,linear
17,330766,59321,59321,0.702713,0.702713,0.0,27.0,7.0,linear
18,313407,49527,49527,0.742881,0.742881,0.0,27.0,7.0,linear
19,298808,39357,39357,0.786365,0.786365,0.0,27.0,7.0,linear
20,286426,30691,30691,0.8273,0.8273,0.0,27.0,7.0,linear
21,276124,23434,23434,0.865984,0.865984,0.0,27.0,7.0,linear
22,267672,17363,17363,0.900722,0.900722,0.0,27.0,7.0,linear
23,260544,12390,12390,0.929782,0.929782,0.0,27.0,7.0,linear
24,255497,8654,8654,0.951996,0.951996,0.0,27.0,7.0,linear
25,251461,5674,5674,0.969054,0.969054,0.0,27.0,7.0,linear
26,248174,3445,3445,0.981214,0.981214,0.0,27.0,7.0,linear
27,246112,2088,2088,0.989139,0.989139,0.0,27.0,7.0,linear
28,244626,1169,1169,0.994049,0.994049,0.0,27.0,7.0,linear
29,244075,617,617,0.99678,0.99678,0.0,27.0,7.0,linear
30,243461,326,326,0.998382,0.998382,0.0,27.0,7.0,linear
31,243596,161,161,0.999212,0.999212,0.0,27.0,7.0,linear
32,243465,65,65,0.999684,0.999684,0.0,27.0,7.0,linear
33,243603,24,24,0.999901,0.999901,0.0,27.0,7.0,linear
34,243519,9,9,0.999963,0.999963,0.0,27.0,7.0,linear
35,243588,5,5,0.999979,0.999979,0.0,27.0,7.0,linear
36,243235,0,0,1.0,1.0,0.0,27.0,7.0,linear

