generation,size,female_size,fertile_female_size,rate_dr,rate_has_drive,drive_efficiency,drop_ratio,low_density_growth_rate,density_growth_curve
1,78271,49210,49210,0.0,0.0,0.0,3.0,2.0,linear
2,78192,49129,49129,0.0,0.0,0.0,3.0,2.0,linear
3,78268,49579,49579,0.0,0.0,0.0,3.0,2.0,linear
4,78313,49539,49539,0.0,0.0,0.0,3.0,2.0,linear
5,78188,49650,49650,0.0,0.0,0.0,3.0,2.0,linear
6,78276,49992,49992,0.0,0.0,0.0,3.0,2.0,linear
7,78508,50077,50077,0.0,0.0,0.0,3.0,2.0,linear
8,78697,50147,50147,0.0,0.0,0.0,3.0,2.0,linear
9,78395,49982,49982,0.0,0.0,0.0,3.0,2.0,linear
10,78484,49882,49882,0.0,0.0,0.0,3.0,2.0,linear
11,78120,49735,49735,0.0,0.0,0.0,3.0,2.0,linear
12,96216,49783,49783,0.145935,0.145935,0.0,3.0,2.0,linear
13,104528,49545,49545,0.209061,0.209061,0.0,3.0,2.0,linear
14,101610,47926,47926,0.219214,0.219214,0.0,3.0,2.0,linear
15,95898,44901,44901,0.23625,0.23625,0.0,3.0,2.0,linear
16,88458,40576,40576,0.261519,0.261519,0.0,3.0,2.0,linear
17,80455,35727,35727,0.294216,0.294216,0.0,3.0,2.0,linear
18,71591,30273,30273,0.330076,0.330076,0.0,3.0,2.0,linear
19,64601,25642,25642,0.373533,0.373533,0.0,3.0,2.0,linear
20,57489,21042,21042,0.425185,0.425185,0.0,3.0,2.0,linear
21,51577,17016,17016,0.483295,0.483295,0.0,3.0,2.0,linear
22,45907,13377,13377,0.550304,0.550304,0.0,3.0,2.0,linear
23,41319,10250,10250,0.622639,0.622639,0.0,3.0,2.0,linear
24,37539,7576,7576,0.695381,0.695381,0.0,3.0,2.0,linear
25,34266,5402,5402,0.767354,0.767354,0.0,3.0,2.0,linear
26,31958,3637,3637,0.834809,0.834809,0.0,3.0,2.0,linear
27,30329,2382,2382,0.890381,0.890381,0.0,3.0,2.0,linear
28,29024,1478,1478,0.932244,0.932244,0.0,3.0,2.0,linear
29,28064,876,876,0.959539,0.959539,0.0,3.0,2.0,linear
30,27458,500,500,0.977693,0.977693,0.0,3.0,2.0,linear
31,27127,275,275,0.988097,0.988097,0.0,3.0,2.0,linear
32,27075,147,147,0.993758,0.993758,0.0,3.0,2.0,linear
33,27040,68,68,0.99719,0.99719,0.0,3.0,2.0,linear
34,26970,33,33,0.998776,0.998776,0.0,3.0,2.0,linear
35,27138,18,18,0.999337,0.999337,0.0,3.0,2.0,linear
36,27034,7,7,0.999741,0.999741,0.0,3.0,2.0,linear
37,26977,3,3,0.999889,0.999889,0.0,3.0,2.0,linear
38,27035,0,0,1.0,1.0,0.0,3.0,2.0,linear

