generation,size,female_size,fertile_female_size,rate_dr,rate_has_drive,drive_efficiency,drop_ratio,low_density_growth_rate,density_growth_curve
1,78157,49006,49006,0.0,0.0,0.0,6.0,3.0,linear
2,78395,49199,49199,0.0,0.0,0.0,6.0,3.0,linear
3,78843,49719,49719,0.0,0.0,0.0,6.0,3.0,linear
4,78942,50023,50023,0.0,0.0,0.0,6.0,3.0,linear
5,78780,50065,50065,0.0,0.0,0.0,6.0,3.0,linear
6,78775,50047,50047,0.0,0.0,0.0,6.0,3.0,linear
7,79174,50243,50243,0.0,0.0,0.0,6.0,3.0,linear
8,78552,50012,50012,0.0,0.0,0.0,6.0,3.0,linear
9,78414,50017,50017,0.0,0.0,0.0,6.0,3.0,linear
10,77794,49794,49794,0.0,0.0,0.0,6.0,3.0,linear
11,78616,49979,49979,0.0,0.0,0.0,6.0,3.0,linear
12,115094,49956,49956,0.248282,0.248282,0.0,6.0,3.0,linear
13,135397,51005,51005,0.328759,0.328759,0.0,6.0,3.0,linear
14,135348,51330,51330,0.337434,0.337434,0.0,6.0,3.0,linear
15,130937,49270,49270,0.356183,0.356183,0.0,6.0,3.0,linear
16,123099,45303,45303,0.387259,0.387259,0.0,6.0,3.0,linear
17,113351,40011,40011,0.427611,0.427611,0.0,6.0,3.0,linear
18,103191,34046,34046,0.470897,0.470897,0.0,6.0,3.0,linear
19,94894,28169,28169,0.524312,0.524312,0.0,6.0,3.0,linear
20,86876,22639,22639,0.58044,0.58044,0.0,6.0,3.0,linear
21,80242,18091,18091,0.638777,0.638777,0.0,6.0,3.0,linear
22,73989,14119,14119,0.702471,0.702471,0.0,6.0,3.0,linear
23,68649,10648,10648,0.765849,0.765849,0.0,6.0,3.0,linear
24,64545,7707,7707,0.823821,0.823821,0.0,6.0,3.0,linear
25,61150,5395,5395,0.873784,0.873784,0.0,6.0,3.0,linear
26,58613,3610,3610,0.914687,0.914687,0.0,6.0,3.0,linear
27,57123,2280,2280,0.944867,0.944867,0.0,6.0,3.0,linear
28,55985,1399,1399,0.966084,0.966084,0.0,6.0,3.0,linear
29,55310,789,789,0.981214,0.981214,0.0,6.0,3.0,linear
30,54833,433,433,0.989974,0.989974,0.0,6.0,3.0,linear
31,54181,228,228,0.994851,0.994851,0.0,6.0,3.0,linear
32,54052,118,118,0.997355,0.997355,0.0,6.0,3.0,linear
33,54385,60,60,0.998731,0.998731,0.0,6.0,3.0,linear
34,54159,25,25,0.99952,0.99952,0.0,6.0,3.0,linear
35,54147,17,17,0.999686,0.999686,0.0,6.0,3.0,linear
36,54197,6,6,0.999889,0.999889,0.0,6.0,3.0,linear
37,54191,2,2,0.999963,0.999963,0.0,6.0,3.0,linear
38,54118,0,0,1.0,1.0,0.0,6.0,3.0,linear

