generation,size,female_size,fertile_female_size,rate_dr,rate_has_drive,drive_efficiency,drop_ratio,low_density_growth_rate,density_growth_curve
1,78368,49374,49374,0.0,0.0,0.0,21.0,8.0,linear
2,78300,49313,49313,0.0,0.0,0.0,21.0,8.0,linear
3,80929,50667,50667,0.0,0.0,0.0,21.0,8.0,linear
4,80703,50916,50916,0.0,0.0,0.0,21.0,8.0,linear
5,77824,49648,49648,0.0,0.0,0.0,21.0,8.0,linear
6,76687,49229,49229,0.0,0.0,0.0,21.0,8.0,linear
7,80113,50906,50906,0.0,0.0,0.0,21.0,8.0,linear
8,81789,51540,51540,0.0,0.0,0.0,21.0,8.0,linear
9,77563,49566,49566,0.0,0.0,0.0,21.0,8.0,linear
10,74649,48213,48213,0.0,0.0,0.0,21.0,8.0,linear
11,79050,50324,50324,0.0,0.0,0.0,21.0,8.0,linear
12,207713,51338,51338,0.477332,0.477332,0.0,21.0,8.0,linear
13,297726,65130,65130,0.545404,0.545404,0.0,21.0,8.0,linear
14,310432,72689,72689,0.533201,0.533201,0.0,21.0,8.0,linear
15,314312,76628,76628,0.539915,0.539915,0.0,21.0,8.0,linear
16,306712,75341,75341,0.562406,0.562406,0.0,21.0,8.0,linear
17,295369,70275,70275,0.590298,0.590298,0.0,21.0,8.0,linear
18,282134,62682,62682,0.619458,0.619458,0.0,21.0,8.0,linear
19,270383,54533,54533,0.651853,0.651853,0.0,21.0,8.0,linear
20,259663,47204,47204,0.68597,0.68597,0.0,21.0,8.0,linear
21,248718,40312,40312,0.721466,0.721466,0.0,21.0,8.0,linear
22,238943,33827,33827,0.759376,0.759376,0.0,21.0,8.0,linear
23,229683,27847,27847,0.798482,0.798482,0.0,21.0,8.0,linear
24,221515,22410,22410,0.836069,0.836069,0.0,21.0,8.0,linear
25,213610,17105,17105,0.872129,0.872129,0.0,21.0,8.0,linear
26,206840,12892,12892,0.903518,0.903518,0.0,21.0,8.0,linear
27,201928,9288,9288,0.930284,0.930284,0.0,21.0,8.0,linear
28,197894,6398,6398,0.95227,0.95227,0.0,21.0,8.0,linear
29,195379,4351,4351,0.969419,0.969419,0.0,21.0,8.0,linear
30,192739,2703,2703,0.981414,0.981414,0.0,21.0,8.0,linear
31,191490,1658,1658,0.989143,0.989143,0.0,21.0,8.0,linear
32,190484,943,943,0.993865,0.993865,0.0,21.0,8.0,linear
33,190064,507,507,0.996859,0.996859,0.0,21.0,8.0,linear
34,189873,243,243,0.998436,0.998436,0.0,21.0,8.0,linear
35,189382,117,117,0.999219,0.999219,0.0,21.0,8.0,linear
36,189502,67,67,0.999604,0.999604,0.0,21.0,8.0,linear
37,189403,33,33,0.999805,0.999805,0.0,21.0,8.0,linear
38,189424,12,12,0.999931,0.999931,0.0,21.0,8.0,linear
39,189398,4,4,0.999979,0.999979,0.0,21.0,8.0,linear
40,189466,4,4,0.999979,0.999979,0.0,21.0,8.0,linear
41,189179,0,0,1.0,1.0,0.0,21.0,8.0,linear

