generation,size,female_size,fertile_female_size,rate_dr,rate_has_drive,drive_efficiency,drop_ratio,low_density_growth_rate,density_growth_curve
1,78360,49263,49263,0.0,0.0,0.0,22.5,8.0,linear
2,77796,48967,48967,0.0,0.0,0.0,22.5,8.0,linear
3,80448,50392,50392,0.0,0.0,0.0,22.5,8.0,linear
4,81268,50994,50994,0.0,0.0,0.0,22.5,8.0,linear
5,78497,49903,49903,0.0,0.0,0.0,22.5,8.0,linear
6,74944,48269,48269,0.0,0.0,0.0,22.5,8.0,linear
7,77702,49403,49403,0.0,0.0,0.0,22.5,8.0,linear
8,81948,51353,51353,0.0,0.0,0.0,22.5,8.0,linear
9,80639,50854,50854,0.0,0.0,0.0,22.5,8.0,linear
10,75904,48714,48714,0.0,0.0,0.0,22.5,8.0,linear
11,76340,49021,49021,0.0,0.0,0.0,22.5,8.0,linear
12,215411,50842,50842,0.497618,0.497618,0.0,22.5,8.0,linear
13,310904,64436,64436,0.564935,0.564935,0.0,22.5,8.0,linear
14,323445,72133,72133,0.551906,0.551906,0.0,22.5,8.0,linear
15,327440,76373,76373,0.559032,0.559032,0.0,22.5,8.0,linear
16,318424,74791,74791,0.581274,0.581274,0.0,22.5,8.0,linear
17,306716,69443,69443,0.608854,0.608854,0.0,22.5,8.0,linear
18,293712,61808,61808,0.639606,0.639606,0.0,22.5,8.0,linear
19,281405,52983,52983,0.674072,0.674072,0.0,22.5,8.0,linear
20,270196,45340,45340,0.70998,0.70998,0.0,22.5,8.0,linear
21,259271,37917,37917,0.749449,0.749449,0.0,22.5,8.0,linear
22,248834,31241,31241,0.787674,0.787674,0.0,22.5,8.0,linear
23,239476,25383,25383,0.824984,0.824984,0.0,22.5,8.0,linear
24,230775,19977,19977,0.860881,0.860881,0.0,22.5,8.0,linear
25,223495,15150,15150,0.893429,0.893429,0.0,22.5,8.0,linear
26,218132,11182,11182,0.923036,0.923036,0.0,22.5,8.0,linear
27,213444,7855,7855,0.94584,0.94584,0.0,22.5,8.0,linear
28,210231,5332,5332,0.963546,0.963546,0.0,22.5,8.0,linear
29,207878,3492,3492,0.976923,0.976923,0.0,22.5,8.0,linear
30,206060,2149,2149,0.986279,0.986279,0.0,22.5,8.0,linear
31,204635,1260,1260,0.992519,0.992519,0.0,22.5,8.0,linear
32,203901,636,636,0.9964,0.9964,0.0,22.5,8.0,linear
33,203138,315,315,0.998238,0.998238,0.0,22.5,8.0,linear
34,203330,129,129,0.999336,0.999336,0.0,22.5,8.0,linear
35,202989,43,43,0.999778,0.999778,0.0,22.5,8.0,linear
36,202688,6,6,0.999961,0.999961,0.0,22.5,8.0,linear
37,203184,0,0,1.0,1.0,0.0,22.5,8.0,linear

