generation,size,female_size,fertile_female_size,rate_dr,rate_has_drive,drive_efficiency,drop_ratio,low_density_growth_rate,density_growth_curve
1,78333,49359,49359,0.0,0.0,0.0,24.0,6.0,linear
2,78563,49353,49353,0.0,0.0,0.0,24.0,6.0,linear
3,79881,50125,50125,0.0,0.0,0.0,24.0,6.0,linear
4,79879,50424,50424,0.0,0.0,0.0,24.0,6.0,linear
5,79411,50201,50201,0.0,0.0,0.0,24.0,6.0,linear
6,78405,49951,49951,0.0,0.0,0.0,24.0,6.0,linear
7,78430,49836,49836,0.0,0.0,0.0,24.0,6.0,linear
8,78950,50252,50252,0.0,0.0,0.0,24.0,6.0,linear
9,78743,50126,50126,0.0,0.0,0.0,24.0,6.0,linear
10,77590,49822,49822,0.0,0.0,0.0,24.0,6.0,linear
11,77857,49850,49850,0.0,0.0,0.0,24.0,6.0,linear
12,223414,50341,50341,0.535772,0.535772,0.0,24.0,6.0,linear
13,313591,59349,59349,0.611272,0.611272,0.0,24.0,6.0,linear
14,321867,63917,63917,0.607831,0.607831,0.0,24.0,6.0,linear
15,320445,64492,64492,0.625319,0.625319,0.0,24.0,6.0,linear
16,308940,60290,60290,0.660359,0.660359,0.0,24.0,6.0,linear
17,293574,52798,52798,0.704472,0.704472,0.0,24.0,6.0,linear
18,277181,43224,43224,0.750478,0.750478,0.0,24.0,6.0,linear
19,263667,33635,33635,0.797965,0.797965,0.0,24.0,6.0,linear
20,251733,25491,25491,0.84053,0.84053,0.0,24.0,6.0,linear
21,242502,18679,18679,0.878893,0.878893,0.0,24.0,6.0,linear
22,235326,13498,13498,0.91236,0.91236,0.0,24.0,6.0,linear
23,229137,9388,9388,0.940152,0.940152,0.0,24.0,6.0,linear
24,224616,6364,6364,0.960841,0.960841,0.0,24.0,6.0,linear
25,222001,3917,3917,0.976593,0.976593,0.0,24.0,6.0,linear
26,219834,2309,2309,0.986637,0.986637,0.0,24.0,6.0,linear
27,218356,1297,1297,0.992825,0.992825,0.0,24.0,6.0,linear
28,217688,621,621,0.996601,0.996601,0.0,24.0,6.0,linear
29,216222,288,288,0.998478,0.998478,0.0,24.0,6.0,linear
30,216375,119,119,0.999381,0.999381,0.0,24.0,6.0,linear
31,216314,62,62,0.999686,0.999686,0.0,24.0,6.0,linear
32,216867,29,29,0.999866,0.999866,0.0,24.0,6.0,linear
33,216625,9,9,0.999958,0.999958,0.0,24.0,6.0,linear
34,216230,5,5,0.999977,0.999977,0.0,24.0,6.0,linear
35,216720,2,2,0.999991,0.999991,0.0,24.0,6.0,linear
36,216795,0,0,1.0,1.0,0.0,24.0,6.0,linear

