generation,size,female_size,fertile_female_size,rate_dr,rate_has_drive,drive_efficiency,drop_ratio,low_density_growth_rate,density_growth_curve
1,78181,49142,49142,0.0,0.0,0.0,24.0,9.0,linear
2,78594,49399,49399,0.0,0.0,0.0,24.0,9.0,linear
3,80887,50894,50894,0.0,0.0,0.0,24.0,9.0,linear
4,80934,51173,51173,0.0,0.0,0.0,24.0,9.0,linear
5,77016,49496,49496,0.0,0.0,0.0,24.0,9.0,linear
6,75827,49075,49075,0.0,0.0,0.0,24.0,9.0,linear
7,78364,49981,49981,0.0,0.0,0.0,24.0,9.0,linear
8,81268,51104,51104,0.0,0.0,0.0,24.0,9.0,linear
9,76123,48650,48650,0.0,0.0,0.0,24.0,9.0,linear
10,75492,48484,48484,0.0,0.0,0.0,24.0,9.0,linear
11,81872,51672,51672,0.0,0.0,0.0,24.0,9.0,linear
12,226530,51389,51389,0.501332,0.501332,0.0,24.0,9.0,linear
13,331372,68137,68137,0.56668,0.56668,0.0,24.0,9.0,linear
14,344165,76537,76537,0.549781,0.549781,0.0,24.0,9.0,linear
15,351450,82325,82325,0.553172,0.553172,0.0,24.0,9.0,linear
16,343259,81514,81514,0.571687,0.571687,0.0,24.0,9.0,linear
17,333131,76939,76939,0.595559,0.595559,0.0,24.0,9.0,linear
18,320373,69690,69690,0.622115,0.622115,0.0,24.0,9.0,linear
19,307851,61244,61244,0.651704,0.651704,0.0,24.0,9.0,linear
20,297127,53693,53693,0.682786,0.682786,0.0,24.0,9.0,linear
21,285914,46285,46285,0.715567,0.715567,0.0,24.0,9.0,linear
22,275697,39798,39798,0.750495,0.750495,0.0,24.0,9.0,linear
23,265147,33519,33519,0.785143,0.785143,0.0,24.0,9.0,linear
24,256758,27784,27784,0.820162,0.820162,0.0,24.0,9.0,linear
25,248648,22080,22080,0.854599,0.854599,0.0,24.0,9.0,linear
26,241148,17314,17314,0.886034,0.886034,0.0,24.0,9.0,linear
27,234802,12930,12930,0.913257,0.913257,0.0,24.0,9.0,linear
28,229442,9561,9561,0.93589,0.93589,0.0,24.0,9.0,linear
29,225883,6781,6781,0.955046,0.955046,0.0,24.0,9.0,linear
30,222319,4595,4595,0.970439,0.970439,0.0,24.0,9.0,linear
31,220673,2971,2971,0.98122,0.98122,0.0,24.0,9.0,linear
32,218772,1805,1805,0.989216,0.989216,0.0,24.0,9.0,linear
33,217689,1085,1085,0.993973,0.993973,0.0,24.0,9.0,linear
34,216848,581,581,0.996874,0.996874,0.0,24.0,9.0,linear
35,216804,287,287,0.998621,0.998621,0.0,24.0,9.0,linear
36,216664,124,124,0.999423,0.999423,0.0,24.0,9.0,linear
37,216272,49,49,0.999773,0.999773,0.0,24.0,9.0,linear
38,216390,16,16,0.999926,0.999926,0.0,24.0,9.0,linear
39,216519,3,3,0.999986,0.999986,0.0,24.0,9.0,linear
40,216307,1,1,0.999995,0.999995,0.0,24.0,9.0,linear
41,216586,0,0,1.0,1.0,0.0,24.0,9.0,linear

