generation,size,female_size,fertile_female_size,rate_dr,rate_has_drive,drive_efficiency,drop_ratio,low_density_growth_rate,density_growth_curve
1,78419,49342,49342,0.0,0.0,0.0,30.0,7.0,linear
2,78552,49376,49376,0.0,0.0,0.0,30.0,7.0,linear
3,79932,50261,50261,0.0,0.0,0.0,30.0,7.0,linear
4,80384,50840,50840,0.0,0.0,0.0,30.0,7.0,linear
5,78123,49993,49993,0.0,0.0,0.0,30.0,7.0,linear
6,76442,49011,49011,0.0,0.0,0.0,30.0,7.0,linear
7,77626,49281,49281,0.0,0.0,0.0,30.0,7.0,linear
8,79781,50252,50252,0.0,0.0,0.0,30.0,7.0,linear
9,79792,50221,50221,0.0,0.0,0.0,30.0,7.0,linear
10,78141,49754,49754,0.0,0.0,0.0,30.0,7.0,linear
11,77566,49561,49561,0.0,0.0,0.0,30.0,7.0,linear
12,258290,49872,49872,0.58096,0.58096,0.0,30.0,7.0,linear
13,372047,61286,61286,0.648833,0.648833,0.0,30.0,7.0,linear
14,382689,67462,67462,0.642059,0.642059,0.0,30.0,7.0,linear
15,383158,69450,69450,0.657008,0.657008,0.0,30.0,7.0,linear
16,371140,65551,65551,0.690474,0.690474,0.0,30.0,7.0,linear
17,354847,57544,57544,0.731073,0.731073,0.0,30.0,7.0,linear
18,337613,47397,47397,0.773171,0.773171,0.0,30.0,7.0,linear
19,321957,36859,36859,0.815371,0.815371,0.0,30.0,7.0,linear
20,310290,28206,28206,0.854105,0.854105,0.0,30.0,7.0,linear
21,299784,20905,20905,0.88929,0.88929,0.0,30.0,7.0,linear
22,291511,15183,15183,0.920407,0.920407,0.0,30.0,7.0,linear
23,284800,10728,10728,0.945113,0.945113,0.0,30.0,7.0,linear
24,279119,7132,7132,0.96505,0.96505,0.0,30.0,7.0,linear
25,275959,4444,4444,0.978788,0.978788,0.0,30.0,7.0,linear
26,273800,2585,2585,0.987936,0.987936,0.0,30.0,7.0,linear
27,272680,1444,1444,0.993594,0.993594,0.0,30.0,7.0,linear
28,272107,769,769,0.996685,0.996685,0.0,30.0,7.0,linear
29,271230,381,381,0.998429,0.998429,0.0,30.0,7.0,linear
30,270370,167,167,0.999305,0.999305,0.0,30.0,7.0,linear
31,269948,72,72,0.999696,0.999696,0.0,30.0,7.0,linear
32,270769,29,29,0.999874,0.999874,0.0,30.0,7.0,linear
33,270250,14,14,0.999948,0.999948,0.0,30.0,7.0,linear
34,270563,5,5,0.999982,0.999982,0.0,30.0,7.0,linear
35,271079,1,1,0.999996,0.999996,0.0,30.0,7.0,linear
36,270743,1,1,0.999996,0.999996,0.0,30.0,7.0,linear
37,270623,0,0,1.0,1.0,0.0,30.0,7.0,linear

