generation,size,female_size,fertile_female_size,rate_dr,rate_has_drive,drive_efficiency,drop_ratio,low_density_growth_rate,density_growth_curve
1,78415,49482,49482,0.0,0.0,0.0,25.5,5.0,linear
2,78411,49322,49322,0.0,0.0,0.0,25.5,5.0,linear
3,79735,50014,50014,0.0,0.0,0.0,25.5,5.0,linear
4,79891,50445,50445,0.0,0.0,0.0,25.5,5.0,linear
5,79460,50389,50389,0.0,0.0,0.0,25.5,5.0,linear
6,77917,49679,49679,0.0,0.0,0.0,25.5,5.0,linear
7,77930,49592,49592,0.0,0.0,0.0,25.5,5.0,linear
8,79019,50083,50083,0.0,0.0,0.0,25.5,5.0,linear
9,79526,50270,50270,0.0,0.0,0.0,25.5,5.0,linear
10,79526,50219,50219,0.0,0.0,0.0,25.5,5.0,linear
11,78207,49693,49693,0.0,0.0,0.0,25.5,5.0,linear
12,231347,49857,49857,0.562018,0.562018,0.0,25.5,5.0,linear
13,321229,56246,56246,0.642887,0.642887,0.0,25.5,5.0,linear
14,326872,59388,59388,0.645617,0.645617,0.0,25.5,5.0,linear
15,322371,58425,58425,0.668098,0.668098,0.0,25.5,5.0,linear
16,309762,52946,52946,0.710664,0.710664,0.0,25.5,5.0,linear
17,292689,44183,44183,0.761426,0.761426,0.0,25.5,5.0,linear
18,276688,34283,34283,0.811112,0.811112,0.0,25.5,5.0,linear
19,263586,24880,24880,0.85805,0.85805,0.0,25.5,5.0,linear
20,253850,17436,17436,0.89822,0.89822,0.0,25.5,5.0,linear
21,246480,11944,11944,0.92942,0.92942,0.0,25.5,5.0,linear
22,239978,7839,7839,0.953899,0.953899,0.0,25.5,5.0,linear
23,236427,5002,5002,0.971549,0.971549,0.0,25.5,5.0,linear
24,233594,3082,3082,0.982988,0.982988,0.0,25.5,5.0,linear
25,232138,1728,1728,0.990613,0.990613,0.0,25.5,5.0,linear
26,231464,924,924,0.995059,0.995059,0.0,25.5,5.0,linear
27,230195,443,443,0.997667,0.997667,0.0,25.5,5.0,linear
28,230183,215,215,0.998905,0.998905,0.0,25.5,5.0,linear
29,230146,91,91,0.999557,0.999557,0.0,25.5,5.0,linear
30,230079,40,40,0.999826,0.999826,0.0,25.5,5.0,linear
31,230466,12,12,0.999948,0.999948,0.0,25.5,5.0,linear
32,230171,1,1,0.999996,0.999996,0.0,25.5,5.0,linear
33,230084,0,0,1.0,1.0,0.0,25.5,5.0,linear

