generation,size,female_size,fertile_female_size,rate_dr,rate_has_drive,drive_efficiency,drop_ratio,low_density_growth_rate,density_growth_curve
1,77848,49104,49104,0.0,0.0,0.0,25.5,2.0,linear
2,77957,49215,49215,0.0,0.0,0.0,25.5,2.0,linear
3,78345,49584,49584,0.0,0.0,0.0,25.5,2.0,linear
4,78413,49716,49716,0.0,0.0,0.0,25.5,2.0,linear
5,78657,50141,50141,0.0,0.0,0.0,25.5,2.0,linear
6,78669,50203,50203,0.0,0.0,0.0,25.5,2.0,linear
7,78617,50121,50121,0.0,0.0,0.0,25.5,2.0,linear
8,78593,49978,49978,0.0,0.0,0.0,25.5,2.0,linear
9,78835,50052,50052,0.0,0.0,0.0,25.5,2.0,linear
10,78857,50088,50088,0.0,0.0,0.0,25.5,2.0,linear
11,78918,50183,50183,0.0,0.0,0.0,25.5,2.0,linear
12,232197,50085,50085,0.594719,0.594719,0.0,25.5,2.0,linear
13,305817,48833,48833,0.70524,0.70524,0.0,25.5,2.0,linear
14,298519,44917,44917,0.735894,0.735894,0.0,25.5,2.0,linear
15,286742,38496,38496,0.778507,0.778507,0.0,25.5,2.0,linear
16,273685,30672,30672,0.829376,0.829376,0.0,25.5,2.0,linear
17,260087,22213,22213,0.880647,0.880647,0.0,25.5,2.0,linear
18,248159,14711,14711,0.922334,0.922334,0.0,25.5,2.0,linear
19,240781,8883,8883,0.953994,0.953994,0.0,25.5,2.0,linear
20,236497,4891,4891,0.974581,0.974581,0.0,25.5,2.0,linear
21,233790,2541,2541,0.986831,0.986831,0.0,25.5,2.0,linear
22,231369,1210,1210,0.993643,0.993643,0.0,25.5,2.0,linear
23,230585,580,580,0.997112,0.997112,0.0,25.5,2.0,linear
24,230701,308,308,0.998561,0.998561,0.0,25.5,2.0,linear
25,230527,150,150,0.999328,0.999328,0.0,25.5,2.0,linear
26,230451,63,63,0.999727,0.999727,0.0,25.5,2.0,linear
27,230114,23,23,0.9999,0.9999,0.0,25.5,2.0,linear
28,229991,9,9,0.999961,0.999961,0.0,25.5,2.0,linear
29,229744,3,3,0.999987,0.999987,0.0,25.5,2.0,linear
30,230554,0,0,1.0,1.0,0.0,25.5,2.0,linear

