generation,size,female_size,fertile_female_size,rate_dr,rate_has_drive,drive_efficiency,drop_ratio,low_density_growth_rate,density_growth_curve
1,78090,48997,48997,0.0,0.0,0.0,15.0,5.0,linear
2,77908,48966,48966,0.0,0.0,0.0,15.0,5.0,linear
3,79847,50271,50271,0.0,0.0,0.0,15.0,5.0,linear
4,80445,50932,50932,0.0,0.0,0.0,15.0,5.0,linear
5,79292,50599,50599,0.0,0.0,0.0,15.0,5.0,linear
6,76611,49314,49314,0.0,0.0,0.0,15.0,5.0,linear
7,76694,49096,49096,0.0,0.0,0.0,15.0,5.0,linear
8,78533,49899,49899,0.0,0.0,0.0,15.0,5.0,linear
9,80243,50606,50606,0.0,0.0,0.0,15.0,5.0,linear
10,79230,50313,50313,0.0,0.0,0.0,15.0,5.0,linear
11,77817,49519,49519,0.0,0.0,0.0,15.0,5.0,linear
12,168060,49662,49662,0.431369,0.431369,0.0,15.0,5.0,linear
13,225814,55963,55963,0.513942,0.513942,0.0,15.0,5.0,linear
14,231633,59494,59494,0.512241,0.512241,0.0,15.0,5.0,linear
15,230166,59486,59486,0.529938,0.529938,0.0,15.0,5.0,linear
16,220991,55948,55948,0.562879,0.562879,0.0,15.0,5.0,linear
17,208298,49686,49686,0.606393,0.606393,0.0,15.0,5.0,linear
18,194917,41336,41336,0.656464,0.656464,0.0,15.0,5.0,linear
19,182345,33035,33035,0.707268,0.707268,0.0,15.0,5.0,linear
20,172527,25939,25939,0.758459,0.758459,0.0,15.0,5.0,linear
21,163248,19725,19725,0.808506,0.808506,0.0,15.0,5.0,linear
22,155635,14695,14695,0.854253,0.854253,0.0,15.0,5.0,linear
23,149787,10582,10582,0.894178,0.894178,0.0,15.0,5.0,linear
24,145056,7389,7389,0.926677,0.926677,0.0,15.0,5.0,linear
25,141722,4911,4911,0.951596,0.951596,0.0,15.0,5.0,linear
26,139710,3068,3068,0.970436,0.970436,0.0,15.0,5.0,linear
27,137546,1840,1840,0.982453,0.982453,0.0,15.0,5.0,linear
28,136385,1012,1012,0.990217,0.990217,0.0,15.0,5.0,linear
29,135973,561,561,0.99453,0.99453,0.0,15.0,5.0,linear
30,136128,272,272,0.997451,0.997451,0.0,15.0,5.0,linear
31,135715,140,140,0.998747,0.998747,0.0,15.0,5.0,linear
32,135627,71,71,0.999388,0.999388,0.0,15.0,5.0,linear
33,135182,35,35,0.999726,0.999726,0.0,15.0,5.0,linear
34,135340,16,16,0.999882,0.999882,0.0,15.0,5.0,linear
35,135163,4,4,0.99997,0.99997,0.0,15.0,5.0,linear
36,135277,0,0,1.0,1.0,0.0,15.0,5.0,linear

