generation,size,female_size,fertile_female_size,rate_dr,rate_has_drive,drive_efficiency,drop_ratio,low_density_growth_rate,density_growth_curve
1,78537,49248,49248,0.0,0.0,0.0,25.5,8.0,linear
2,78421,49264,49264,0.0,0.0,0.0,25.5,8.0,linear
3,81112,50866,50866,0.0,0.0,0.0,25.5,8.0,linear
4,79695,50512,50512,0.0,0.0,0.0,25.5,8.0,linear
5,77316,49583,49583,0.0,0.0,0.0,25.5,8.0,linear
6,76710,49368,49368,0.0,0.0,0.0,25.5,8.0,linear
7,78182,49793,49793,0.0,0.0,0.0,25.5,8.0,linear
8,80348,50640,50640,0.0,0.0,0.0,25.5,8.0,linear
9,78758,49804,49804,0.0,0.0,0.0,25.5,8.0,linear
10,77197,49282,49282,0.0,0.0,0.0,25.5,8.0,linear
11,78673,49992,49992,0.0,0.0,0.0,25.5,8.0,linear
12,233606,50858,50858,0.527606,0.527606,0.0,25.5,8.0,linear
13,338318,64784,64784,0.59477,0.59477,0.0,25.5,8.0,linear
14,350383,72401,72401,0.582596,0.582596,0.0,25.5,8.0,linear
15,354213,75825,75825,0.59133,0.59133,0.0,25.5,8.0,linear
16,344398,73887,73887,0.616153,0.616153,0.0,25.5,8.0,linear
17,330801,67693,67693,0.650509,0.650509,0.0,25.5,8.0,linear
18,315923,58597,58597,0.685867,0.685867,0.0,25.5,8.0,linear
19,301634,48986,48986,0.723602,0.723602,0.0,25.5,8.0,linear
20,289541,40625,40625,0.760485,0.760485,0.0,25.5,8.0,linear
21,279070,33237,33237,0.798767,0.798767,0.0,25.5,8.0,linear
22,269084,26682,26682,0.837935,0.837935,0.0,25.5,8.0,linear
23,259444,20653,20653,0.873041,0.873041,0.0,25.5,8.0,linear
24,251717,15566,15566,0.904129,0.904129,0.0,25.5,8.0,linear
25,245430,11294,11294,0.93108,0.93108,0.0,25.5,8.0,linear
26,240364,7825,7825,0.953416,0.953416,0.0,25.5,8.0,linear
27,236908,5123,5123,0.969626,0.969626,0.0,25.5,8.0,linear
28,234268,3288,3288,0.981115,0.981115,0.0,25.5,8.0,linear
29,232652,2027,2027,0.988727,0.988727,0.0,25.5,8.0,linear
30,231371,1128,1128,0.993842,0.993842,0.0,25.5,8.0,linear
31,231131,580,580,0.997023,0.997023,0.0,25.5,8.0,linear
32,230530,294,294,0.998469,0.998469,0.0,25.5,8.0,linear
33,230335,150,150,0.999279,0.999279,0.0,25.5,8.0,linear
34,230175,65,65,0.999696,0.999696,0.0,25.5,8.0,linear
35,230357,28,28,0.999874,0.999874,0.0,25.5,8.0,linear
36,230290,9,9,0.999961,0.999961,0.0,25.5,8.0,linear
37,229799,0,0,1.0,1.0,0.0,25.5,8.0,linear

