generation,size,female_size,fertile_female_size,rate_dr,rate_has_drive,drive_efficiency,drop_ratio,low_density_growth_rate,density_growth_curve
1,78060,49344,49344,0.0,0.0,0.0,21.0,7.0,linear
2,78417,49435,49435,0.0,0.0,0.0,21.0,7.0,linear
3,78870,49795,49795,0.0,0.0,0.0,21.0,7.0,linear
4,80647,50985,50985,0.0,0.0,0.0,21.0,7.0,linear
5,80069,50971,50971,0.0,0.0,0.0,21.0,7.0,linear
6,76697,49202,49202,0.0,0.0,0.0,21.0,7.0,linear
7,76559,49029,49029,0.0,0.0,0.0,21.0,7.0,linear
8,80006,50805,50805,0.0,0.0,0.0,21.0,7.0,linear
9,80256,50504,50504,0.0,0.0,0.0,21.0,7.0,linear
10,78267,49925,49925,0.0,0.0,0.0,21.0,7.0,linear
11,77818,49701,49701,0.0,0.0,0.0,21.0,7.0,linear
12,203957,49753,49753,0.492417,0.492417,0.0,21.0,7.0,linear
13,290846,61129,61129,0.562874,0.562874,0.0,21.0,7.0,linear
14,302847,67979,67979,0.554047,0.554047,0.0,21.0,7.0,linear
15,303754,70709,70709,0.564997,0.564997,0.0,21.0,7.0,linear
16,294854,68217,68217,0.59262,0.59262,0.0,21.0,7.0,linear
17,281552,62015,62015,0.628912,0.628912,0.0,21.0,7.0,linear
18,266457,52800,52800,0.667301,0.667301,0.0,21.0,7.0,linear
19,253051,43800,43800,0.707815,0.707815,0.0,21.0,7.0,linear
20,241935,35977,35977,0.749234,0.749234,0.0,21.0,7.0,linear
21,231770,29267,29267,0.791052,0.791052,0.0,21.0,7.0,linear
22,222119,22991,22991,0.832209,0.832209,0.0,21.0,7.0,linear
23,214356,17597,17597,0.871726,0.871726,0.0,21.0,7.0,linear
24,207241,12988,12988,0.904452,0.904452,0.0,21.0,7.0,linear
25,201886,9238,9238,0.933067,0.933067,0.0,21.0,7.0,linear
26,197295,6175,6175,0.955462,0.955462,0.0,21.0,7.0,linear
27,194982,4079,4079,0.971295,0.971295,0.0,21.0,7.0,linear
28,192655,2576,2576,0.982586,0.982586,0.0,21.0,7.0,linear
29,191907,1543,1543,0.989735,0.989735,0.0,21.0,7.0,linear
30,190929,879,879,0.994459,0.994459,0.0,21.0,7.0,linear
31,190124,447,447,0.997307,0.997307,0.0,21.0,7.0,linear
32,189721,226,226,0.998688,0.998688,0.0,21.0,7.0,linear
33,188890,100,100,0.999439,0.999439,0.0,21.0,7.0,linear
34,189396,44,44,0.999768,0.999768,0.0,21.0,7.0,linear
35,189227,15,15,0.999921,0.999921,0.0,21.0,7.0,linear
36,189752,2,2,0.999989,0.999989,0.0,21.0,7.0,linear
37,190245,0,0,1.0,1.0,0.0,21.0,7.0,linear

