generation,size,female_size,fertile_female_size,rate_dr,rate_has_drive,drive_efficiency,drop_ratio,low_density_growth_rate,density_growth_curve
1,78352,49222,49222,0.0,0.0,0.0,22.5,6.0,linear
2,78407,49409,49409,0.0,0.0,0.0,22.5,6.0,linear
3,80108,50643,50643,0.0,0.0,0.0,22.5,6.0,linear
4,80837,51191,51191,0.0,0.0,0.0,22.5,6.0,linear
5,77618,49719,49719,0.0,0.0,0.0,22.5,6.0,linear
6,76546,49155,49155,0.0,0.0,0.0,22.5,6.0,linear
7,77225,49402,49402,0.0,0.0,0.0,22.5,6.0,linear
8,78677,49774,49774,0.0,0.0,0.0,22.5,6.0,linear
9,79459,50153,50153,0.0,0.0,0.0,22.5,6.0,linear
10,78428,49762,49762,0.0,0.0,0.0,22.5,6.0,linear
11,79130,50469,50469,0.0,0.0,0.0,22.5,6.0,linear
12,213767,50232,50232,0.518629,0.518629,0.0,22.5,6.0,linear
13,298979,59203,59203,0.594233,0.594233,0.0,22.5,6.0,linear
14,308588,63965,63965,0.591391,0.591391,0.0,22.5,6.0,linear
15,307318,64915,64915,0.607087,0.607087,0.0,22.5,6.0,linear
16,296410,61141,61141,0.642954,0.642954,0.0,22.5,6.0,linear
17,281438,53271,53271,0.688701,0.688701,0.0,22.5,6.0,linear
18,264910,43636,43636,0.73425,0.73425,0.0,22.5,6.0,linear
19,251082,34260,34260,0.781658,0.781658,0.0,22.5,6.0,linear
20,239376,26331,26331,0.825298,0.825298,0.0,22.5,6.0,linear
21,230573,19702,19702,0.866706,0.866706,0.0,22.5,6.0,linear
22,222017,14125,14125,0.904492,0.904492,0.0,22.5,6.0,linear
23,215947,9866,9866,0.934096,0.934096,0.0,22.5,6.0,linear
24,211690,6596,6596,0.956953,0.956953,0.0,22.5,6.0,linear
25,208271,4153,4153,0.973347,0.973347,0.0,22.5,6.0,linear
26,205804,2466,2466,0.984617,0.984617,0.0,22.5,6.0,linear
27,204645,1349,1349,0.991652,0.991652,0.0,22.5,6.0,linear
28,203910,729,729,0.995709,0.995709,0.0,22.5,6.0,linear
29,203176,371,371,0.997859,0.997859,0.0,22.5,6.0,linear
30,202863,185,185,0.998999,0.998999,0.0,22.5,6.0,linear
31,202724,87,87,0.999556,0.999556,0.0,22.5,6.0,linear
32,202846,28,28,0.999862,0.999862,0.0,22.5,6.0,linear
33,203101,11,11,0.999946,0.999946,0.0,22.5,6.0,linear
34,203329,5,5,0.999975,0.999975,0.0,22.5,6.0,linear
35,203325,1,1,0.999995,0.999995,0.0,22.5,6.0,linear
36,203433,0,0,1.0,1.0,0.0,22.5,6.0,linear

