generation,size,female_size,fertile_female_size,rate_dr,rate_has_drive,drive_efficiency,drop_ratio,low_density_growth_rate,density_growth_curve
1,78087,49320,49320,0.0,0.0,0.0,28.5,10.0,linear
2,78369,49631,49631,0.0,0.0,0.0,28.5,10.0,linear
3,81480,51215,51215,0.0,0.0,0.0,28.5,10.0,linear
4,79826,50497,50497,0.0,0.0,0.0,28.5,10.0,linear
5,76665,49111,49111,0.0,0.0,0.0,28.5,10.0,linear
6,76666,49187,49187,0.0,0.0,0.0,28.5,10.0,linear
7,79406,50211,50211,0.0,0.0,0.0,28.5,10.0,linear
8,80616,50831,50831,0.0,0.0,0.0,28.5,10.0,linear
9,78161,49756,49756,0.0,0.0,0.0,28.5,10.0,linear
10,78074,50112,50112,0.0,0.0,0.0,28.5,10.0,linear
11,78711,50335,50335,0.0,0.0,0.0,28.5,10.0,linear
12,248703,49532,49532,0.538815,0.538815,0.0,28.5,10.0,linear
13,375019,69662,69662,0.599631,0.599631,0.0,28.5,10.0,linear
14,390477,78736,78736,0.579497,0.579497,0.0,28.5,10.0,linear
15,399276,85983,85983,0.581715,0.581715,0.0,28.5,10.0,linear
16,390670,85831,85831,0.599722,0.599722,0.0,28.5,10.0,linear
17,380532,81591,81591,0.623641,0.623641,0.0,28.5,10.0,linear
18,366102,73734,73734,0.650415,0.650415,0.0,28.5,10.0,linear
19,352774,64415,64415,0.68022,0.68022,0.0,28.5,10.0,linear
20,340849,56481,56481,0.710294,0.710294,0.0,28.5,10.0,linear
21,329348,48466,48466,0.74087,0.74087,0.0,28.5,10.0,linear
22,318823,41705,41705,0.773156,0.773156,0.0,28.5,10.0,linear
23,308798,35218,35218,0.807062,0.807062,0.0,28.5,10.0,linear
24,299035,28919,28919,0.840035,0.840035,0.0,28.5,10.0,linear
25,289604,22783,22783,0.872741,0.872741,0.0,28.5,10.0,linear
26,281448,17457,17457,0.902491,0.902491,0.0,28.5,10.0,linear
27,275060,12853,12853,0.927442,0.927442,0.0,28.5,10.0,linear
28,269526,9107,9107,0.948925,0.948925,0.0,28.5,10.0,linear
29,265597,6273,6273,0.965171,0.965171,0.0,28.5,10.0,linear
30,262996,4203,4203,0.97752,0.97752,0.0,28.5,10.0,linear
31,260648,2684,2684,0.986254,0.986254,0.0,28.5,10.0,linear
32,259326,1655,1655,0.991878,0.991878,0.0,28.5,10.0,linear
33,258042,1011,1011,0.995308,0.995308,0.0,28.5,10.0,linear
34,258328,548,548,0.997461,0.997461,0.0,28.5,10.0,linear
35,257504,273,273,0.998734,0.998734,0.0,28.5,10.0,linear
36,256838,117,117,0.999455,0.999455,0.0,28.5,10.0,linear
37,257488,47,47,0.99979,0.99979,0.0,28.5,10.0,linear
38,257265,20,20,0.999922,0.999922,0.0,28.5,10.0,linear
39,257033,13,13,0.999949,0.999949,0.0,28.5,10.0,linear
40,257465,4,4,0.999984,0.999984,0.0,28.5,10.0,linear
41,257685,0,0,1.0,1.0,0.0,28.5,10.0,linear

