generation,size,female_size,fertile_female_size,rate_dr,rate_has_drive,drive_efficiency,drop_ratio,low_density_growth_rate,density_growth_curve
1,78861,49658,49658,0.0,0.0,0.0,13.5,2.0,linear
2,78363,49409,49409,0.0,0.0,0.0,13.5,2.0,linear
3,78201,49470,49470,0.0,0.0,0.0,13.5,2.0,linear
4,78133,49618,49618,0.0,0.0,0.0,13.5,2.0,linear
5,77942,49705,49705,0.0,0.0,0.0,13.5,2.0,linear
6,78516,49922,49922,0.0,0.0,0.0,13.5,2.0,linear
7,78465,49934,49934,0.0,0.0,0.0,13.5,2.0,linear
8,78625,49778,49778,0.0,0.0,0.0,13.5,2.0,linear
9,78744,49795,49795,0.0,0.0,0.0,13.5,2.0,linear
10,78576,49818,49818,0.0,0.0,0.0,13.5,2.0,linear
11,78728,49908,49908,0.0,0.0,0.0,13.5,2.0,linear
12,159854,49898,49898,0.436241,0.436241,0.0,13.5,2.0,linear
13,197691,48630,48630,0.55372,0.55372,0.0,13.5,2.0,linear
14,191720,45510,45510,0.588564,0.588564,0.0,13.5,2.0,linear
15,180917,39806,39806,0.636735,0.636735,0.0,13.5,2.0,linear
16,168316,32602,32602,0.698297,0.698297,0.0,13.5,2.0,linear
17,155221,24628,24628,0.768169,0.768169,0.0,13.5,2.0,linear
18,144277,17170,17170,0.832131,0.832131,0.0,13.5,2.0,linear
19,135625,11248,11248,0.88777,0.88777,0.0,13.5,2.0,linear
20,130621,6862,6862,0.930882,0.930882,0.0,13.5,2.0,linear
21,126580,3906,3906,0.959802,0.959802,0.0,13.5,2.0,linear
22,124179,2208,2208,0.977684,0.977684,0.0,13.5,2.0,linear
23,123228,1200,1200,0.988164,0.988164,0.0,13.5,2.0,linear
24,122553,621,621,0.994191,0.994191,0.0,13.5,2.0,linear
25,122371,304,304,0.99723,0.99723,0.0,13.5,2.0,linear
26,122373,148,148,0.998717,0.998717,0.0,13.5,2.0,linear
27,122004,60,60,0.999492,0.999492,0.0,13.5,2.0,linear
28,121738,16,16,0.99986,0.99986,0.0,13.5,2.0,linear
29,121759,6,6,0.999951,0.999951,0.0,13.5,2.0,linear
30,121342,2,2,0.999984,0.999984,0.0,13.5,2.0,linear
31,122315,0,0,1.0,1.0,0.0,13.5,2.0,linear

