generation,size,female_size,fertile_female_size,rate_dr,rate_has_drive,drive_efficiency,drop_ratio,low_density_growth_rate,density_growth_curve
1,78336,49367,49367,0.0,0.0,0.0,30.0,10.0,linear
2,78185,49203,49203,0.0,0.0,0.0,30.0,10.0,linear
3,82129,51534,51534,0.0,0.0,0.0,30.0,10.0,linear
4,80395,50873,50873,0.0,0.0,0.0,30.0,10.0,linear
5,74947,48275,48275,0.0,0.0,0.0,30.0,10.0,linear
6,75994,48945,48945,0.0,0.0,0.0,30.0,10.0,linear
7,84960,53098,53098,0.0,0.0,0.0,30.0,10.0,linear
8,80434,50629,50629,0.0,0.0,0.0,30.0,10.0,linear
9,67700,44679,44679,0.0,0.0,0.0,30.0,10.0,linear
10,79785,50766,50766,0.0,0.0,0.0,30.0,10.0,linear
11,89595,55404,55404,0.0,0.0,0.0,30.0,10.0,linear
12,255206,48040,48040,0.548933,0.548933,0.0,30.0,10.0,linear
13,390208,70854,70854,0.613266,0.613266,0.0,30.0,10.0,linear
14,402316,79069,79069,0.590686,0.590686,0.0,30.0,10.0,linear
15,414304,87142,87142,0.589536,0.589536,0.0,30.0,10.0,linear
16,406179,86381,86381,0.607936,0.607936,0.0,30.0,10.0,linear
17,397246,82978,82978,0.632552,0.632552,0.0,30.0,10.0,linear
18,381467,74873,74873,0.660135,0.660135,0.0,30.0,10.0,linear
19,366482,64315,64315,0.691743,0.691743,0.0,30.0,10.0,linear
20,354601,56208,56208,0.723264,0.723264,0.0,30.0,10.0,linear
21,341832,48062,48062,0.755283,0.755283,0.0,30.0,10.0,linear
22,329789,40886,40886,0.789909,0.789909,0.0,30.0,10.0,linear
23,318801,33478,33478,0.825413,0.825413,0.0,30.0,10.0,linear
24,308245,26899,26899,0.858767,0.858767,0.0,30.0,10.0,linear
25,299984,20726,20726,0.890413,0.890413,0.0,30.0,10.0,linear
26,292485,15439,15439,0.919311,0.919311,0.0,30.0,10.0,linear
27,285715,10943,10943,0.943554,0.943554,0.0,30.0,10.0,linear
28,280726,7391,7391,0.962187,0.962187,0.0,30.0,10.0,linear
29,277406,4831,4831,0.975653,0.975653,0.0,30.0,10.0,linear
30,274908,3068,3068,0.984802,0.984802,0.0,30.0,10.0,linear
31,273097,1838,1838,0.990944,0.990944,0.0,30.0,10.0,linear
32,272480,1094,1094,0.994676,0.994676,0.0,30.0,10.0,linear
33,272201,596,596,0.997153,0.997153,0.0,30.0,10.0,linear
34,271440,335,335,0.998523,0.998523,0.0,30.0,10.0,linear
35,271392,185,185,0.999234,0.999234,0.0,30.0,10.0,linear
36,270994,78,78,0.999705,0.999705,0.0,30.0,10.0,linear
37,271042,27,27,0.9999,0.9999,0.0,30.0,10.0,linear
38,270981,7,7,0.999974,0.999974,0.0,30.0,10.0,linear
39,270738,1,1,0.999996,0.999996,0.0,30.0,10.0,linear
40,270713,0,0,1.0,1.0,0.0,30.0,10.0,linear

