generation,size,female_size,fertile_female_size,rate_dr,rate_has_drive,drive_efficiency,drop_ratio,low_density_growth_rate,density_growth_curve
1,77836,48744,48744,0.0,0.0,0.0,16.5,6.0,linear
2,77794,48721,48721,0.0,0.0,0.0,16.5,6.0,linear
3,80319,50174,50174,0.0,0.0,0.0,16.5,6.0,linear
4,81467,51067,51067,0.0,0.0,0.0,16.5,6.0,linear
5,79109,50236,50236,0.0,0.0,0.0,16.5,6.0,linear
6,76844,49398,49398,0.0,0.0,0.0,16.5,6.0,linear
7,77983,50005,50005,0.0,0.0,0.0,16.5,6.0,linear
8,79455,50327,50327,0.0,0.0,0.0,16.5,6.0,linear
9,79128,50019,50019,0.0,0.0,0.0,16.5,6.0,linear
10,78445,49873,49873,0.0,0.0,0.0,16.5,6.0,linear
11,78866,50148,50148,0.0,0.0,0.0,16.5,6.0,linear
12,177917,49996,49996,0.442873,0.442873,0.0,16.5,6.0,linear
13,245324,58744,58744,0.519333,0.519333,0.0,16.5,6.0,linear
14,254117,63733,63733,0.51242,0.51242,0.0,16.5,6.0,linear
15,254216,65185,65185,0.521853,0.521853,0.0,16.5,6.0,linear
16,246598,63109,63109,0.55043,0.55043,0.0,16.5,6.0,linear
17,234747,57388,57388,0.587065,0.587065,0.0,16.5,6.0,linear
18,221325,49822,49822,0.624399,0.624399,0.0,16.5,6.0,linear
19,209346,41639,41639,0.665766,0.665766,0.0,16.5,6.0,linear
20,199492,34523,34523,0.709729,0.709729,0.0,16.5,6.0,linear
21,189834,28066,28066,0.755153,0.755153,0.0,16.5,6.0,linear
22,180876,22123,22123,0.803066,0.803066,0.0,16.5,6.0,linear
23,172847,16985,16985,0.84734,0.84734,0.0,16.5,6.0,linear
24,165817,12458,12458,0.886714,0.886714,0.0,16.5,6.0,linear
25,160645,8750,8750,0.920513,0.920513,0.0,16.5,6.0,linear
26,156848,5917,5917,0.946545,0.946545,0.0,16.5,6.0,linear
27,154061,3797,3797,0.966066,0.966066,0.0,16.5,6.0,linear
28,151905,2303,2303,0.980372,0.980372,0.0,16.5,6.0,linear
29,149806,1286,1286,0.98933,0.98933,0.0,16.5,6.0,linear
30,149321,708,708,0.994408,0.994408,0.0,16.5,6.0,linear
31,148837,342,342,0.997333,0.997333,0.0,16.5,6.0,linear
32,149257,161,161,0.998821,0.998821,0.0,16.5,6.0,linear
33,148844,62,62,0.999563,0.999563,0.0,16.5,6.0,linear
34,149163,15,15,0.999893,0.999893,0.0,16.5,6.0,linear
35,149061,5,5,0.999966,0.999966,0.0,16.5,6.0,linear
36,148435,2,2,0.999987,0.999987,0.0,16.5,6.0,linear
37,148553,1,1,0.999993,0.999993,0.0,16.5,6.0,linear
38,148127,0,0,1.0,1.0,0.0,16.5,6.0,linear

