generation,size,female_size,fertile_female_size,rate_dr,rate_has_drive,drive_efficiency,drop_ratio,low_density_growth_rate,density_growth_curve
1,78236,49304,49304,0.0,0.0,0.0,18.0,5.0,linear
2,78096,49123,49123,0.0,0.0,0.0,18.0,5.0,linear
3,78695,49549,49549,0.0,0.0,0.0,18.0,5.0,linear
4,80289,50606,50606,0.0,0.0,0.0,18.0,5.0,linear
5,79190,50121,50121,0.0,0.0,0.0,18.0,5.0,linear
6,78083,49668,49668,0.0,0.0,0.0,18.0,5.0,linear
7,77990,49917,49917,0.0,0.0,0.0,18.0,5.0,linear
8,78900,50187,50187,0.0,0.0,0.0,18.0,5.0,linear
9,78699,49945,49945,0.0,0.0,0.0,18.0,5.0,linear
10,78379,49724,49724,0.0,0.0,0.0,18.0,5.0,linear
11,78876,49989,49989,0.0,0.0,0.0,18.0,5.0,linear
12,186992,50178,50178,0.474046,0.474046,0.0,18.0,5.0,linear
13,253337,56270,56270,0.55739,0.55739,0.0,18.0,5.0,linear
14,259278,59674,59674,0.558758,0.558758,0.0,18.0,5.0,linear
15,256787,59146,59146,0.578731,0.578731,0.0,18.0,5.0,linear
16,246351,55068,55068,0.61609,0.61609,0.0,18.0,5.0,linear
17,231987,47567,47567,0.665483,0.665483,0.0,18.0,5.0,linear
18,216542,38509,38509,0.716477,0.716477,0.0,18.0,5.0,linear
19,204476,29996,29996,0.768077,0.768077,0.0,18.0,5.0,linear
20,194210,22654,22654,0.818088,0.818088,0.0,18.0,5.0,linear
21,185374,16566,16566,0.861855,0.861855,0.0,18.0,5.0,linear
22,178700,11856,11856,0.900357,0.900357,0.0,18.0,5.0,linear
23,173119,8365,8365,0.93109,0.93109,0.0,18.0,5.0,linear
24,169601,5556,5556,0.955121,0.955121,0.0,18.0,5.0,linear
25,167163,3421,3421,0.972948,0.972948,0.0,18.0,5.0,linear
26,164763,2010,2010,0.984629,0.984629,0.0,18.0,5.0,linear
27,164050,1086,1086,0.991744,0.991744,0.0,18.0,5.0,linear
28,162928,563,563,0.995735,0.995735,0.0,18.0,5.0,linear
29,162603,307,307,0.997774,0.997774,0.0,18.0,5.0,linear
30,162569,150,150,0.998924,0.998924,0.0,18.0,5.0,linear
31,162404,75,75,0.999507,0.999507,0.0,18.0,5.0,linear
32,162568,34,34,0.999785,0.999785,0.0,18.0,5.0,linear
33,162119,16,16,0.999901,0.999901,0.0,18.0,5.0,linear
34,162829,7,7,0.999957,0.999957,0.0,18.0,5.0,linear
35,162439,1,1,0.999994,0.999994,0.0,18.0,5.0,linear
36,162568,0,0,1.0,1.0,0.0,18.0,5.0,linear

