generation,size,female_size,fertile_female_size,rate_dr,rate_has_drive,drive_efficiency,drop_ratio,low_density_growth_rate,density_growth_curve
1,78319,49115,49115,0.0,0.0,0.0,24.0,2.0,linear
2,78398,49117,49117,0.0,0.0,0.0,24.0,2.0,linear
3,78533,49570,49570,0.0,0.0,0.0,24.0,2.0,linear
4,78302,49502,49502,0.0,0.0,0.0,24.0,2.0,linear
5,78554,49873,49873,0.0,0.0,0.0,24.0,2.0,linear
6,78346,49980,49980,0.0,0.0,0.0,24.0,2.0,linear
7,78422,50124,50124,0.0,0.0,0.0,24.0,2.0,linear
8,78611,50187,50187,0.0,0.0,0.0,24.0,2.0,linear
9,78781,50184,50184,0.0,0.0,0.0,24.0,2.0,linear
10,79025,50335,50335,0.0,0.0,0.0,24.0,2.0,linear
11,78770,50287,50287,0.0,0.0,0.0,24.0,2.0,linear
12,223240,50413,50413,0.579078,0.579078,0.0,24.0,2.0,linear
13,292643,48983,48983,0.691574,0.691574,0.0,24.0,2.0,linear
14,284486,45008,45008,0.722925,0.722925,0.0,24.0,2.0,linear
15,273586,38871,38871,0.767285,0.767285,0.0,24.0,2.0,linear
16,260065,31046,31046,0.819718,0.819718,0.0,24.0,2.0,linear
17,246023,22496,22496,0.87286,0.87286,0.0,24.0,2.0,linear
18,234885,14695,14695,0.917713,0.917713,0.0,24.0,2.0,linear
19,226808,8931,8931,0.95091,0.95091,0.0,24.0,2.0,linear
20,222229,4878,4878,0.973301,0.973301,0.0,24.0,2.0,linear
21,219557,2453,2453,0.986357,0.986357,0.0,24.0,2.0,linear
22,218366,1134,1134,0.99375,0.99375,0.0,24.0,2.0,linear
23,216637,542,542,0.99706,0.99706,0.0,24.0,2.0,linear
24,216688,272,272,0.998611,0.998611,0.0,24.0,2.0,linear
25,216362,124,124,0.999408,0.999408,0.0,24.0,2.0,linear
26,216397,53,53,0.99975,0.99975,0.0,24.0,2.0,linear
27,216717,24,24,0.999889,0.999889,0.0,24.0,2.0,linear
28,216247,9,9,0.999958,0.999958,0.0,24.0,2.0,linear
29,216817,2,2,0.999991,0.999991,0.0,24.0,2.0,linear
30,216352,1,1,0.999995,0.999995,0.0,24.0,2.0,linear
31,216940,0,0,1.0,1.0,0.0,24.0,2.0,linear

