generation,size,female_size,fertile_female_size,rate_dr,rate_has_drive,drive_efficiency,drop_ratio,low_density_growth_rate,density_growth_curve
1,77950,49171,49171,0.0,0.0,0.0,18.0,6.0,linear
2,78029,49113,49113,0.0,0.0,0.0,18.0,6.0,linear
3,79154,50125,50125,0.0,0.0,0.0,18.0,6.0,linear
4,81007,51190,51190,0.0,0.0,0.0,18.0,6.0,linear
5,79204,50559,50559,0.0,0.0,0.0,18.0,6.0,linear
6,77508,49757,49757,0.0,0.0,0.0,18.0,6.0,linear
7,77925,49782,49782,0.0,0.0,0.0,18.0,6.0,linear
8,79015,50059,50059,0.0,0.0,0.0,18.0,6.0,linear
9,79561,50350,50350,0.0,0.0,0.0,18.0,6.0,linear
10,78242,49770,49770,0.0,0.0,0.0,18.0,6.0,linear
11,78928,50299,50299,0.0,0.0,0.0,18.0,6.0,linear
12,186929,50364,50364,0.464208,0.464208,0.0,18.0,6.0,linear
13,258528,58930,58930,0.540381,0.540381,0.0,18.0,6.0,linear
14,267590,63952,63952,0.534596,0.534596,0.0,18.0,6.0,linear
15,268051,65438,65438,0.548371,0.548371,0.0,18.0,6.0,linear
16,258105,62281,62281,0.57934,0.57934,0.0,18.0,6.0,linear
17,245375,55640,55640,0.618134,0.618134,0.0,18.0,6.0,linear
18,231822,47876,47876,0.658048,0.658048,0.0,18.0,6.0,linear
19,219610,39561,39561,0.70113,0.70113,0.0,18.0,6.0,linear
20,209003,31883,31883,0.745587,0.745587,0.0,18.0,6.0,linear
21,199379,25455,25455,0.790363,0.790363,0.0,18.0,6.0,linear
22,190434,19803,19803,0.833682,0.833682,0.0,18.0,6.0,linear
23,183129,14939,14939,0.874927,0.874927,0.0,18.0,6.0,linear
24,177143,10750,10750,0.909262,0.909262,0.0,18.0,6.0,linear
25,171933,7442,7442,0.936964,0.936964,0.0,18.0,6.0,linear
26,167995,4986,4986,0.958549,0.958549,0.0,18.0,6.0,linear
27,166053,3104,3104,0.974744,0.974744,0.0,18.0,6.0,linear
28,164668,1855,1855,0.985621,0.985621,0.0,18.0,6.0,linear
29,163561,1066,1066,0.991957,0.991957,0.0,18.0,6.0,linear
30,162990,598,598,0.995638,0.995638,0.0,18.0,6.0,linear
31,162599,335,335,0.997675,0.997675,0.0,18.0,6.0,linear
32,162492,156,156,0.998935,0.998935,0.0,18.0,6.0,linear
33,162610,62,62,0.9996,0.9996,0.0,18.0,6.0,linear
34,162239,23,23,0.999858,0.999858,0.0,18.0,6.0,linear
35,162508,6,6,0.999963,0.999963,0.0,18.0,6.0,linear
36,162293,1,1,0.999994,0.999994,0.0,18.0,6.0,linear
37,161721,0,0,1.0,1.0,0.0,18.0,6.0,linear

