generation,size,female_size,fertile_female_size,rate_dr,rate_has_drive,drive_efficiency,drop_ratio,low_density_growth_rate,density_growth_curve
1,78406,49577,49577,0.0,0.0,0.0,12.0,6.0,linear
2,78280,49297,49297,0.0,0.0,0.0,12.0,6.0,linear
3,78957,50062,50062,0.0,0.0,0.0,12.0,6.0,linear
4,80389,50505,50505,0.0,0.0,0.0,12.0,6.0,linear
5,78731,49875,49875,0.0,0.0,0.0,12.0,6.0,linear
6,78068,49705,49705,0.0,0.0,0.0,12.0,6.0,linear
7,77934,49627,49627,0.0,0.0,0.0,12.0,6.0,linear
8,79322,50283,50283,0.0,0.0,0.0,12.0,6.0,linear
9,78708,49921,49921,0.0,0.0,0.0,12.0,6.0,linear
10,78921,50181,50181,0.0,0.0,0.0,12.0,6.0,linear
11,78806,50264,50264,0.0,0.0,0.0,12.0,6.0,linear
12,150973,50275,50275,0.366982,0.366982,0.0,12.0,6.0,linear
13,204047,58698,58698,0.44012,0.44012,0.0,12.0,6.0,linear
14,213537,64181,64181,0.429118,0.429118,0.0,12.0,6.0,linear
15,216363,66819,66819,0.433518,0.433518,0.0,12.0,6.0,linear
16,211611,65907,65907,0.452515,0.452515,0.0,12.0,6.0,linear
17,202264,61998,61998,0.477861,0.477861,0.0,12.0,6.0,linear
18,192121,56199,56199,0.504501,0.504501,0.0,12.0,6.0,linear
19,182599,49937,49937,0.534305,0.534305,0.0,12.0,6.0,linear
20,174106,43954,43954,0.568016,0.568016,0.0,12.0,6.0,linear
21,165407,38443,38443,0.604353,0.604353,0.0,12.0,6.0,linear
22,157008,33023,33023,0.64682,0.64682,0.0,12.0,6.0,linear
23,148475,27517,27517,0.692652,0.692652,0.0,12.0,6.0,linear
24,140261,22448,22448,0.736651,0.736651,0.0,12.0,6.0,linear
25,133624,17955,17955,0.782306,0.782306,0.0,12.0,6.0,linear
26,127977,13821,13821,0.828486,0.828486,0.0,12.0,6.0,linear
27,122743,10270,10270,0.868808,0.868808,0.0,12.0,6.0,linear
28,118883,7493,7493,0.906442,0.906442,0.0,12.0,6.0,linear
29,115351,5196,5196,0.935759,0.935759,0.0,12.0,6.0,linear
30,112376,3435,3435,0.95784,0.95784,0.0,12.0,6.0,linear
31,110483,2210,2210,0.9734,0.9734,0.0,12.0,6.0,linear
32,110011,1358,1358,0.983541,0.983541,0.0,12.0,6.0,linear
33,109256,817,817,0.990148,0.990148,0.0,12.0,6.0,linear
34,108590,426,426,0.994817,0.994817,0.0,12.0,6.0,linear
35,108429,235,235,0.997261,0.997261,0.0,12.0,6.0,linear
36,108098,125,125,0.998659,0.998659,0.0,12.0,6.0,linear
37,108243,53,53,0.999464,0.999464,0.0,12.0,6.0,linear
38,107798,23,23,0.999787,0.999787,0.0,12.0,6.0,linear
39,107941,10,10,0.999907,0.999907,0.0,12.0,6.0,linear
40,108471,1,1,0.999991,0.999991,0.0,12.0,6.0,linear
41,108224,0,0,1.0,1.0,0.0,12.0,6.0,linear

