generation,size,female_size,fertile_female_size,rate_dr,rate_has_drive,drive_efficiency,drop_ratio,low_density_growth_rate,density_growth_curve
1,78600,49493,49493,0.0,0.0,0.0,21.0,9.0,linear
2,78814,49572,49572,0.0,0.0,0.0,21.0,9.0,linear
3,79431,50039,50039,0.0,0.0,0.0,21.0,9.0,linear
4,80072,50646,50646,0.0,0.0,0.0,21.0,9.0,linear
5,78131,49795,49795,0.0,0.0,0.0,21.0,9.0,linear
6,77195,49314,49314,0.0,0.0,0.0,21.0,9.0,linear
7,80763,51050,51050,0.0,0.0,0.0,21.0,9.0,linear
8,79765,50433,50433,0.0,0.0,0.0,21.0,9.0,linear
9,76926,49177,49177,0.0,0.0,0.0,21.0,9.0,linear
10,76116,48834,48834,0.0,0.0,0.0,21.0,9.0,linear
11,79671,50351,50351,0.0,0.0,0.0,21.0,9.0,linear
12,208815,51491,51491,0.468614,0.468614,0.0,21.0,9.0,linear
13,303510,67660,67660,0.533489,0.533489,0.0,21.0,9.0,linear
14,317749,76423,76423,0.515219,0.515219,0.0,21.0,9.0,linear
15,324381,82012,82012,0.516613,0.516613,0.0,21.0,9.0,linear
16,317943,82068,82068,0.531336,0.531336,0.0,21.0,9.0,linear
17,309199,78798,78798,0.551733,0.551733,0.0,21.0,9.0,linear
18,298320,72443,72443,0.57403,0.57403,0.0,21.0,9.0,linear
19,288507,65292,65292,0.600302,0.600302,0.0,21.0,9.0,linear
20,277527,58651,58651,0.625129,0.625129,0.0,21.0,9.0,linear
21,268741,52523,52523,0.653957,0.653957,0.0,21.0,9.0,linear
22,259483,46736,46736,0.683729,0.683729,0.0,21.0,9.0,linear
23,250399,40788,40788,0.716831,0.716831,0.0,21.0,9.0,linear
24,240932,34833,34833,0.752486,0.752486,0.0,21.0,9.0,linear
25,231833,29043,29043,0.787629,0.787629,0.0,21.0,9.0,linear
26,223531,23747,23747,0.823087,0.823087,0.0,21.0,9.0,linear
27,216070,18735,18735,0.859783,0.859783,0.0,21.0,9.0,linear
28,209065,14237,14237,0.892712,0.892712,0.0,21.0,9.0,linear
29,203704,10454,10454,0.921499,0.921499,0.0,21.0,9.0,linear
30,199576,7421,7421,0.945072,0.945072,0.0,21.0,9.0,linear
31,196109,5013,5013,0.964085,0.964085,0.0,21.0,9.0,linear
32,193859,3110,3110,0.978035,0.978035,0.0,21.0,9.0,linear
33,191722,1870,1870,0.987215,0.987215,0.0,21.0,9.0,linear
34,190495,1090,1090,0.992841,0.992841,0.0,21.0,9.0,linear
35,190237,589,589,0.996163,0.996163,0.0,21.0,9.0,linear
36,189821,312,312,0.998077,0.998077,0.0,21.0,9.0,linear
37,189637,150,150,0.999119,0.999119,0.0,21.0,9.0,linear
38,189554,67,67,0.99961,0.99961,0.0,21.0,9.0,linear
39,189400,29,29,0.999847,0.999847,0.0,21.0,9.0,linear
40,189408,9,9,0.999952,0.999952,0.0,21.0,9.0,linear
41,189557,3,3,0.999984,0.999984,0.0,21.0,9.0,linear
42,189288,0,0,1.0,1.0,0.0,21.0,9.0,linear

