generation,size,female_size,fertile_female_size,rate_dr,rate_has_drive,drive_efficiency,drop_ratio,low_density_growth_rate,density_growth_curve
1,78528,49518,49518,0.0,0.0,0.0,24.0,7.0,linear
2,78614,49407,49407,0.0,0.0,0.0,24.0,7.0,linear
3,79942,50132,50132,0.0,0.0,0.0,24.0,7.0,linear
4,79001,49935,49935,0.0,0.0,0.0,24.0,7.0,linear
5,77919,49677,49677,0.0,0.0,0.0,24.0,7.0,linear
6,78939,50032,50032,0.0,0.0,0.0,24.0,7.0,linear
7,79607,50492,50492,0.0,0.0,0.0,24.0,7.0,linear
8,79873,50688,50688,0.0,0.0,0.0,24.0,7.0,linear
9,78396,49941,49941,0.0,0.0,0.0,24.0,7.0,linear
10,77477,49608,49608,0.0,0.0,0.0,24.0,7.0,linear
11,77959,49565,49565,0.0,0.0,0.0,24.0,7.0,linear
12,223541,49979,49979,0.523282,0.523282,0.0,24.0,7.0,linear
13,319102,61796,61796,0.593982,0.593982,0.0,24.0,7.0,linear
14,329786,68240,68240,0.585169,0.585169,0.0,24.0,7.0,linear
15,331104,70574,70574,0.598281,0.598281,0.0,24.0,7.0,linear
16,320050,67083,67083,0.629602,0.629602,0.0,24.0,7.0,linear
17,305240,60118,60118,0.668603,0.668603,0.0,24.0,7.0,linear
18,289499,50948,50948,0.709883,0.709883,0.0,24.0,7.0,linear
19,275549,41324,41324,0.752983,0.752983,0.0,24.0,7.0,linear
20,264283,32905,32905,0.79493,0.79493,0.0,24.0,7.0,linear
21,253756,25787,25787,0.834969,0.834969,0.0,24.0,7.0,linear
22,244296,19544,19544,0.872783,0.872783,0.0,24.0,7.0,linear
23,236404,14496,14496,0.906274,0.906274,0.0,24.0,7.0,linear
24,229890,10278,10278,0.934679,0.934679,0.0,24.0,7.0,linear
25,225392,6916,6916,0.957064,0.957064,0.0,24.0,7.0,linear
26,222335,4423,4423,0.972699,0.972699,0.0,24.0,7.0,linear
27,219812,2752,2752,0.983111,0.983111,0.0,24.0,7.0,linear
28,218790,1642,1642,0.990395,0.990395,0.0,24.0,7.0,linear
29,217574,888,888,0.99483,0.99483,0.0,24.0,7.0,linear
30,216934,489,489,0.997336,0.997336,0.0,24.0,7.0,linear
31,216800,241,241,0.998782,0.998782,0.0,24.0,7.0,linear
32,216264,111,111,0.99945,0.99945,0.0,24.0,7.0,linear
33,217192,48,48,0.999774,0.999774,0.0,24.0,7.0,linear
34,216930,9,9,0.999959,0.999959,0.0,24.0,7.0,linear
35,216633,4,4,0.999982,0.999982,0.0,24.0,7.0,linear
36,217230,0,0,1.0,1.0,0.0,24.0,7.0,linear

