generation,size,female_size,fertile_female_size,rate_dr,rate_has_drive,drive_efficiency,drop_ratio,low_density_growth_rate,density_growth_curve
1,78584,49472,49472,0.0,0.0,0.0,22.5,7.0,linear
2,78463,49525,49525,0.0,0.0,0.0,22.5,7.0,linear
3,78243,49811,49811,0.0,0.0,0.0,22.5,7.0,linear
4,80640,51049,51049,0.0,0.0,0.0,22.5,7.0,linear
5,79309,50562,50562,0.0,0.0,0.0,22.5,7.0,linear
6,77488,49507,49507,0.0,0.0,0.0,22.5,7.0,linear
7,76377,49040,49040,0.0,0.0,0.0,22.5,7.0,linear
8,78629,49988,49988,0.0,0.0,0.0,22.5,7.0,linear
9,80716,50822,50822,0.0,0.0,0.0,22.5,7.0,linear
10,78781,50047,50047,0.0,0.0,0.0,22.5,7.0,linear
11,77266,49466,49466,0.0,0.0,0.0,22.5,7.0,linear
12,214419,50649,50649,0.509338,0.509338,0.0,22.5,7.0,linear
13,305287,61729,61729,0.580232,0.580232,0.0,22.5,7.0,linear
14,314926,67653,67653,0.570063,0.570063,0.0,22.5,7.0,linear
15,316643,70205,70205,0.579954,0.579954,0.0,22.5,7.0,linear
16,307777,68017,68017,0.609305,0.609305,0.0,22.5,7.0,linear
17,294213,61420,61420,0.647785,0.647785,0.0,22.5,7.0,linear
18,278242,52276,52276,0.686716,0.686716,0.0,22.5,7.0,linear
19,265181,43029,43029,0.729436,0.729436,0.0,22.5,7.0,linear
20,253659,35169,35169,0.769636,0.769636,0.0,22.5,7.0,linear
21,243536,28079,28079,0.811428,0.811428,0.0,22.5,7.0,linear
22,233220,21596,21596,0.851232,0.851232,0.0,22.5,7.0,linear
23,226078,16401,16401,0.887275,0.887275,0.0,22.5,7.0,linear
24,219192,12030,12030,0.917798,0.917798,0.0,22.5,7.0,linear
25,213731,8145,8145,0.943685,0.943685,0.0,22.5,7.0,linear
26,209848,5344,5344,0.963863,0.963863,0.0,22.5,7.0,linear
27,207621,3408,3408,0.977602,0.977602,0.0,22.5,7.0,linear
28,206028,2101,2101,0.986522,0.986522,0.0,22.5,7.0,linear
29,204550,1220,1220,0.992225,0.992225,0.0,22.5,7.0,linear
30,203665,679,679,0.995802,0.995802,0.0,22.5,7.0,linear
31,203564,392,392,0.997667,0.997667,0.0,22.5,7.0,linear
32,203056,186,186,0.998931,0.998931,0.0,22.5,7.0,linear
33,202764,92,92,0.999487,0.999487,0.0,22.5,7.0,linear
34,203076,39,39,0.999783,0.999783,0.0,22.5,7.0,linear
35,202629,14,14,0.999931,0.999931,0.0,22.5,7.0,linear
36,203020,5,5,0.999975,0.999975,0.0,22.5,7.0,linear
37,203006,0,0,1.0,1.0,0.0,22.5,7.0,linear

