generation,size,female_size,fertile_female_size,rate_dr,rate_has_drive,drive_efficiency,drop_ratio,low_density_growth_rate,density_growth_curve
1,78325,49278,49278,0.0,0.0,0.0,24.0,7.0,linear
2,78419,49459,49459,0.0,0.0,0.0,24.0,7.0,linear
3,79996,50262,50262,0.0,0.0,0.0,24.0,7.0,linear
4,81665,51317,51317,0.0,0.0,0.0,24.0,7.0,linear
5,78598,50002,50002,0.0,0.0,0.0,24.0,7.0,linear
6,76104,48803,48803,0.0,0.0,0.0,24.0,7.0,linear
7,77707,49684,49684,0.0,0.0,0.0,24.0,7.0,linear
8,80438,51037,51037,0.0,0.0,0.0,24.0,7.0,linear
9,79536,50492,50492,0.0,0.0,0.0,24.0,7.0,linear
10,76534,49142,49142,0.0,0.0,0.0,24.0,7.0,linear
11,77660,49767,49767,0.0,0.0,0.0,24.0,7.0,linear
12,224830,50875,50875,0.524132,0.524132,0.0,24.0,7.0,linear
13,318371,61512,61512,0.59405,0.59405,0.0,24.0,7.0,linear
14,329624,67988,67988,0.587729,0.587729,0.0,24.0,7.0,linear
15,329359,70033,70033,0.599979,0.599979,0.0,24.0,7.0,linear
16,320118,67129,67129,0.631129,0.631129,0.0,24.0,7.0,linear
17,305598,59986,59986,0.671072,0.671072,0.0,24.0,7.0,linear
18,289169,50478,50478,0.712126,0.712126,0.0,24.0,7.0,linear
19,274365,40704,40704,0.7565,0.7565,0.0,24.0,7.0,linear
20,262155,32116,32116,0.80056,0.80056,0.0,24.0,7.0,linear
21,250899,24707,24707,0.841309,0.841309,0.0,24.0,7.0,linear
22,241641,18689,18689,0.879377,0.879377,0.0,24.0,7.0,linear
23,235099,13724,13724,0.912236,0.912236,0.0,24.0,7.0,linear
24,229584,9627,9627,0.938625,0.938625,0.0,24.0,7.0,linear
25,224964,6488,6488,0.95969,0.95969,0.0,24.0,7.0,linear
26,221449,4115,4115,0.974781,0.974781,0.0,24.0,7.0,linear
27,219245,2466,2466,0.985183,0.985183,0.0,24.0,7.0,linear
28,218146,1419,1419,0.991601,0.991601,0.0,24.0,7.0,linear
29,216761,735,735,0.995719,0.995719,0.0,24.0,7.0,linear
30,216605,396,396,0.997802,0.997802,0.0,24.0,7.0,linear
31,216307,203,203,0.998909,0.998909,0.0,24.0,7.0,linear
32,216411,98,98,0.99951,0.99951,0.0,24.0,7.0,linear
33,216645,38,38,0.999825,0.999825,0.0,24.0,7.0,linear
34,216484,12,12,0.999945,0.999945,0.0,24.0,7.0,linear
35,216735,1,1,0.999995,0.999995,0.0,24.0,7.0,linear
36,216475,0,0,1.0,1.0,0.0,24.0,7.0,linear

