generation,size,female_size,fertile_female_size,rate_dr,rate_has_drive,drive_efficiency,drop_ratio,low_density_growth_rate,density_growth_curve
1,78506,49364,49364,0.0,0.0,0.0,18.0,6.0,linear
2,77993,49012,49012,0.0,0.0,0.0,18.0,6.0,linear
3,79444,49711,49711,0.0,0.0,0.0,18.0,6.0,linear
4,80995,50869,50869,0.0,0.0,0.0,18.0,6.0,linear
5,80026,50623,50623,0.0,0.0,0.0,18.0,6.0,linear
6,77924,49856,49856,0.0,0.0,0.0,18.0,6.0,linear
7,77916,49843,49843,0.0,0.0,0.0,18.0,6.0,linear
8,79146,50374,50374,0.0,0.0,0.0,18.0,6.0,linear
9,79534,50438,50438,0.0,0.0,0.0,18.0,6.0,linear
10,78709,50034,50034,0.0,0.0,0.0,18.0,6.0,linear
11,78910,50291,50291,0.0,0.0,0.0,18.0,6.0,linear
12,186923,50183,50183,0.465212,0.465212,0.0,18.0,6.0,linear
13,258209,58736,58736,0.541013,0.541013,0.0,18.0,6.0,linear
14,266993,64011,64011,0.53541,0.53541,0.0,18.0,6.0,linear
15,267501,65747,65747,0.547046,0.547046,0.0,18.0,6.0,linear
16,258157,62609,62609,0.576807,0.576807,0.0,18.0,6.0,linear
17,245999,56602,56602,0.617148,0.617148,0.0,18.0,6.0,linear
18,231081,48073,48073,0.659353,0.659353,0.0,18.0,6.0,linear
19,218934,39209,39209,0.704947,0.704947,0.0,18.0,6.0,linear
20,207633,31561,31561,0.749192,0.749192,0.0,18.0,6.0,linear
21,198380,24986,24986,0.794009,0.794009,0.0,18.0,6.0,linear
22,189791,19398,19398,0.837499,0.837499,0.0,18.0,6.0,linear
23,182609,14588,14588,0.876762,0.876762,0.0,18.0,6.0,linear
24,177015,10523,10523,0.910215,0.910215,0.0,18.0,6.0,linear
25,172424,7382,7382,0.93762,0.93762,0.0,18.0,6.0,linear
26,168782,4845,4845,0.959338,0.959338,0.0,18.0,6.0,linear
27,166429,3122,3122,0.974476,0.974476,0.0,18.0,6.0,linear
28,164834,1822,1822,0.985684,0.985684,0.0,18.0,6.0,linear
29,163388,1050,1050,0.991882,0.991882,0.0,18.0,6.0,linear
30,162893,578,578,0.995777,0.995777,0.0,18.0,6.0,linear
31,162704,282,282,0.998039,0.998039,0.0,18.0,6.0,linear
32,162478,130,130,0.999101,0.999101,0.0,18.0,6.0,linear
33,162335,61,61,0.999612,0.999612,0.0,18.0,6.0,linear
34,162604,28,28,0.999828,0.999828,0.0,18.0,6.0,linear
35,162874,12,12,0.999926,0.999926,0.0,18.0,6.0,linear
36,163089,1,1,0.999994,0.999994,0.0,18.0,6.0,linear
37,162546,0,0,1.0,1.0,0.0,18.0,6.0,linear

