generation,size,female_size,fertile_female_size,rate_dr,rate_has_drive,drive_efficiency,drop_ratio,low_density_growth_rate,density_growth_curve
1,77996,48964,48964,0.0,0.0,0.0,19.5,7.0,linear
2,78084,49040,49040,0.0,0.0,0.0,19.5,7.0,linear
3,81354,50889,50889,0.0,0.0,0.0,19.5,7.0,linear
4,80823,50894,50894,0.0,0.0,0.0,19.5,7.0,linear
5,76734,49083,49083,0.0,0.0,0.0,19.5,7.0,linear
6,77036,49332,49332,0.0,0.0,0.0,19.5,7.0,linear
7,79816,50542,50542,0.0,0.0,0.0,19.5,7.0,linear
8,80311,50739,50739,0.0,0.0,0.0,19.5,7.0,linear
9,77539,49437,49437,0.0,0.0,0.0,19.5,7.0,linear
10,76220,48782,48782,0.0,0.0,0.0,19.5,7.0,linear
11,78632,49731,49731,0.0,0.0,0.0,19.5,7.0,linear
12,198213,50568,50568,0.470995,0.470995,0.0,19.5,7.0,linear
13,279427,62158,62158,0.542875,0.542875,0.0,19.5,7.0,linear
14,289464,68704,68704,0.532937,0.532937,0.0,19.5,7.0,linear
15,291890,71426,71426,0.543159,0.543159,0.0,19.5,7.0,linear
16,282315,69163,69163,0.567691,0.567691,0.0,19.5,7.0,linear
17,270415,63600,63600,0.598916,0.598916,0.0,19.5,7.0,linear
18,257797,55751,55751,0.63457,0.63457,0.0,19.5,7.0,linear
19,245229,47465,47465,0.672205,0.672205,0.0,19.5,7.0,linear
20,234354,39887,39887,0.712169,0.712169,0.0,19.5,7.0,linear
21,224096,32816,32816,0.754594,0.754594,0.0,19.5,7.0,linear
22,214015,26590,26590,0.795542,0.795542,0.0,19.5,7.0,linear
23,204909,20940,20940,0.836374,0.836374,0.0,19.5,7.0,linear
24,197895,16146,16146,0.873962,0.873962,0.0,19.5,7.0,linear
25,191953,11615,11615,0.907052,0.907052,0.0,19.5,7.0,linear
26,187255,8208,8208,0.935205,0.935205,0.0,19.5,7.0,linear
27,183152,5468,5468,0.957484,0.957484,0.0,19.5,7.0,linear
28,180303,3428,3428,0.973495,0.973495,0.0,19.5,7.0,linear
29,178500,2099,2099,0.984571,0.984571,0.0,19.5,7.0,linear
30,177361,1234,1234,0.991297,0.991297,0.0,19.5,7.0,linear
31,176219,668,668,0.995319,0.995319,0.0,19.5,7.0,linear
32,175590,362,362,0.997625,0.997625,0.0,19.5,7.0,linear
33,175971,179,179,0.998852,0.998852,0.0,19.5,7.0,linear
34,175632,74,74,0.99955,0.99955,0.0,19.5,7.0,linear
35,176068,25,25,0.999858,0.999858,0.0,19.5,7.0,linear
36,175641,9,9,0.999949,0.999949,0.0,19.5,7.0,linear
37,176359,5,5,0.999972,0.999972,0.0,19.5,7.0,linear
38,175891,0,0,1.0,1.0,0.0,19.5,7.0,linear

