generation,size,female_size,fertile_female_size,rate_dr,rate_has_drive,drive_efficiency,drop_ratio,low_density_growth_rate,density_growth_curve
1,77758,49274,49274,0.0,0.0,0.0,30.0,7.0,linear
2,78158,49342,49342,0.0,0.0,0.0,30.0,7.0,linear
3,80098,50406,50406,0.0,0.0,0.0,30.0,7.0,linear
4,79991,50600,50600,0.0,0.0,0.0,30.0,7.0,linear
5,78513,50016,50016,0.0,0.0,0.0,30.0,7.0,linear
6,77472,49684,49684,0.0,0.0,0.0,30.0,7.0,linear
7,78901,50235,50235,0.0,0.0,0.0,30.0,7.0,linear
8,78722,50085,50085,0.0,0.0,0.0,30.0,7.0,linear
9,77970,49696,49696,0.0,0.0,0.0,30.0,7.0,linear
10,78772,50199,50199,0.0,0.0,0.0,30.0,7.0,linear
11,78683,50253,50253,0.0,0.0,0.0,30.0,7.0,linear
12,258655,50061,50061,0.580276,0.580276,0.0,30.0,7.0,linear
13,372085,61520,61520,0.647682,0.647682,0.0,30.0,7.0,linear
14,383208,67881,67881,0.641127,0.641127,0.0,30.0,7.0,linear
15,383146,69812,69812,0.655104,0.655104,0.0,30.0,7.0,linear
16,371996,66067,66067,0.689709,0.689709,0.0,30.0,7.0,linear
17,354623,57692,57692,0.731667,0.731667,0.0,30.0,7.0,linear
18,337686,47447,47447,0.77373,0.77373,0.0,30.0,7.0,linear
19,322313,36858,36858,0.816214,0.816214,0.0,30.0,7.0,linear
20,309738,28150,28150,0.854891,0.854891,0.0,30.0,7.0,linear
21,299729,20817,20817,0.891173,0.891173,0.0,30.0,7.0,linear
22,291273,15044,15044,0.922245,0.922245,0.0,30.0,7.0,linear
23,284425,10453,10453,0.946697,0.946697,0.0,30.0,7.0,linear
24,279587,6916,6916,0.965828,0.965828,0.0,30.0,7.0,linear
25,275661,4337,4337,0.978461,0.978461,0.0,30.0,7.0,linear
26,274062,2612,2612,0.987272,0.987272,0.0,30.0,7.0,linear
27,272635,1488,1488,0.992934,0.992934,0.0,30.0,7.0,linear
28,271901,850,850,0.996194,0.996194,0.0,30.0,7.0,linear
29,271081,457,457,0.998052,0.998052,0.0,30.0,7.0,linear
30,270970,222,222,0.999118,0.999118,0.0,30.0,7.0,linear
31,270519,103,103,0.999601,0.999601,0.0,30.0,7.0,linear
32,270486,35,35,0.99986,0.99986,0.0,30.0,7.0,linear
33,270505,10,10,0.999963,0.999963,0.0,30.0,7.0,linear
34,270463,1,1,0.999996,0.999996,0.0,30.0,7.0,linear
35,270736,0,0,1.0,1.0,0.0,30.0,7.0,linear

