generation,size,female_size,fertile_female_size,rate_dr,rate_has_drive,drive_efficiency,drop_ratio,low_density_growth_rate,density_growth_curve
1,78166,48657,48657,0.0,0.0,0.0,13.5,5.0,linear
2,77983,48988,48988,0.0,0.0,0.0,13.5,5.0,linear
3,79940,50300,50300,0.0,0.0,0.0,13.5,5.0,linear
4,80424,50659,50659,0.0,0.0,0.0,13.5,5.0,linear
5,79266,50357,50357,0.0,0.0,0.0,13.5,5.0,linear
6,78125,50073,50073,0.0,0.0,0.0,13.5,5.0,linear
7,77296,49495,49495,0.0,0.0,0.0,13.5,5.0,linear
8,77847,49459,49459,0.0,0.0,0.0,13.5,5.0,linear
9,78151,49332,49332,0.0,0.0,0.0,13.5,5.0,linear
10,78939,49869,49869,0.0,0.0,0.0,13.5,5.0,linear
11,79582,50560,50560,0.0,0.0,0.0,13.5,5.0,linear
12,160530,50464,50464,0.40396,0.40396,0.0,13.5,5.0,linear
13,212803,56381,56381,0.486115,0.486115,0.0,13.5,5.0,linear
14,218989,60080,60080,0.483412,0.483412,0.0,13.5,5.0,linear
15,218362,60315,60315,0.499185,0.499185,0.0,13.5,5.0,linear
16,209003,56739,56739,0.529704,0.529704,0.0,13.5,5.0,linear
17,197532,51040,51040,0.570194,0.570194,0.0,13.5,5.0,linear
18,184747,43573,43573,0.612036,0.612036,0.0,13.5,5.0,linear
19,173583,36045,36045,0.661109,0.661109,0.0,13.5,5.0,linear
20,163609,28815,28815,0.710575,0.710575,0.0,13.5,5.0,linear
21,154640,22800,22800,0.759434,0.759434,0.0,13.5,5.0,linear
22,146830,17766,17766,0.807553,0.807553,0.0,13.5,5.0,linear
23,140372,13316,13316,0.854014,0.854014,0.0,13.5,5.0,linear
24,134866,9681,9681,0.893365,0.893365,0.0,13.5,5.0,linear
25,131296,6732,6732,0.926516,0.926516,0.0,13.5,5.0,linear
26,127557,4458,4458,0.951211,0.951211,0.0,13.5,5.0,linear
27,125219,2804,2804,0.97,0.97,0.0,13.5,5.0,linear
28,123876,1692,1692,0.9826,0.9826,0.0,13.5,5.0,linear
29,123168,924,924,0.9909,0.9909,0.0,13.5,5.0,linear
30,122229,489,489,0.995206,0.995206,0.0,13.5,5.0,linear
31,121933,242,242,0.99772,0.99772,0.0,13.5,5.0,linear
32,121991,110,110,0.999041,0.999041,0.0,13.5,5.0,linear
33,122065,34,34,0.999697,0.999697,0.0,13.5,5.0,linear
34,122098,16,16,0.999869,0.999869,0.0,13.5,5.0,linear
35,121726,8,8,0.999934,0.999934,0.0,13.5,5.0,linear
36,121674,5,5,0.999959,0.999959,0.0,13.5,5.0,linear
37,121865,1,1,0.999992,0.999992,0.0,13.5,5.0,linear
38,121830,0,0,1.0,1.0,0.0,13.5,5.0,linear

