generation,size,female_size,fertile_female_size,rate_dr,rate_has_drive,drive_efficiency,drop_ratio,low_density_growth_rate,density_growth_curve
1,78251,49095,49095,0.0,0.0,0.0,22.5,5.0,linear
2,78106,49138,49138,0.0,0.0,0.0,22.5,5.0,linear
3,79229,49844,49844,0.0,0.0,0.0,22.5,5.0,linear
4,79920,50476,50476,0.0,0.0,0.0,22.5,5.0,linear
5,78765,50066,50066,0.0,0.0,0.0,22.5,5.0,linear
6,78381,49933,49933,0.0,0.0,0.0,22.5,5.0,linear
7,78308,49894,49894,0.0,0.0,0.0,22.5,5.0,linear
8,78673,50338,50338,0.0,0.0,0.0,22.5,5.0,linear
9,78170,50022,50022,0.0,0.0,0.0,22.5,5.0,linear
10,77450,49544,49544,0.0,0.0,0.0,22.5,5.0,linear
11,78452,49985,49985,0.0,0.0,0.0,22.5,5.0,linear
12,214053,50273,50273,0.528517,0.528517,0.0,22.5,5.0,linear
13,294623,56669,56669,0.612077,0.612077,0.0,22.5,5.0,linear
14,299822,59419,59419,0.616212,0.616212,0.0,22.5,5.0,linear
15,296047,58178,58178,0.639084,0.639084,0.0,22.5,5.0,linear
16,283346,52962,52962,0.681629,0.681629,0.0,22.5,5.0,linear
17,267817,44547,44547,0.732756,0.732756,0.0,22.5,5.0,linear
18,251447,35081,35081,0.784262,0.784262,0.0,22.5,5.0,linear
19,238007,25920,25920,0.833935,0.833935,0.0,22.5,5.0,linear
20,228044,18720,18720,0.876184,0.876184,0.0,22.5,5.0,linear
21,219775,12982,12982,0.91146,0.91146,0.0,22.5,5.0,linear
22,214644,8893,8893,0.940199,0.940199,0.0,22.5,5.0,linear
23,210514,5866,5866,0.961724,0.961724,0.0,22.5,5.0,linear
24,207588,3609,3609,0.977157,0.977157,0.0,22.5,5.0,linear
25,205686,2117,2117,0.986895,0.986895,0.0,22.5,5.0,linear
26,204747,1138,1138,0.993139,0.993139,0.0,22.5,5.0,linear
27,204225,579,579,0.99668,0.99668,0.0,22.5,5.0,linear
28,204126,291,291,0.998403,0.998403,0.0,22.5,5.0,linear
29,202776,141,141,0.999241,0.999241,0.0,22.5,5.0,linear
30,202703,53,53,0.999724,0.999724,0.0,22.5,5.0,linear
31,202663,28,28,0.999862,0.999862,0.0,22.5,5.0,linear
32,203389,6,6,0.99997,0.99997,0.0,22.5,5.0,linear
33,202932,1,1,0.999995,0.999995,0.0,22.5,5.0,linear
34,202798,0,0,1.0,1.0,0.0,22.5,5.0,linear

