generation,size,female_size,fertile_female_size,rate_dr,rate_has_drive,drive_efficiency,drop_ratio,low_density_growth_rate,density_growth_curve
1,78004,48888,48888,0.0,0.0,0.0,27.0,2.0,linear
2,77761,48917,48917,0.0,0.0,0.0,27.0,2.0,linear
3,78083,49375,49375,0.0,0.0,0.0,27.0,2.0,linear
4,78314,49764,49764,0.0,0.0,0.0,27.0,2.0,linear
5,78431,49599,49599,0.0,0.0,0.0,27.0,2.0,linear
6,78472,49803,49803,0.0,0.0,0.0,27.0,2.0,linear
7,78749,50143,50143,0.0,0.0,0.0,27.0,2.0,linear
8,78507,50076,50076,0.0,0.0,0.0,27.0,2.0,linear
9,78576,49942,49942,0.0,0.0,0.0,27.0,2.0,linear
10,78399,49818,49818,0.0,0.0,0.0,27.0,2.0,linear
11,78467,49700,49700,0.0,0.0,0.0,27.0,2.0,linear
12,240864,49797,49797,0.609632,0.609632,0.0,27.0,2.0,linear
13,319023,48407,48407,0.718209,0.718209,0.0,27.0,2.0,linear
14,311281,44660,44660,0.748856,0.748856,0.0,27.0,2.0,linear
15,298968,38226,38226,0.79014,0.79014,0.0,27.0,2.0,linear
16,286593,30601,30601,0.839028,0.839028,0.0,27.0,2.0,linear
17,273316,22181,22181,0.887897,0.887897,0.0,27.0,2.0,linear
18,261310,14513,14513,0.927876,0.927876,0.0,27.0,2.0,linear
19,254081,8689,8689,0.957447,0.957447,0.0,27.0,2.0,linear
20,249544,4781,4781,0.976644,0.976644,0.0,27.0,2.0,linear
21,246540,2389,2389,0.98805,0.98805,0.0,27.0,2.0,linear
22,245071,1072,1072,0.994549,0.994549,0.0,27.0,2.0,linear
23,243995,512,512,0.997549,0.997549,0.0,27.0,2.0,linear
24,243457,243,243,0.998891,0.998891,0.0,27.0,2.0,linear
25,243862,124,124,0.999483,0.999483,0.0,27.0,2.0,linear
26,242974,34,34,0.99986,0.99986,0.0,27.0,2.0,linear
27,242680,9,9,0.999963,0.999963,0.0,27.0,2.0,linear
28,243948,2,2,0.999992,0.999992,0.0,27.0,2.0,linear
29,243375,0,0,1.0,1.0,0.0,27.0,2.0,linear

