generation,size,female_size,fertile_female_size,rate_dr,rate_has_drive,drive_efficiency,drop_ratio,low_density_growth_rate,density_growth_curve
1,77899,49042,49042,0.0,0.0,0.0,28.5,7.0,linear
2,78031,48977,48977,0.0,0.0,0.0,28.5,7.0,linear
3,81324,50883,50883,0.0,0.0,0.0,28.5,7.0,linear
4,81131,51043,51043,0.0,0.0,0.0,28.5,7.0,linear
5,76709,49159,49159,0.0,0.0,0.0,28.5,7.0,linear
6,75808,48829,48829,0.0,0.0,0.0,28.5,7.0,linear
7,78587,50166,50166,0.0,0.0,0.0,28.5,7.0,linear
8,80942,50900,50900,0.0,0.0,0.0,28.5,7.0,linear
9,78255,49720,49720,0.0,0.0,0.0,28.5,7.0,linear
10,76987,49368,49368,0.0,0.0,0.0,28.5,7.0,linear
11,79080,50522,50522,0.0,0.0,0.0,28.5,7.0,linear
12,250091,50147,50147,0.566515,0.566515,0.0,28.5,7.0,linear
13,359858,62198,62198,0.635119,0.635119,0.0,28.5,7.0,linear
14,369651,68127,68127,0.628941,0.628941,0.0,28.5,7.0,linear
15,369906,70107,70107,0.642453,0.642453,0.0,28.5,7.0,linear
16,357815,66141,66141,0.67695,0.67695,0.0,28.5,7.0,linear
17,342084,57898,57898,0.719289,0.719289,0.0,28.5,7.0,linear
18,324443,47840,47840,0.761687,0.761687,0.0,28.5,7.0,linear
19,309659,37609,37609,0.805358,0.805358,0.0,28.5,7.0,linear
20,297219,28716,28716,0.844832,0.844832,0.0,28.5,7.0,linear
21,287464,21478,21478,0.882291,0.882291,0.0,28.5,7.0,linear
22,278790,15576,15576,0.914659,0.914659,0.0,28.5,7.0,linear
23,271895,10964,10964,0.941152,0.941152,0.0,28.5,7.0,linear
24,266583,7352,7352,0.961661,0.961661,0.0,28.5,7.0,linear
25,263026,4616,4616,0.976474,0.976474,0.0,28.5,7.0,linear
26,260596,2761,2761,0.986461,0.986461,0.0,28.5,7.0,linear
27,258615,1530,1530,0.992724,0.992724,0.0,28.5,7.0,linear
28,257996,813,813,0.996268,0.996268,0.0,28.5,7.0,linear
29,257043,389,389,0.998277,0.998277,0.0,28.5,7.0,linear
30,257260,193,193,0.999156,0.999156,0.0,28.5,7.0,linear
31,256906,102,102,0.999587,0.999587,0.0,28.5,7.0,linear
32,257446,32,32,0.999872,0.999872,0.0,28.5,7.0,linear
33,257009,11,11,0.999957,0.999957,0.0,28.5,7.0,linear
34,257357,3,3,0.999988,0.999988,0.0,28.5,7.0,linear
35,256785,1,1,0.999996,0.999996,0.0,28.5,7.0,linear
36,257157,0,0,1.0,1.0,0.0,28.5,7.0,linear

