generation,size,female_size,fertile_female_size,rate_dr,rate_has_drive,drive_efficiency,drop_ratio,low_density_growth_rate,density_growth_curve
1,78438,49327,49327,0.0,0.0,0.0,7.5,4.0,linear
2,78378,49211,49211,0.0,0.0,0.0,7.5,4.0,linear
3,79167,49781,49781,0.0,0.0,0.0,7.5,4.0,linear
4,79804,50517,50517,0.0,0.0,0.0,7.5,4.0,linear
5,79722,50729,50729,0.0,0.0,0.0,7.5,4.0,linear
6,78616,50002,50002,0.0,0.0,0.0,7.5,4.0,linear
7,78247,49896,49896,0.0,0.0,0.0,7.5,4.0,linear
8,78256,49840,49840,0.0,0.0,0.0,7.5,4.0,linear
9,78275,49773,49773,0.0,0.0,0.0,7.5,4.0,linear
10,78319,49749,49749,0.0,0.0,0.0,7.5,4.0,linear
11,78007,49464,49464,0.0,0.0,0.0,7.5,4.0,linear
12,123695,49966,49966,0.282478,0.282478,0.0,7.5,4.0,linear
13,153140,53359,53359,0.361463,0.361463,0.0,7.5,4.0,linear
14,157202,55603,55603,0.36244,0.36244,0.0,7.5,4.0,linear
15,155300,55281,55281,0.373543,0.373543,0.0,7.5,4.0,linear
16,148853,52773,52773,0.397034,0.397034,0.0,7.5,4.0,linear
17,139936,48008,48008,0.429691,0.429691,0.0,7.5,4.0,linear
18,130177,42425,42425,0.466249,0.466249,0.0,7.5,4.0,linear
19,120778,36121,36121,0.506312,0.506312,0.0,7.5,4.0,linear
20,112761,30703,30703,0.549448,0.549448,0.0,7.5,4.0,linear
21,105414,25734,25734,0.597996,0.597996,0.0,7.5,4.0,linear
22,97917,20972,20972,0.651747,0.651747,0.0,7.5,4.0,linear
23,91544,16734,16734,0.708848,0.708848,0.0,7.5,4.0,linear
24,85904,12767,12767,0.765846,0.765846,0.0,7.5,4.0,linear
25,81039,9632,9632,0.818548,0.818548,0.0,7.5,4.0,linear
26,76701,6827,6827,0.866834,0.866834,0.0,7.5,4.0,linear
27,73891,4677,4677,0.906941,0.906941,0.0,7.5,4.0,linear
28,71654,3099,3099,0.93951,0.93951,0.0,7.5,4.0,linear
29,70109,1945,1945,0.962397,0.962397,0.0,7.5,4.0,linear
30,69418,1239,1239,0.976511,0.976511,0.0,7.5,4.0,linear
31,68633,724,724,0.986688,0.986688,0.0,7.5,4.0,linear
32,68333,407,407,0.992976,0.992976,0.0,7.5,4.0,linear
33,68137,211,211,0.996346,0.996346,0.0,7.5,4.0,linear
34,67886,96,96,0.998468,0.998468,0.0,7.5,4.0,linear
35,67595,40,40,0.999393,0.999393,0.0,7.5,4.0,linear
36,67755,14,14,0.999779,0.999779,0.0,7.5,4.0,linear
37,67728,3,3,0.999956,0.999956,0.0,7.5,4.0,linear
38,67828,0,0,1.0,1.0,0.0,7.5,4.0,linear

