generation,size,female_size,fertile_female_size,rate_dr,rate_has_drive,drive_efficiency,drop_ratio,low_density_growth_rate,density_growth_curve
1,78570,49352,49352,0.0,0.0,0.0,16.5,5.0,linear
2,78509,49463,49463,0.0,0.0,0.0,16.5,5.0,linear
3,78881,49903,49903,0.0,0.0,0.0,16.5,5.0,linear
4,79331,50161,50161,0.0,0.0,0.0,16.5,5.0,linear
5,79913,50756,50756,0.0,0.0,0.0,16.5,5.0,linear
6,79232,50630,50630,0.0,0.0,0.0,16.5,5.0,linear
7,78640,50479,50479,0.0,0.0,0.0,16.5,5.0,linear
8,77432,49710,49710,0.0,0.0,0.0,16.5,5.0,linear
9,77315,49421,49421,0.0,0.0,0.0,16.5,5.0,linear
10,77773,49521,49521,0.0,0.0,0.0,16.5,5.0,linear
11,79205,50087,50087,0.0,0.0,0.0,16.5,5.0,linear
12,178449,49947,49947,0.452569,0.452569,0.0,16.5,5.0,linear
13,240951,56643,56643,0.536922,0.536922,0.0,16.5,5.0,linear
14,246212,60121,60121,0.535938,0.535938,0.0,16.5,5.0,linear
15,244474,60041,60041,0.5532,0.5532,0.0,16.5,5.0,linear
16,233774,55851,55851,0.588808,0.588808,0.0,16.5,5.0,linear
17,220584,48886,48886,0.636076,0.636076,0.0,16.5,5.0,linear
18,206754,40519,40519,0.684348,0.684348,0.0,16.5,5.0,linear
19,193967,31928,31928,0.736238,0.736238,0.0,16.5,5.0,linear
20,183471,24565,24565,0.787589,0.787589,0.0,16.5,5.0,linear
21,174196,18370,18370,0.835575,0.835575,0.0,16.5,5.0,linear
22,166992,13362,13362,0.878398,0.878398,0.0,16.5,5.0,linear
23,161641,9484,9484,0.914723,0.914723,0.0,16.5,5.0,linear
24,157529,6525,6525,0.941704,0.941704,0.0,16.5,5.0,linear
25,154477,4178,4178,0.962832,0.962832,0.0,16.5,5.0,linear
26,152545,2593,2593,0.977513,0.977513,0.0,16.5,5.0,linear
27,151347,1536,1536,0.987025,0.987025,0.0,16.5,5.0,linear
28,149555,859,859,0.992954,0.992954,0.0,16.5,5.0,linear
29,148985,440,440,0.996383,0.996383,0.0,16.5,5.0,linear
30,149047,216,216,0.998309,0.998309,0.0,16.5,5.0,linear
31,148604,93,93,0.999293,0.999293,0.0,16.5,5.0,linear
32,148765,40,40,0.999698,0.999698,0.0,16.5,5.0,linear
33,148742,18,18,0.999879,0.999879,0.0,16.5,5.0,linear
34,148988,5,5,0.999966,0.999966,0.0,16.5,5.0,linear
35,149183,1,1,0.999993,0.999993,0.0,16.5,5.0,linear
36,148928,0,0,1.0,1.0,0.0,16.5,5.0,linear

