generation,size,female_size,fertile_female_size,rate_dr,rate_has_drive,drive_efficiency,drop_ratio,low_density_growth_rate,density_growth_curve
1,78386,49349,49349,0.0,0.0,0.0,30.0,5.0,linear
2,78330,49334,49334,0.0,0.0,0.0,30.0,5.0,linear
3,79016,49871,49871,0.0,0.0,0.0,30.0,5.0,linear
4,79682,50663,50663,0.0,0.0,0.0,30.0,5.0,linear
5,79598,50604,50604,0.0,0.0,0.0,30.0,5.0,linear
6,77690,49880,49880,0.0,0.0,0.0,30.0,5.0,linear
7,77207,49531,49531,0.0,0.0,0.0,30.0,5.0,linear
8,77490,49621,49621,0.0,0.0,0.0,30.0,5.0,linear
9,78161,49781,49781,0.0,0.0,0.0,30.0,5.0,linear
10,78893,50078,50078,0.0,0.0,0.0,30.0,5.0,linear
11,79363,50363,50363,0.0,0.0,0.0,30.0,5.0,linear
12,259200,50307,50307,0.599032,0.599032,0.0,30.0,5.0,linear
13,362189,56299,56299,0.679104,0.679104,0.0,30.0,5.0,linear
14,367206,58903,58903,0.683302,0.683302,0.0,30.0,5.0,linear
15,362992,57838,57838,0.707176,0.707176,0.0,30.0,5.0,linear
16,348141,51770,51770,0.749293,0.749293,0.0,30.0,5.0,linear
17,330693,42873,42873,0.798086,0.798086,0.0,30.0,5.0,linear
18,313740,32658,32658,0.845403,0.845403,0.0,30.0,5.0,linear
19,301303,23200,23200,0.887971,0.887971,0.0,30.0,5.0,linear
20,291478,15776,15776,0.922218,0.922218,0.0,30.0,5.0,linear
21,284118,10299,10299,0.948629,0.948629,0.0,30.0,5.0,linear
22,279212,6408,6408,0.968346,0.968346,0.0,30.0,5.0,linear
23,275534,4004,4004,0.981196,0.981196,0.0,30.0,5.0,linear
24,273383,2381,2381,0.989319,0.989319,0.0,30.0,5.0,linear
25,272146,1351,1351,0.994177,0.994177,0.0,30.0,5.0,linear
26,271731,664,664,0.997185,0.997185,0.0,30.0,5.0,linear
27,271098,277,277,0.998805,0.998805,0.0,30.0,5.0,linear
28,270258,130,130,0.99946,0.99946,0.0,30.0,5.0,linear
29,271109,43,43,0.999819,0.999819,0.0,30.0,5.0,linear
30,270678,12,12,0.999948,0.999948,0.0,30.0,5.0,linear
31,270361,7,7,0.999974,0.999974,0.0,30.0,5.0,linear
32,270817,3,3,0.999989,0.999989,0.0,30.0,5.0,linear
33,271139,2,2,0.999993,0.999993,0.0,30.0,5.0,linear
34,271118,0,0,1.0,1.0,0.0,30.0,5.0,linear

