generation,size,female_size,fertile_female_size,rate_dr,rate_has_drive,drive_efficiency,drop_ratio,low_density_growth_rate,density_growth_curve
1,78146,49144,49144,0.0,0.0,0.0,27.0,8.0,linear
2,78465,49386,49386,0.0,0.0,0.0,27.0,8.0,linear
3,81296,51230,51230,0.0,0.0,0.0,27.0,8.0,linear
4,80683,51278,51278,0.0,0.0,0.0,27.0,8.0,linear
5,74775,48460,48460,0.0,0.0,0.0,27.0,8.0,linear
6,73652,47555,47555,0.0,0.0,0.0,27.0,8.0,linear
7,80456,50502,50502,0.0,0.0,0.0,27.0,8.0,linear
8,83528,52064,52064,0.0,0.0,0.0,27.0,8.0,linear
9,78409,49717,49717,0.0,0.0,0.0,27.0,8.0,linear
10,73711,47820,47820,0.0,0.0,0.0,27.0,8.0,linear
11,78917,50437,50437,0.0,0.0,0.0,27.0,8.0,linear
12,245288,52087,52087,0.538196,0.538196,0.0,27.0,8.0,linear
13,352673,65041,65041,0.60688,0.60688,0.0,27.0,8.0,linear
14,363889,72350,72350,0.597969,0.597969,0.0,27.0,8.0,linear
15,365741,75474,75474,0.609491,0.609491,0.0,27.0,8.0,linear
16,355352,72735,72735,0.637072,0.637072,0.0,27.0,8.0,linear
17,341069,65695,65695,0.671448,0.671448,0.0,27.0,8.0,linear
18,325900,56479,56479,0.708073,0.708073,0.0,27.0,8.0,linear
19,311191,46589,46589,0.746742,0.746742,0.0,27.0,8.0,linear
20,299063,38251,38251,0.786002,0.786002,0.0,27.0,8.0,linear
21,287699,30616,30616,0.824814,0.824814,0.0,27.0,8.0,linear
22,277660,23856,23856,0.861689,0.861689,0.0,27.0,8.0,linear
23,268748,18228,18228,0.894013,0.894013,0.0,27.0,8.0,linear
24,261586,13315,13315,0.922228,0.922228,0.0,27.0,8.0,linear
25,256171,9374,9374,0.945787,0.945787,0.0,27.0,8.0,linear
26,251747,6297,6297,0.964354,0.964354,0.0,27.0,8.0,linear
27,248668,4096,4096,0.977323,0.977323,0.0,27.0,8.0,linear
28,247240,2544,2544,0.986504,0.986504,0.0,27.0,8.0,linear
29,246268,1493,1493,0.992279,0.992279,0.0,27.0,8.0,linear
30,244887,805,805,0.996084,0.996084,0.0,27.0,8.0,linear
31,244503,423,423,0.997988,0.997988,0.0,27.0,8.0,linear
32,243668,208,208,0.999068,0.999068,0.0,27.0,8.0,linear
33,243118,82,82,0.999638,0.999638,0.0,27.0,8.0,linear
34,243504,36,36,0.99984,0.99984,0.0,27.0,8.0,linear
35,242992,16,16,0.999934,0.999934,0.0,27.0,8.0,linear
36,244282,5,5,0.99998,0.99998,0.0,27.0,8.0,linear
37,243623,4,4,0.999984,0.999984,0.0,27.0,8.0,linear
38,243607,0,0,1.0,1.0,0.0,27.0,8.0,linear

