generation,size,female_size,fertile_female_size,rate_dr,rate_has_drive,drive_efficiency,drop_ratio,low_density_growth_rate,density_growth_curve
1,78160,49205,49205,0.0,0.0,0.0,28.5,2.0,linear
2,78272,49105,49105,0.0,0.0,0.0,28.5,2.0,linear
3,77999,49141,49141,0.0,0.0,0.0,28.5,2.0,linear
4,78139,49211,49211,0.0,0.0,0.0,28.5,2.0,linear
5,78342,49627,49627,0.0,0.0,0.0,28.5,2.0,linear
6,78251,49730,49730,0.0,0.0,0.0,28.5,2.0,linear
7,78204,49915,49915,0.0,0.0,0.0,28.5,2.0,linear
8,78333,50083,50083,0.0,0.0,0.0,28.5,2.0,linear
9,78369,49874,49874,0.0,0.0,0.0,28.5,2.0,linear
10,78792,50111,50111,0.0,0.0,0.0,28.5,2.0,linear
11,78794,50142,50142,0.0,0.0,0.0,28.5,2.0,linear
12,250114,50125,50125,0.621726,0.621726,0.0,28.5,2.0,linear
13,332611,48537,48537,0.729042,0.729042,0.0,28.5,2.0,linear
14,324545,44405,44405,0.758428,0.758428,0.0,28.5,2.0,linear
15,313658,38173,38173,0.799921,0.799921,0.0,28.5,2.0,linear
16,299373,30198,30198,0.84761,0.84761,0.0,28.5,2.0,linear
17,286538,21740,21740,0.895391,0.895391,0.0,28.5,2.0,linear
18,274583,14026,14026,0.93368,0.93368,0.0,28.5,2.0,linear
19,266871,8429,8429,0.960901,0.960901,0.0,28.5,2.0,linear
20,261851,4594,4594,0.978736,0.978736,0.0,28.5,2.0,linear
21,259521,2310,2310,0.989237,0.989237,0.0,28.5,2.0,linear
22,258460,1057,1057,0.99506,0.99506,0.0,28.5,2.0,linear
23,257511,473,473,0.997829,0.997829,0.0,28.5,2.0,linear
24,257433,237,237,0.998971,0.998971,0.0,28.5,2.0,linear
25,257310,102,102,0.999584,0.999584,0.0,28.5,2.0,linear
26,257314,37,37,0.999852,0.999852,0.0,28.5,2.0,linear
27,257120,9,9,0.999965,0.999965,0.0,28.5,2.0,linear
28,257295,3,3,0.999988,0.999988,0.0,28.5,2.0,linear
29,257126,0,0,1.0,1.0,0.0,28.5,2.0,linear

