generation,size,female_size,fertile_female_size,rate_dr,rate_has_drive,drive_efficiency,drop_ratio,low_density_growth_rate,density_growth_curve
1,78376,49299,49299,0.0,0.0,0.0,19.5,2.0,linear
2,78324,49168,49168,0.0,0.0,0.0,19.5,2.0,linear
3,78139,49380,49380,0.0,0.0,0.0,19.5,2.0,linear
4,78210,49581,49581,0.0,0.0,0.0,19.5,2.0,linear
5,78087,49824,49824,0.0,0.0,0.0,19.5,2.0,linear
6,78350,49960,49960,0.0,0.0,0.0,19.5,2.0,linear
7,78629,50180,50180,0.0,0.0,0.0,19.5,2.0,linear
8,78973,50444,50444,0.0,0.0,0.0,19.5,2.0,linear
9,78904,50308,50308,0.0,0.0,0.0,19.5,2.0,linear
10,78741,50080,50080,0.0,0.0,0.0,19.5,2.0,linear
11,78663,49949,49949,0.0,0.0,0.0,19.5,2.0,linear
12,196074,49924,49924,0.528859,0.528859,0.0,19.5,2.0,linear
13,252230,48634,48634,0.646288,0.646288,0.0,19.5,2.0,linear
14,244950,45115,45115,0.679408,0.679408,0.0,19.5,2.0,linear
15,233863,38970,38970,0.725523,0.725523,0.0,19.5,2.0,linear
16,220814,31464,31464,0.782383,0.782383,0.0,19.5,2.0,linear
17,207481,23145,23145,0.842256,0.842256,0.0,19.5,2.0,linear
18,195679,15636,15636,0.893003,0.893003,0.0,19.5,2.0,linear
19,187993,9644,9644,0.933944,0.933944,0.0,19.5,2.0,linear
20,182634,5563,5563,0.961203,0.961203,0.0,19.5,2.0,linear
21,179682,2969,2969,0.97888,0.97888,0.0,19.5,2.0,linear
22,177586,1495,1495,0.989669,0.989669,0.0,19.5,2.0,linear
23,176652,737,737,0.995115,0.995115,0.0,19.5,2.0,linear
24,176140,353,353,0.99778,0.99778,0.0,19.5,2.0,linear
25,175769,157,157,0.999061,0.999061,0.0,19.5,2.0,linear
26,175899,70,70,0.999596,0.999596,0.0,19.5,2.0,linear
27,176141,25,25,0.999858,0.999858,0.0,19.5,2.0,linear
28,176334,5,5,0.999972,0.999972,0.0,19.5,2.0,linear
29,176270,1,1,0.999994,0.999994,0.0,19.5,2.0,linear
30,175906,0,0,1.0,1.0,0.0,19.5,2.0,linear

