generation,size,female_size,fertile_female_size,rate_dr,rate_has_drive,drive_efficiency,drop_ratio,low_density_growth_rate,density_growth_curve
1,78381,49453,49453,0.0,0.0,0.0,7.5,4.0,linear
2,78441,49285,49285,0.0,0.0,0.0,7.5,4.0,linear
3,78721,49569,49569,0.0,0.0,0.0,7.5,4.0,linear
4,79514,50012,50012,0.0,0.0,0.0,7.5,4.0,linear
5,79252,50277,50277,0.0,0.0,0.0,7.5,4.0,linear
6,78516,50129,50129,0.0,0.0,0.0,7.5,4.0,linear
7,79037,50385,50385,0.0,0.0,0.0,7.5,4.0,linear
8,78785,50236,50236,0.0,0.0,0.0,7.5,4.0,linear
9,78125,49941,49941,0.0,0.0,0.0,7.5,4.0,linear
10,78041,49556,49556,0.0,0.0,0.0,7.5,4.0,linear
11,78358,49665,49665,0.0,0.0,0.0,7.5,4.0,linear
12,124023,50106,50106,0.282821,0.282821,0.0,7.5,4.0,linear
13,153128,53482,53482,0.360953,0.360953,0.0,7.5,4.0,linear
14,156589,55444,55444,0.362778,0.362778,0.0,7.5,4.0,linear
15,154717,55234,55234,0.374516,0.374516,0.0,7.5,4.0,linear
16,148536,52687,52687,0.397437,0.397437,0.0,7.5,4.0,linear
17,139815,48150,48150,0.427663,0.427663,0.0,7.5,4.0,linear
18,130690,42539,42539,0.463192,0.463192,0.0,7.5,4.0,linear
19,121901,36656,36656,0.504924,0.504924,0.0,7.5,4.0,linear
20,112994,30905,30905,0.549046,0.549046,0.0,7.5,4.0,linear
21,105156,25746,25746,0.598138,0.598138,0.0,7.5,4.0,linear
22,97763,20860,20860,0.651888,0.651888,0.0,7.5,4.0,linear
23,91718,16766,16766,0.705639,0.705639,0.0,7.5,4.0,linear
24,86163,13170,13170,0.759806,0.759806,0.0,7.5,4.0,linear
25,81416,10016,10016,0.811151,0.811151,0.0,7.5,4.0,linear
26,77599,7396,7396,0.856905,0.856905,0.0,7.5,4.0,linear
27,74737,5256,5256,0.898327,0.898327,0.0,7.5,4.0,linear
28,72434,3484,3484,0.932879,0.932879,0.0,7.5,4.0,linear
29,70359,2202,2202,0.957742,0.957742,0.0,7.5,4.0,linear
30,69291,1305,1305,0.975603,0.975603,0.0,7.5,4.0,linear
31,68726,751,751,0.986045,0.986045,0.0,7.5,4.0,linear
32,68078,415,415,0.992422,0.992422,0.0,7.5,4.0,linear
33,68097,232,232,0.996035,0.996035,0.0,7.5,4.0,linear
34,67731,99,99,0.998317,0.998317,0.0,7.5,4.0,linear
35,67534,52,52,0.999186,0.999186,0.0,7.5,4.0,linear
36,67976,25,25,0.999618,0.999618,0.0,7.5,4.0,linear
37,67749,17,17,0.999749,0.999749,0.0,7.5,4.0,linear
38,67662,4,4,0.999941,0.999941,0.0,7.5,4.0,linear
39,67579,1,1,0.999985,0.999985,0.0,7.5,4.0,linear
40,67599,0,0,1.0,1.0,0.0,7.5,4.0,linear

