generation,size,female_size,fertile_female_size,rate_dr,rate_has_drive,drive_efficiency,drop_ratio,low_density_growth_rate,density_growth_curve
1,78526,49401,49401,0.0,0.0,0.0,15.0,7.0,linear
2,78101,49218,49218,0.0,0.0,0.0,15.0,7.0,linear
3,79166,49979,49979,0.0,0.0,0.0,15.0,7.0,linear
4,81283,50996,50996,0.0,0.0,0.0,15.0,7.0,linear
5,79284,50213,50213,0.0,0.0,0.0,15.0,7.0,linear
6,77571,49605,49605,0.0,0.0,0.0,15.0,7.0,linear
7,77177,49610,49610,0.0,0.0,0.0,15.0,7.0,linear
8,78322,50038,50038,0.0,0.0,0.0,15.0,7.0,linear
9,79240,50214,50214,0.0,0.0,0.0,15.0,7.0,linear
10,77978,49570,49570,0.0,0.0,0.0,15.0,7.0,linear
11,77960,49645,49645,0.0,0.0,0.0,15.0,7.0,linear
12,169524,50435,50435,0.411211,0.411211,0.0,15.0,7.0,linear
13,236332,61012,61012,0.479238,0.479238,0.0,15.0,7.0,linear
14,247976,67829,67829,0.464901,0.464901,0.0,15.0,7.0,linear
15,251877,71388,71388,0.468965,0.468965,0.0,15.0,7.0,linear
16,246010,70881,70881,0.487456,0.487456,0.0,15.0,7.0,linear
17,237119,67227,67227,0.510091,0.510091,0.0,15.0,7.0,linear
18,227480,61463,61463,0.53462,0.53462,0.0,15.0,7.0,linear
19,217747,55025,55025,0.561517,0.561517,0.0,15.0,7.0,linear
20,209098,49278,49278,0.590521,0.590521,0.0,15.0,7.0,linear
21,200477,43594,43594,0.624415,0.624415,0.0,15.0,7.0,linear
22,191635,37792,37792,0.662784,0.662784,0.0,15.0,7.0,linear
23,182588,32189,32189,0.701772,0.701772,0.0,15.0,7.0,linear
24,174077,26829,26829,0.741016,0.741016,0.0,15.0,7.0,linear
25,166784,21850,21850,0.781943,0.781943,0.0,15.0,7.0,linear
26,159764,17472,17472,0.821887,0.821887,0.0,15.0,7.0,linear
27,154099,13390,13390,0.861613,0.861613,0.0,15.0,7.0,linear
28,149226,10034,10034,0.896858,0.896858,0.0,15.0,7.0,linear
29,145077,7226,7226,0.926959,0.926959,0.0,15.0,7.0,linear
30,141519,4915,4915,0.950913,0.950913,0.0,15.0,7.0,linear
31,139324,3253,3253,0.968451,0.968451,0.0,15.0,7.0,linear
32,137150,1983,1983,0.980894,0.980894,0.0,15.0,7.0,linear
33,136192,1120,1120,0.989598,0.989598,0.0,15.0,7.0,linear
34,135596,612,612,0.994661,0.994661,0.0,15.0,7.0,linear
35,135674,314,314,0.997428,0.997428,0.0,15.0,7.0,linear
36,135883,141,141,0.998911,0.998911,0.0,15.0,7.0,linear
37,135648,56,56,0.999587,0.999587,0.0,15.0,7.0,linear
38,135797,14,14,0.999897,0.999897,0.0,15.0,7.0,linear
39,135608,4,4,0.999971,0.999971,0.0,15.0,7.0,linear
40,135915,0,0,1.0,1.0,0.0,15.0,7.0,linear

