generation,size,female_size,fertile_female_size,rate_dr,rate_has_drive,drive_efficiency,drop_ratio,low_density_growth_rate,density_growth_curve
1,78833,49534,49534,0.0,0.0,0.0,27.0,4.0,linear
2,78508,49501,49501,0.0,0.0,0.0,27.0,4.0,linear
3,79135,49991,49991,0.0,0.0,0.0,27.0,4.0,linear
4,79216,50170,50170,0.0,0.0,0.0,27.0,4.0,linear
5,78568,49894,49894,0.0,0.0,0.0,27.0,4.0,linear
6,78256,49881,49881,0.0,0.0,0.0,27.0,4.0,linear
7,77994,49925,49925,0.0,0.0,0.0,27.0,4.0,linear
8,78166,50075,50075,0.0,0.0,0.0,27.0,4.0,linear
9,78339,50027,50027,0.0,0.0,0.0,27.0,4.0,linear
10,78612,49928,49928,0.0,0.0,0.0,27.0,4.0,linear
11,78539,49891,49891,0.0,0.0,0.0,27.0,4.0,linear
12,241361,49913,49913,0.584981,0.584981,0.0,27.0,4.0,linear
13,330708,53826,53826,0.673902,0.673902,0.0,27.0,4.0,linear
14,331531,54651,54651,0.685451,0.685451,0.0,27.0,4.0,linear
15,324725,51582,51582,0.714772,0.714772,0.0,27.0,4.0,linear
16,311244,45344,45344,0.760143,0.760143,0.0,27.0,4.0,linear
17,294519,36312,36312,0.812432,0.812432,0.0,27.0,4.0,linear
18,279129,26623,26623,0.861146,0.861146,0.0,27.0,4.0,linear
19,267059,18248,18248,0.903249,0.903249,0.0,27.0,4.0,linear
20,258151,11780,11780,0.936231,0.936231,0.0,27.0,4.0,linear
21,252972,7281,7281,0.960373,0.960373,0.0,27.0,4.0,linear
22,248927,4282,4282,0.97699,0.97699,0.0,27.0,4.0,linear
23,246483,2558,2558,0.986744,0.986744,0.0,27.0,4.0,linear
24,245237,1492,1492,0.992645,0.992645,0.0,27.0,4.0,linear
25,243855,773,773,0.996301,0.996301,0.0,27.0,4.0,linear
26,244140,383,383,0.998235,0.998235,0.0,27.0,4.0,linear
27,243758,167,167,0.999257,0.999257,0.0,27.0,4.0,linear
28,243407,75,75,0.999667,0.999667,0.0,27.0,4.0,linear
29,243362,29,29,0.999881,0.999881,0.0,27.0,4.0,linear
30,243482,10,10,0.999959,0.999959,0.0,27.0,4.0,linear
31,243556,0,0,1.0,1.0,0.0,27.0,4.0,linear

