generation,size,female_size,fertile_female_size,rate_dr,rate_has_drive,drive_efficiency,drop_ratio,low_density_growth_rate,density_growth_curve
1,78023,49088,49088,0.0,0.0,0.0,19.5,3.0,linear
2,78647,49436,49436,0.0,0.0,0.0,19.5,3.0,linear
3,79087,49976,49976,0.0,0.0,0.0,19.5,3.0,linear
4,78774,50032,50032,0.0,0.0,0.0,19.5,3.0,linear
5,79152,50390,50390,0.0,0.0,0.0,19.5,3.0,linear
6,78788,50254,50254,0.0,0.0,0.0,19.5,3.0,linear
7,78933,50113,50113,0.0,0.0,0.0,19.5,3.0,linear
8,78554,50140,50140,0.0,0.0,0.0,19.5,3.0,linear
9,78596,50204,50204,0.0,0.0,0.0,19.5,3.0,linear
10,78586,50161,50161,0.0,0.0,0.0,19.5,3.0,linear
11,78245,50006,50006,0.0,0.0,0.0,19.5,3.0,linear
12,195784,50086,50086,0.517168,0.517168,0.0,19.5,3.0,linear
13,257133,51251,51251,0.621091,0.621091,0.0,19.5,3.0,linear
14,254420,50012,50012,0.641536,0.641536,0.0,19.5,3.0,linear
15,245924,45697,45697,0.678974,0.678974,0.0,19.5,3.0,linear
16,232378,38972,38972,0.730711,0.730711,0.0,19.5,3.0,linear
17,217780,30583,30583,0.790488,0.790488,0.0,19.5,3.0,linear
18,204445,21734,21734,0.847491,0.847491,0.0,19.5,3.0,linear
19,195056,14636,14636,0.895858,0.895858,0.0,19.5,3.0,linear
20,187422,9367,9367,0.932067,0.932067,0.0,19.5,3.0,linear
21,183375,5696,5696,0.958423,0.958423,0.0,19.5,3.0,linear
22,179920,3293,3293,0.976118,0.976118,0.0,19.5,3.0,linear
23,177702,1825,1825,0.987095,0.987095,0.0,19.5,3.0,linear
24,177228,1021,1021,0.993202,0.993202,0.0,19.5,3.0,linear
25,176410,466,466,0.996996,0.996996,0.0,19.5,3.0,linear
26,175953,216,216,0.998653,0.998653,0.0,19.5,3.0,linear
27,176127,100,100,0.999375,0.999375,0.0,19.5,3.0,linear
28,176307,38,38,0.999779,0.999779,0.0,19.5,3.0,linear
29,175893,14,14,0.999915,0.999915,0.0,19.5,3.0,linear
30,176066,2,2,0.999989,0.999989,0.0,19.5,3.0,linear
31,175890,2,2,0.999989,0.999989,0.0,19.5,3.0,linear
32,176047,1,1,0.999994,0.999994,0.0,19.5,3.0,linear
33,175888,0,0,1.0,1.0,0.0,19.5,3.0,linear

