generation,size,female_size,fertile_female_size,rate_dr,rate_has_drive,drive_efficiency,drop_ratio,low_density_growth_rate,density_growth_curve
1,78074,49271,49271,0.0,0.0,0.0,30.0,8.0,linear
2,78067,49102,49102,0.0,0.0,0.0,30.0,8.0,linear
3,81483,51165,51165,0.0,0.0,0.0,30.0,8.0,linear
4,81508,51690,51690,0.0,0.0,0.0,30.0,8.0,linear
5,76747,49600,49600,0.0,0.0,0.0,30.0,8.0,linear
6,75667,48980,48980,0.0,0.0,0.0,30.0,8.0,linear
7,79157,50235,50235,0.0,0.0,0.0,30.0,8.0,linear
8,80591,50680,50680,0.0,0.0,0.0,30.0,8.0,linear
9,78314,49540,49540,0.0,0.0,0.0,30.0,8.0,linear
10,77934,49719,49719,0.0,0.0,0.0,30.0,8.0,linear
11,81389,51252,51252,0.0,0.0,0.0,30.0,8.0,linear
12,260661,50741,50741,0.568092,0.568092,0.0,30.0,8.0,linear
13,379334,64460,64460,0.634191,0.634191,0.0,30.0,8.0,linear
14,391909,72165,72165,0.623502,0.623502,0.0,30.0,8.0,linear
15,394170,75712,75712,0.633313,0.633313,0.0,30.0,8.0,linear
16,382646,72686,72686,0.662236,0.662236,0.0,30.0,8.0,linear
17,367924,65681,65681,0.699813,0.699813,0.0,30.0,8.0,linear
18,349761,55325,55325,0.739259,0.739259,0.0,30.0,8.0,linear
19,334346,44306,44306,0.779873,0.779873,0.0,30.0,8.0,linear
20,322414,35408,35408,0.818879,0.818879,0.0,30.0,8.0,linear
21,310945,27387,27387,0.855763,0.855763,0.0,30.0,8.0,linear
22,300231,20920,20920,0.889123,0.889123,0.0,30.0,8.0,linear
23,292001,15651,15651,0.917978,0.917978,0.0,30.0,8.0,linear
24,285901,11283,11283,0.942081,0.942081,0.0,30.0,8.0,linear
25,279878,7658,7658,0.960701,0.960701,0.0,30.0,8.0,linear
26,277275,4964,4964,0.975215,0.975215,0.0,30.0,8.0,linear
27,274165,3115,3115,0.98495,0.98495,0.0,30.0,8.0,linear
28,272769,1811,1811,0.991344,0.991344,0.0,30.0,8.0,linear
29,272189,1047,1047,0.995357,0.995357,0.0,30.0,8.0,linear
30,271665,558,558,0.997593,0.997593,0.0,30.0,8.0,linear
31,270534,280,280,0.998865,0.998865,0.0,30.0,8.0,linear
32,270723,111,111,0.999564,0.999564,0.0,30.0,8.0,linear
33,270446,49,49,0.999819,0.999819,0.0,30.0,8.0,linear
34,271235,25,25,0.999908,0.999908,0.0,30.0,8.0,linear
35,270888,9,9,0.999967,0.999967,0.0,30.0,8.0,linear
36,270000,2,2,0.999993,0.999993,0.0,30.0,8.0,linear
37,270377,0,0,1.0,1.0,0.0,30.0,8.0,linear

