generation,size,female_size,fertile_female_size,rate_dr,rate_has_drive,drive_efficiency,drop_ratio,low_density_growth_rate,density_growth_curve
1,78516,49415,49415,0.0,0.0,0.0,12.0,3.0,linear
2,78464,49343,49343,0.0,0.0,0.0,12.0,3.0,linear
3,78077,49200,49200,0.0,0.0,0.0,12.0,3.0,linear
4,78723,49752,49752,0.0,0.0,0.0,12.0,3.0,linear
5,78597,49926,49926,0.0,0.0,0.0,12.0,3.0,linear
6,78860,50101,50101,0.0,0.0,0.0,12.0,3.0,linear
7,79133,50301,50301,0.0,0.0,0.0,12.0,3.0,linear
8,78930,50266,50266,0.0,0.0,0.0,12.0,3.0,linear
9,78295,49990,49990,0.0,0.0,0.0,12.0,3.0,linear
10,78137,49968,49968,0.0,0.0,0.0,12.0,3.0,linear
11,78615,50106,50106,0.0,0.0,0.0,12.0,3.0,linear
12,150899,50149,50149,0.396525,0.396525,0.0,12.0,3.0,linear
13,189683,51389,51389,0.49878,0.49878,0.0,12.0,3.0,linear
14,187760,50507,50507,0.516359,0.516359,0.0,12.0,3.0,linear
15,180414,46864,46864,0.550843,0.550843,0.0,12.0,3.0,linear
16,168756,40909,40909,0.600933,0.600933,0.0,12.0,3.0,linear
17,156575,33631,33631,0.663541,0.663541,0.0,12.0,3.0,linear
18,143345,25725,25725,0.727753,0.727753,0.0,12.0,3.0,linear
19,133481,18682,18682,0.791554,0.791554,0.0,12.0,3.0,linear
20,125328,13021,13021,0.8489,0.8489,0.0,12.0,3.0,linear
21,119658,8716,8716,0.895077,0.895077,0.0,12.0,3.0,linear
22,115473,5689,5689,0.931431,0.931431,0.0,12.0,3.0,linear
23,112663,3551,3551,0.957237,0.957237,0.0,12.0,3.0,linear
24,111007,2132,2132,0.975166,0.975166,0.0,12.0,3.0,linear
25,109724,1211,1211,0.986317,0.986317,0.0,12.0,3.0,linear
26,108867,648,648,0.99302,0.99302,0.0,12.0,3.0,linear
27,108645,322,322,0.996668,0.996668,0.0,12.0,3.0,linear
28,108718,147,147,0.998528,0.998528,0.0,12.0,3.0,linear
29,108876,59,59,0.999403,0.999403,0.0,12.0,3.0,linear
30,108542,22,22,0.999797,0.999797,0.0,12.0,3.0,linear
31,108420,11,11,0.999899,0.999899,0.0,12.0,3.0,linear
32,108274,2,2,0.999982,0.999982,0.0,12.0,3.0,linear
33,108376,0,0,1.0,1.0,0.0,12.0,3.0,linear

