generation,size,female_size,fertile_female_size,rate_dr,rate_has_drive,drive_efficiency,drop_ratio,low_density_growth_rate,density_growth_curve
1,78444,49208,49208,0.0,0.0,0.0,18.0,6.0,linear
2,78371,49208,49208,0.0,0.0,0.0,18.0,6.0,linear
3,79225,49895,49895,0.0,0.0,0.0,18.0,6.0,linear
4,80009,50391,50391,0.0,0.0,0.0,18.0,6.0,linear
5,79424,50406,50406,0.0,0.0,0.0,18.0,6.0,linear
6,78575,50241,50241,0.0,0.0,0.0,18.0,6.0,linear
7,77701,49793,49793,0.0,0.0,0.0,18.0,6.0,linear
8,78050,49639,49639,0.0,0.0,0.0,18.0,6.0,linear
9,78052,49666,49666,0.0,0.0,0.0,18.0,6.0,linear
10,78347,49661,49661,0.0,0.0,0.0,18.0,6.0,linear
11,79113,50081,50081,0.0,0.0,0.0,18.0,6.0,linear
12,187696,50465,50465,0.461816,0.461816,0.0,18.0,6.0,linear
13,259055,59454,59454,0.538901,0.538901,0.0,18.0,6.0,linear
14,267564,64502,64502,0.533139,0.533139,0.0,18.0,6.0,linear
15,267746,65655,65655,0.547029,0.547029,0.0,18.0,6.0,linear
16,258684,62633,62633,0.57699,0.57699,0.0,18.0,6.0,linear
17,245685,56488,56488,0.615884,0.615884,0.0,18.0,6.0,linear
18,231449,48240,48240,0.656741,0.656741,0.0,18.0,6.0,linear
19,219425,39552,39552,0.701677,0.701677,0.0,18.0,6.0,linear
20,208754,32151,32151,0.74604,0.74604,0.0,18.0,6.0,linear
21,199082,25656,25656,0.790587,0.790587,0.0,18.0,6.0,linear
22,190330,19585,19585,0.836344,0.836344,0.0,18.0,6.0,linear
23,182905,14635,14635,0.876977,0.876977,0.0,18.0,6.0,linear
24,176893,10657,10657,0.912045,0.912045,0.0,18.0,6.0,linear
25,171732,7198,7198,0.940148,0.940148,0.0,18.0,6.0,linear
26,168613,4756,4756,0.960278,0.960278,0.0,18.0,6.0,linear
27,166438,3044,3044,0.975041,0.975041,0.0,18.0,6.0,linear
28,164805,1838,1838,0.985265,0.985265,0.0,18.0,6.0,linear
29,164269,1045,1045,0.991911,0.991911,0.0,18.0,6.0,linear
30,163229,573,573,0.995895,0.995895,0.0,18.0,6.0,linear
31,162801,309,309,0.997875,0.997875,0.0,18.0,6.0,linear
32,162316,136,136,0.999088,0.999088,0.0,18.0,6.0,linear
33,162553,48,48,0.99968,0.99968,0.0,18.0,6.0,linear
34,162633,23,23,0.999852,0.999852,0.0,18.0,6.0,linear
35,162625,8,8,0.999951,0.999951,0.0,18.0,6.0,linear
36,162750,6,6,0.999963,0.999963,0.0,18.0,6.0,linear
37,162917,3,3,0.999982,0.999982,0.0,18.0,6.0,linear
38,162715,0,0,1.0,1.0,0.0,18.0,6.0,linear

