generation,size,female_size,fertile_female_size,rate_dr,rate_has_drive,drive_efficiency,drop_ratio,low_density_growth_rate,density_growth_curve
1,78438,49293,49293,0.0,0.0,0.0,21.0,9.0,linear
2,78631,49491,49491,0.0,0.0,0.0,21.0,9.0,linear
3,80022,50692,50692,0.0,0.0,0.0,21.0,9.0,linear
4,81423,51480,51480,0.0,0.0,0.0,21.0,9.0,linear
5,76900,49602,49602,0.0,0.0,0.0,21.0,9.0,linear
6,74584,48318,48318,0.0,0.0,0.0,21.0,9.0,linear
7,78406,50049,50049,0.0,0.0,0.0,21.0,9.0,linear
8,83267,52108,52108,0.0,0.0,0.0,21.0,9.0,linear
9,77509,49574,49574,0.0,0.0,0.0,21.0,9.0,linear
10,72567,47169,47169,0.0,0.0,0.0,21.0,9.0,linear
11,79264,50691,50691,0.0,0.0,0.0,21.0,9.0,linear
12,212530,53757,53757,0.462881,0.462881,0.0,21.0,9.0,linear
13,305470,68800,68800,0.528973,0.528973,0.0,21.0,9.0,linear
14,319009,77772,77772,0.514255,0.514255,0.0,21.0,9.0,linear
15,324534,83062,83062,0.51592,0.51592,0.0,21.0,9.0,linear
16,319067,83284,83284,0.530621,0.530621,0.0,21.0,9.0,linear
17,310505,79470,79470,0.551396,0.551396,0.0,21.0,9.0,linear
18,298336,72883,72883,0.572751,0.572751,0.0,21.0,9.0,linear
19,288087,65636,65636,0.598778,0.598778,0.0,21.0,9.0,linear
20,278266,59045,59045,0.625273,0.625273,0.0,21.0,9.0,linear
21,268687,52578,52578,0.653742,0.653742,0.0,21.0,9.0,linear
22,259231,46684,46684,0.685521,0.685521,0.0,21.0,9.0,linear
23,249547,40662,40662,0.718192,0.718192,0.0,21.0,9.0,linear
24,240699,34697,34697,0.751648,0.751648,0.0,21.0,9.0,linear
25,232236,29066,29066,0.78713,0.78713,0.0,21.0,9.0,linear
26,223463,23589,23589,0.822248,0.822248,0.0,21.0,9.0,linear
27,215944,18894,18894,0.855503,0.855503,0.0,21.0,9.0,linear
28,210125,14807,14807,0.886653,0.886653,0.0,21.0,9.0,linear
29,205251,11165,11165,0.913777,0.913777,0.0,21.0,9.0,linear
30,201226,8351,8351,0.937473,0.937473,0.0,21.0,9.0,linear
31,197424,5851,5851,0.957519,0.957519,0.0,21.0,9.0,linear
32,194507,3815,3815,0.972366,0.972366,0.0,21.0,9.0,linear
33,192782,2417,2417,0.982868,0.982868,0.0,21.0,9.0,linear
34,191344,1547,1547,0.989553,0.989553,0.0,21.0,9.0,linear
35,190641,931,931,0.994026,0.994026,0.0,21.0,9.0,linear
36,189776,499,499,0.996907,0.996907,0.0,21.0,9.0,linear
37,189635,255,255,0.998513,0.998513,0.0,21.0,9.0,linear
38,189311,123,123,0.999303,0.999303,0.0,21.0,9.0,linear
39,189392,51,51,0.999715,0.999715,0.0,21.0,9.0,linear
40,189355,22,22,0.999884,0.999884,0.0,21.0,9.0,linear
41,189031,5,5,0.999974,0.999974,0.0,21.0,9.0,linear
42,189040,0,0,1.0,1.0,0.0,21.0,9.0,linear

