generation,size,female_size,fertile_female_size,rate_dr,rate_has_drive,drive_efficiency,drop_ratio,low_density_growth_rate,density_growth_curve
1,77919,49212,49212,0.0,0.0,0.0,25.5,5.0,linear
2,78253,49261,49261,0.0,0.0,0.0,25.5,5.0,linear
3,79044,49769,49769,0.0,0.0,0.0,25.5,5.0,linear
4,78994,49775,49775,0.0,0.0,0.0,25.5,5.0,linear
5,78823,49783,49783,0.0,0.0,0.0,25.5,5.0,linear
6,79244,50198,50198,0.0,0.0,0.0,25.5,5.0,linear
7,78609,50046,50046,0.0,0.0,0.0,25.5,5.0,linear
8,78707,50221,50221,0.0,0.0,0.0,25.5,5.0,linear
9,78888,50124,50124,0.0,0.0,0.0,25.5,5.0,linear
10,78216,49812,49812,0.0,0.0,0.0,25.5,5.0,linear
11,78507,50037,50037,0.0,0.0,0.0,25.5,5.0,linear
12,231731,49957,49957,0.561548,0.561548,0.0,25.5,5.0,linear
13,321186,56570,56570,0.641309,0.641309,0.0,25.5,5.0,linear
14,326777,59926,59926,0.644827,0.644827,0.0,25.5,5.0,linear
15,322893,58853,58853,0.667309,0.667309,0.0,25.5,5.0,linear
16,310251,53621,53621,0.707715,0.707715,0.0,25.5,5.0,linear
17,293910,44871,44871,0.758718,0.758718,0.0,25.5,5.0,linear
18,277287,34828,34828,0.809483,0.809483,0.0,25.5,5.0,linear
19,263563,25433,25433,0.855759,0.855759,0.0,25.5,5.0,linear
20,253417,17683,17683,0.896655,0.896655,0.0,25.5,5.0,linear
21,245672,11898,11898,0.929098,0.929098,0.0,25.5,5.0,linear
22,240346,7801,7801,0.954111,0.954111,0.0,25.5,5.0,linear
23,236184,4929,4929,0.971386,0.971386,0.0,25.5,5.0,linear
24,233765,3047,3047,0.98311,0.98311,0.0,25.5,5.0,linear
25,232009,1730,1730,0.990855,0.990855,0.0,25.5,5.0,linear
26,230680,912,912,0.995375,0.995375,0.0,25.5,5.0,linear
27,229967,447,447,0.997804,0.997804,0.0,25.5,5.0,linear
28,230157,210,210,0.999018,0.999018,0.0,25.5,5.0,linear
29,229823,84,84,0.999617,0.999617,0.0,25.5,5.0,linear
30,230085,33,33,0.999857,0.999857,0.0,25.5,5.0,linear
31,230109,12,12,0.999948,0.999948,0.0,25.5,5.0,linear
32,230902,5,5,0.999978,0.999978,0.0,25.5,5.0,linear
33,230421,3,3,0.999987,0.999987,0.0,25.5,5.0,linear
34,230289,3,3,0.999987,0.999987,0.0,25.5,5.0,linear
35,230029,0,0,1.0,1.0,0.0,25.5,5.0,linear

